row,name,article,supplier,volume,parallel,price,sale_price,free,reserve,pom_free,rev_free
7,Абсент Люксардо спиртной напиток 0.75л,УМ008А,РЕГИОН 50,0.75,,3107.41,,1.0,0,1.0,0
10,Абсент Абсолвент горькая настойка 0.5л,ЛД681Н,Ладога Дистрибьюшен,0.5,,1115.2,,75.0,0,75.0,0
14,Апероль (аперитив) 1.0л.,АИ956,АСТ-интернэшнл инваэронмэнт,1,ПИ,2376.54,,20.0,0,20.0,0
16,Кампари ликер 1.0л.,АИ970,АСТ-интернэшнл инваэронмэнт,1,ПИ,2949.75,,101.0,0,101.0,0
18,Мартини Ризерва Специале Биттер спиртной напиток 0.7л,БМ038А,Бакарди Рус ООО,0.7,,3443.72,,123.0,0,123.0,0
20,"Аперитив САНТО СТЕФАНО АПЕРИНИ 0,75л",ЕАГ033,ЕАГ Трейд ООО,0.75,,523.67,,336.0,0,336.0,0
21,"Аперитив САНТО СТЕФАНО БЬЯНКО 0,75л.",ЕАГ006,ЕАГ Трейд ООО,0.75,,523.67,,258.0,0,258.0,0
22,"Аперитив САНТО СТЕФАНО РОЗАТО 0,75л.",ЕАГ007,ЕАГ Трейд ООО,0.75,,523.67,,438.0,0,438.0,0
29,"Аперитив СОДЖУ СИБСА СИГНАЧА ЗЕМЛЯНИКА И ФИАЛКА 0,33л",ПО520,АСГ,0.33,,397.5,,12.0,0,12.0,0
30,"Аперитив СОДЖУ СИБСА СИГНАЧА ОРХИДЕЯ БЛИСС 0,33л",ПО519,АСГ,0.33,,397.5,,69.0,0,69.0,0
31,"Аперитив СОДЖУ СИБСА СИГНАЧА ЧЕРРИ БЛОССОМ 0,33л",ПО518,АСГ,0.33,,397.5,,162.0,0,162.0,0
32,"Аперитив СОДЖУ СИБСА СО ВКУСОМ ВИНОГРАД-АЛОЭ 0,375л",ПО508,АСГ,0.375,,244.84,,153.0,0,153.0,0
34,"Аперитив СОДЖУ СИБСА СО ВКУСОМ ГРЕЙПФРУТА 0,375л",ПО509,АСГ,0.375,,244.84,,477.0,0,477.0,0
35,"Аперитив СОДЖУ СИБСА СО ВКУСОМ ПЕРСИКА 0,375л",ПО510,АСГ,0.375,,244.84,,282.0,0,282.0,0
36,"Аперитив СОДЖУ СИБСА СО ВКУСОМ СЛИВЫ 0,375л",ПО511,АСГ,0.375,,244.84,,187.0,6.0,184.0,3.0
37,Аперитив СОДЖУ СО ВКУСОМ КЛУБНИКИ 0.375л,ПО512Н,АСГ,0.375,,244.84,,440.0,4.0,440.0,0
39,"Аперитив ""ФИНСКИЙ ЛЕД. ГОЛУБАЯ ЛАГУНА"" 0,375л",ЭЛ007,Эльбрус Спиритс ООО,0.375,,280.76,,2496.0,0,2496.0,0
42,Люксардо Аперетиво Верде спиртной напиток 0.7л,УМ118,РЕГИОН 50,0.7,,1173.83,,8.0,0,8.0,0
43,Люксардо Аперетиво спиртной напиток 0.75л,УМ002Н,РЕГИОН 50,0.75,,1753.65,,69.0,0,69.0,0
46,"Арманьяк Жанно Винтажная Коллекция 1968 дер п/у 0,7",ЛД1446-68,Ладога Дистрибьюшен,0.7,,36650.96,,1.0,0,1.0,0
47,Арманьяк Жанно Винтажная Коллекция 1992 0.7л дерев. п/у,ЛД1446-92,Ладога Дистрибьюшен,0.7,,15686.4,,1.0,0,1.0,0
48,Арманьяк Жанно Наполеон 0.7л. в п/у,ЛД141А,Ладога Дистрибьюшен,0.7,,5835.2,,3.0,0,3.0,0
51,"Бальзам «Брояница» Биттер имбирь с медом 0,5Л",МС325,Мистраль алко,0.5,,740.74,,58.0,0,58.0,0
52,"Бальзам «Брояница» Биттер травяной 0,05Л",МС315,Мистраль алко,0.05,,120.6,,64.0,0,64.0,0
53,"Бальзам «Брояница» Биттер травяной 0,5Л",МС315Л,Мистраль алко,0.5,,740.74,,58.0,0,58.0,0
55,"Бальзам ""Рижский Чёрный Бальзам со вкусом чёрной смородины"" 0,5л в керамической бутылке",БЛ935,Белуга Маркет Восток,0.5,,1782.0,,30.0,0,30.0,0
57,"Бальзам ""МУСТАГ"" 0,5Л",ОН072,Прометей,0.5,,733.51,,73.0,0,73.0,0
59,"Бальзам СИБИРСКИЙ. ПЯТЬ ОЗЕР 0,5л",ПО097,АСГ,0.5,,545.82,,141.0,0,141.0,0
63,ДУШЕВНЫЙ ТБИЛИСИ КВ 7 лет 0.5л.,ММ515,Маруся Бевереджис РУС,0.5,,1200.0,,2.0,0,2.0,0
64,Душевный Тбилиси ординарный пятилетний 40.0% 0.5л.,ММ315,Маруся Бевереджис РУС,0.5,,1130.0,,28.0,0,28.0,0
65,Душевный Тбилиси ординарный трехлетний 40.0% 0.5л.,ММ314,Маруся Бевереджис РУС,0.5,,1090.0,,12.0,0,12.0,0
67,"Бренди ""Алвиса Х.О."", минимальный срок выдержки 6 лет 0,5л",ЛС060,АЛВИСА ООО,0.5,,1823.03,,89.0,0,89.0,0
69,Торрес 10 Дабл Баррел бренди 0.7л. п/у,БЛ231Г,Белуга Маркет Восток,0.7,,3531.0,,1.0,0,1.0,0
70,Торрес 15 Резерва Привада 0.7л. п/у,БЛ984,Белуга Маркет Восток,0.7,,4382.0,,8.0,0,8.0,0
71,Торрес 15 Резерва Привада 0.7л. п/у,БЛ984Г,Белуга Маркет Восток,0.7,,4382.0,,1.0,0,1.0,0
72,Торрес 20 Орс д' Аж 0.7л. п/у,БЛ982,Белуга Маркет Восток,0.7,,9032.0,,1.0,0,1.0,0
74,Векья Романья 38% 0.7л.,АИ728,АСТ-интернэшнл инваэронмэнт,0.7,,1613.25,,3.0,0,3.0,0
78,Бастион пятилетний 0.5л,БЛ248,Белуга Маркет Восток,0.5,,902.5,,0,12.0,0,0
80,Коньяк Коктебель Резерв КВ 7 лет 0.05л,ПО375,АСГ,0.05,,135.32,,138.0,0,138.0,0
81,"Коньяк старый КС Коктебель 11 0,5л",ПО524,АСГ,0.5,,1947.1,,45.0,0,45.0,0
82,"Коньяк трехлетний Коктебель 40%, 0,5 л.",ПО076,АСГ,0.5,,692.47,,126.0,0,126.0,0
83,"Российский коньяк четырехлетний Коктебель 40%, 0,5 л.",ПО077,АСГ,0.5,,723.37,,19.0,0,19.0,0
85,"Бренди ""КВС"" торговой марки ""КРЫМСКИЙ СТАТУС"" 0,5Л",ОН027Л,Прометей,0.5,,807.88,673.24,504.0,0,504.0,0
86,"Бренди КВС торговой марки КРЫМСКИЙ СТАТУС 0,25л",ОН025,Прометей,0.25,,351.22,292.68,493.0,3.0,493.0,0
88,Бренди Рубин Виньяк 5 ВСОП 0.7л п/у,ЕР081,ЕвроТорг,0.7,,4049.29,,2.0,0,2.0,0
91,Принц Д Ариньяк Арманьк ВС 0.7л,ПВ224,ПРЕМЬЕР-ВИН,0.7,,4298.28,,5.0,0,5.0,0
92,Принц Д Ариньяк Арманьк ВС 0.7л,ПВ224Г,ПРЕМЬЕР-ВИН,0.7,,4298.28,,1.0,0,1.0,0
93,Принц Д Ариньяк Арманьк ХО 0.7л,ПВ225,ПРЕМЬЕР-ВИН,0.7,,5444.49,,2.0,0,2.0,0
95,"бренди ""Сан Реми XO"" 0,5л",РМ740Л,Руст Россия (РА),0.5,,1830.8,,1.0,0,1.0,0
99,Вермут Атха Оранж 1.0л,АИ1105,АСТ-интернэшнл инваэронмэнт,1,,2560.55,,2.0,0,2.0,0
100,Вермут Атха Сидр 1.0л,АИ1106,АСТ-интернэшнл инваэронмэнт,1,,2249.03,,1.0,0,1.0,0
102,Вермут Гарроне Антика Ричетта Бьянко 0.75л,АИ1278,АСТ-интернэшнл инваэронмэнт,0.75,,1776.06,,23.0,0,23.0,0
103,Вермут Гарроне Антика Ричетта Драй 0.75л,АИ1210,АСТ-интернэшнл инваэронмэнт,0.75,,1776.06,,6.0,0,6.0,0
104,Вермут Гарроне Антика Ричетта Россо 0.75л,АИ1282,АСТ-интернэшнл инваэронмэнт,0.75,,1776.06,,6.0,0,6.0,0
106,Мартини Бьянко вермут 0.5л,БМ005А,Бакарди Рус ООО,0.5,,1203.91,,229.0,0,229.0,0
107,Мартини Бьянко вермут 0.5л,БМ005Е,Бакарди Рус ООО,0.5,,1203.91,,119.0,0,119.0,0
108,Мартини Бьянко вермут 1.0л,БМ001А,Бакарди Рус ООО,1,,2258.13,,151.0,0,151.0,0
109,Мартини Бьянко вермут 1.0л,БМ001Е,Бакарди Рус ООО,1,,2258.13,,199.0,0,199.0,0
110,Мартини Ризерва Специале Амбрато вермут 0.75л,БМ036А,Бакарди Рус ООО,0.75,,2928.46,,21.0,0,21.0,0
111,Мартини Ризерва Специале Рубино вермут 0.75л,БМ037А,Бакарди Рус ООО,0.75,,2928.46,,30.0,0,30.0,0
112,Мартини Россо вермут 0.5л,БМ006В,Бакарди Рус ООО,0.5,,1203.91,,9.0,0,9.0,0
113,Мартини Россо вермут 1.0л,БМ002А,Бакарди Рус ООО,1,,2258.13,,223.0,0,223.0,0
114,Мартини Фиеро 14.9% 1.0л. + 2 бан.Индиан тоник Rich 0.33л. п/у,БМ041Р,Бакарди Рус ООО,1,,2258.13,,204.0,0,204.0,0
115,Мартини Фиеро вермут 0.5л,БМ042А,Бакарди Рус ООО,0.5,,1203.91,,155.0,0,155.0,0
117,Мартини Фиеро вермут 1.0л,БМ041А,Бакарди Рус ООО,1,,2258.13,,1024.0,0,1024.0,0
118,Мартини Экстра Драй вермут 0.5л,БМ008В,Бакарди Рус ООО,0.5,,1203.91,,48.0,0,48.0,0
119,Мартини Экстра Драй вермут 1.0л,БМ004А,Бакарди Рус ООО,1,,2258.13,,118.0,0,118.0,0
120,Набор Мартини Бьянко 15% 1.0л. + 2 бан.Индиан тоник Rich 0.33л п/у,БМ001Р,Бакарди Рус ООО,1,,2258.13,,204.0,0,204.0,0
122,Скейпгрейс Вермут Ред 0.75л,АИ1355,АСТ-интернэшнл инваэронмэнт,0.75,,4538.43,,6.0,0,6.0,0
123,Скейпгрейс Вермут Уайт 0.75л,АИ1353,АСТ-интернэшнл инваэронмэнт,0.75,,4916.63,,4.0,0,4.0,0
125,"Напиток сладкий ""ВЕРМУТ ДЕЛАСИ БОТАНИКАЛ ХЕРБ. БЕЛЫЙ"" 1,0Л",ЛС073,АЛВИСА ООО,1,,742.77,,278.0,0,278.0,0
129,Аперитиво Американо Кокки Роса 0.75л.,УМ055А,РЕГИОН 50,0.75,,3260.91,,6.0,0,6.0,0
130,Кокки Аперитиво Американо аром. Вин. напиток из виноградного сырья сладкий 0.75л.,УМ054А,РЕГИОН 50,0.75,,3260.91,,8.0,0,8.0,0
132,Газ.вин.нап. М. С. Дольче 8.5% 24*0.25л.,БМ1013,Бакарди Рус ООО,0.25,,588.76,,548.0,0,548.0,0
133,Газ.вин.нап. Мартини Розато 10% 24*0.25л.,БМ1011,Бакарди Рус ООО,0.25,,588.76,,482.0,0,480.0,2.0
134,Газ.вин.нап. Мартини Секко 10% 24*0.25л.,БМ1012,Бакарди Рус ООО,0.25,,588.76,,600.0,0,600.0,0
137,"Вино ординарное полусладкое красное «АМАЧАР» 0,75Л",МС324,Мистраль алко,0.75,,1610.35,,12.0,0,12.0,0
138,"Вино ординарное полусладкое красное «РИГЗА» 0,75Л",МС331,Мистраль алко,0.75,,464.98,,30.0,0,30.0,0
139,"Крепленое вино десертное выдержанное ""Букет Абхазии"" 0,75Л",МС004Д,Мистраль алко,0.75,,1021.12,,108.0,0,108.0,0
140,РАДЕДА красное сухое 0.75л,УМ145,РЕГИОН 50,0.75,,1388.15,,60.0,0,60.0,0
142,"Вино выдержанное сортовое сухое белое ""Шардоне Сухумское"" ТМ ""Традиции Абхазии"" 0,75Л",АМ168В,Русвинторг,0.75,,906.83,,17.0,0,17.0,0
143,"Вино ординарное сортовое полусладкое красное ""Изабелла Абхазская"" ""Традиции Абхазии"" 0,75Л",АМ167О,Русвинторг,0.75,,906.83,,19.0,0,19.0,0
144,Каберне Сухумское Традиции Абхазии красное сухое 0.75л,АМ169А,Русвинторг,0.75,,906.82,,24.0,0,24.0,0
146,"Вино  белое сухое СильверГам Шардонне 0,75л.",ОН033,Прометей,0.75,,727.0,,6.0,0,6.0,0
147,"Вино красное, полусухое, столовое Джинда-Ли Каберне Совиньон 0,75л.",ОН031,Прометей,0.75,,797.18,,3.0,0,3.0,0
148,"Вино столовое Джинда-Ли Шардонне белое полусухое 0,75л.",ОН032,Прометей,0.75,,797.18,,10.0,0,10.0,0
149,Джейкобс Крик Классик Каберне Совиньон красное сухое вино 0.75л,ЛИ102,ЛВК & Логистик ООО,0.75,,1023.5,,4.0,0,4.0,0
150,Джейкобс Крик Классик Шираз красное сухое вино 0.75л,ЛИ097,ЛВК & Логистик ООО,0.75,,1023.5,,6.0,0,6.0,0
151,Дэд Арм красное сухое вино 0.75л д'Аренберг,ФР239,Форт Виноторговая компания,0.75,,10526.36,,5.0,0,5.0,0
153,Кукабара Каберне Совиньон полусухое красное креп. 14% 0.75л.,ЛД249П,Ладога Дистрибьюшен,0.75,,830.96,,52.0,0,52.0,0
154,Лав Грасс Шираз красное сухое вино 0.75л,ФР219,Форт Виноторговая компания,0.75,,3936.81,,41.0,0,41.0,0
155,Олд Бин Трак Каберне Совиньон красное сухое 0.75л,ФР011,Форт Виноторговая компания,0.75,,2199.83,,28.0,0,28.0,0
157,Кембридж Кроссинг Каберне Совиньон красное сухое 0.75л.,АИ630,АСТ-интернэшнл инваэронмэнт,0.75,,1570.73,,18.0,0,17.0,0
158,Кембридж Кроссинг Шираз сорт выд красное сухое 0.75л.,АИ533А,АСТ-интернэшнл инваэронмэнт,0.75,,1517.2,,17.0,0,17.0,0
159,Рингланд Баросса Шираз красное сухое вино 0.75л,ФР167,Форт Виноторговая компания,0.75,,6420.33,,47.0,0,47.0,0
160,Роки Галли Каберне красное сухое вино 0.75л,ФР264,Форт Виноторговая компания,0.75,,3772.57,,4.0,0,4.0,0
161,Роки Галли Рислинг белое сухое 0.75л,ФР013,Форт Виноторговая компания,0.75,,3772.57,,4.0,0,4.0,0
162,Роки Галли Шираз красное сухое 0.75л,ФР014,Форт Виноторговая компания,0.75,,3772.57,,13.0,0,13.0,0
163,Футболт Шираз красное сухое 0.75л,ФР015,Форт Виноторговая компания,0.75,,3936.81,,6.0,0,6.0,0
164,Эрмит Краб белое сухое вино 0.75л д'Аренберг,ФР260,Форт Виноторговая компания,0.75,,3483.9,,6.0,0,6.0,0
166,Корал Риф Совиньон Блан белое сухое вино 0.75л,СЧ001,Фирма С-2,0.75,,1969.85,,3.0,0,3.0,0
167,Корал Риф Шардоне-Семийон белое сухое вино 0.75л,СЧ002,Фирма С-2,0.75,,1969.85,,18.0,0,18.0,0
168,Корал Риф Шираз-Каберне Совиньон красное сухое вино 0.75л,СЧ003,Фирма С-2,0.75,,1969.85,,18.0,0,18.0,0
169,МАДИ БУТС ПИНО ГРИДЖИО сорт орд сух белое 0.75л.,ПВ1141,ПРЕМЬЕР-ВИН,0.75,,1586.03,,1.0,0,1.0,0
170,МАДИ БУТС СОВИНЬОН БЛАН сорт орд сух белое 0.75л.,ПВ1142,ПРЕМЬЕР-ВИН,0.75,,1586.03,,43.0,0,43.0,0
171,"МАДИ БУТС ШАРДОНЕ сорт орд сухое белое    0,75л.",ПВ136А,ПРЕМЬЕР-ВИН,0.75,,1559.38,,7.0,0,7.0,0
173,3 Джэйлбердс  Каберне Совиньон красное сухое 0.75л.,ТЛ048,Ритейл Логистик ООО,0.75,,1131.35,,3.0,0,3.0,0
174,3 Джэйлбердс Пино Гриджо сорт орд бел сух 0.75л.,ТЛ001,Ритейл Логистик ООО,0.75,,1680.05,,3.0,0,3.0,0
175,3 Джэйлбердс Совиньон Блан сорт орд бел сухое 0.75л.,ТЛ002,Ритейл Логистик ООО,0.75,,1680.05,,12.0,0,12.0,0
176,3 Джэйлбердс Шардоне сорт орд бел сух 0.75л.,ТЛ049,Ритейл Логистик ООО,0.75,,833.75,,1.0,0,1.0,0
177,3 Джэйлбердс Шираз сорт орд красное сухое 0.75л.,ТЛ050,Ритейл Логистик ООО,0.75,,1029.71,,24.0,0,24.0,0
180,8 Виньярдс Хайдебоден Вайс белое сухое вино 0.75л,СЧ005,Фирма С-2,0.75,,3634.94,,5.0,0,5.0,0
181,8 Виньярдс Хайдебоден Рот красное сухое вино 0.75л,СЧ004,Фирма С-2,0.75,,2841.14,,5.0,0,5.0,0
182,8 Виньярдс Цвайгельт красное сухое вино 0.75л,СЧ006,Фирма С-2,0.75,,3634.94,,2.0,0,2.0,0
183,"Вино белое сухое ""Ниттнаус Рислинг Селекшн"", год урожая 2024, 0,75л",ФР008-24,Форт Виноторговая компания,0.75,,3175.33,,38.0,0,38.0,0
184,Штигельмар Вельшрислинг Бургенланд сухое белое 0.75л,ЛД1151А,Ладога Дистрибьюшен,0.75,,1830.5,,2.0,0,2.0,0
185,Штигельмар Грюнер Вельтлинер Пур Бургенланд сорт орд сухое белое 0.75л,ЛД489С,Ладога Дистрибьюшен,0.75,,1239.15,,12.0,0,12.0,0
186,Вельшрислинг  ШЛОСС РАГГЕНДОРФ белое сухое вино 0.75л,СТ003,ВайнСпиритс ООО,0.75,,895.24,,24.0,0,24.0,0
187,Весцели Грюнер Вельтлинер Феликс белое сухое вино 0.75л,АИ1319,АСТ-интернэшнл инваэронмэнт,0.75,,2041.88,,9.0,0,9.0,0
188,Вольмут Рид Гола Мориллон белое сухое вино 0.75л,ФР254,Форт Виноторговая компания,0.75,,7729.28,,1.0,0,1.0,0
189,Вольмут Совиньон Блан белое сухое 0.75л,ФР005,Форт Виноторговая компания,0.75,,4514.14,,5.0,0,5.0,0
191,Вино Совиньон Блан Граасл белое сухое 0.75,АИ1085,АСТ-интернэшнл инваэронмэнт,0.75,,2801.86,,5.0,0,5.0,0
192,Вино Шардоне Ротенберг Граасл белое сухое 0.75,АИ1086,АСТ-интернэшнл инваэронмэнт,0.75,,5176.02,,8.0,0,8.0,0
193,Грюнер Вельтлинер сухое белое 0.75л. Грассл,АИ502,АСТ-интернэшнл инваэронмэнт,0.75,,2266.58,,3.0,0,3.0,0
194,Зоннхоф Грюнер Вельтлинер белое сухое 0.75л,АИ1276,АСТ-интернэшнл инваэронмэнт,0.75,,2891.36,,5.0,0,5.0,0
197,"Вундерверк Св-рот красное Вайнфиртель п/сух 0,75л",ТЛ098,Ритейл Логистик ООО,0.75,,1074.62,,5.0,0,5.0,0
199,Хубер Грюнер Вельтлинер Вижн белое сухое 0.75л,ЛД1666,Ладога Дистрибьюшен,0.75,,2045.75,,28.0,0,28.0,0
200,Хубер Грюнер Вельтлинер Террассен белое сухое 0.75л,ЛД1701,Ладога Дистрибьюшен,0.75,,2152.5,,2.0,0,2.0,0
201,Хубер Рислинг Энгельсберг белое полусухое 0.75л,ЛД1658,Ладога Дистрибьюшен,0.75,,3767.75,,7.0,0,7.0,0
202,Ниттнаус Айсвайн Эксквизит белое сладкое вино 0.375л,ФР243,Форт Виноторговая компания,0.375,,6957.85,,6.0,0,6.0,0
203,Ниттнаус Блауфранкиш Селекшн красное сухое 0.75л,ФР006,Форт Виноторговая компания,0.75,,2976.25,,13.0,0,13.0,0
204,Ниттнаус Грюнер Вельтлинер Селекшн белое сухое 0.75л,ФР007,Форт Виноторговая компания,0.75,,2976.25,,45.0,0,45.0,0
205,Ниттнаус Пино Нуар Селекшн красное сухое вино 0.75л,ФР075,Форт Виноторговая компания,0.75,,2976.25,,21.0,0,21.0,0
206,Ниттнаус Розе Цвайгельт розовое сухое 0.75л,ФР009,Форт Виноторговая компания,0.75,,2976.25,,10.0,0,10.0,0
207,Ниттнаус Совиньон Блан Селекшн белое сухое 0.75л,ФР010,Форт Виноторговая компания,0.75,,3175.33,,20.0,0,20.0,0
209,Петер-Пауль Грюнер Вельтлинер сорт ордин  сухое белое 0.75л.,ЛД268А,Ладога Дистрибьюшен,0.75,,2511.25,,7.0,0,7.0,0
211,Блауер Цвайгельт сорт орд красное сухое Квалитетсвайн 0.75л.,УМ038А,РЕГИОН 50,0.75,,708.31,,1.0,0,1.0,0
212,Цвайгельт Классик Грассль красное сухое 0.75л,АИ1275,АСТ-интернэшнл инваэронмэнт,0.75,,2516.67,,9.0,0,9.0,0
213,Цвайгельт Розе  ШЛОСС РАГГЕНДОРФ розовое сухое вино 0.75л,СТ001,ВайнСпиритс ООО,0.75,,895.24,,28.0,0,28.0,0
214,Штадльман Розе Сент Лорен розовое сухое вино 0.75л,ФР247,Форт Виноторговая компания,0.75,,3060.86,,12.0,0,12.0,0
217,"Вино сортовое сухое белое «Аз Абрау Баяншира» 0,75л",АБ160С,Абрау-Дюрсо,0.75,,700.14,,25.0,0,25.0,0
218,Азербайджан сухое красное 0.75л. (стар. диз.),АИ110А,АСТ-интернэшнл инваэронмэнт,0.75,,616.01,,24.0,0,24.0,0
219,"Вино белое сухое Старый Баку Садыллы 0,375л.",ИА007,ИВК Альтернатива ООО,0.375,,480.42,,72.0,0,72.0,0
220,"Вино выдержанное белое полусладкое ""Старый Баку"" ""Семь Красавиц"" 0,375Л",ИА004,ИВК Альтернатива ООО,0.375,,480.42,,153.0,0,153.0,0
221,"Вино выдержанное сортовое красное полусладкое ""Старый Баку"" ""Чинар"" 0,375Л",ИА003,ИВК Альтернатива ООО,0.375,,480.42,,75.0,0,75.0,0
222,"Вино выдержанное сортовое красное сухое ""Старый Баку"" ""Матраса"" 0,375Л",ИА002,ИВК Альтернатива ООО,0.375,,480.42,,39.0,0,39.0,0
223,"Вино выдержанное сортовое полусладкое красное ""СЕВГИЛИМ "" 0,75Л",ИА006,ИВК Альтернатива ООО,0.75,,974.99,,84.0,0,84.0,0
224,"Вино выдержанное сортовое полусухое красное ""ШИРВАН "" 0,75Л",ИА011,ИВК Альтернатива ООО,0.75,,974.99,,42.0,0,42.0,0
225,"Вино марочное сортовое сухое красное ""АЗЕРБАЙДЖАН"" 0,75Л",ИА005,ИВК Альтернатива ООО,0.75,,990.29,,56.0,0,56.0,0
226,"Вино полусладкое белое СЕВГИЛИМ 0,75л.",ИА008,ИВК Альтернатива ООО,0.75,,974.99,,60.0,0,60.0,0
227,"Вино полусладкое красное Алазанская Долина 0,75л.",ИА010,ИВК Альтернатива ООО,0.75,,1678.79,,25.0,0,25.0,0
228,"Вино полусладкое красное Киндзмараули 0,75л.",ИА009,ИВК Альтернатива ООО,0.75,,1762.94,,47.0,2.0,47.0,0
230,Вино Джейран Чинар красное полусладкое 0.75,АИ852А,АСТ-интернэшнл инваэронмэнт,0.75,,616.01,,15.0,0,15.0,0
231,"Вино ординарное ""Джейран ""Тауз"" полусухое красное 0,75л",АИ851Н,АСТ-интернэшнл инваэронмэнт,0.75,,616.01,,9.0,0,9.0,0
232,"Джейран ""Ахсу"" ординарное полусухое белое 0.75л. (нов. диз)",АИ111О,АСТ-интернэшнл инваэронмэнт,0.75,,616.01,,11.0,0,11.0,0
233,"Джейран ""Баян - Ширей сортовое ординарное полусладкое белое 0.75л.",АИ850,АСТ-интернэшнл инваэронмэнт,0.75,,492.47,,21.0,0,21.0,0
234,"Джейран ""Гёкгель ординарное полусухое красное 0.75л. (нов. диз.)",АИ112О,АСТ-интернэшнл инваэронмэнт,0.75,,616.01,,15.0,0,15.0,0
235,"Джейран ""Садыллы"" белое сухое 0.75л (нов.диз.)",АИ118О,АСТ-интернэшнл инваэронмэнт,0.75,,616.01,,23.0,0,23.0,0
236,"Джейран ""Шахдаг"" ординарное полусладкое красное 0.75л. (нов. диз.)",АИ113О,АСТ-интернэшнл инваэронмэнт,0.75,,616.01,,12.0,0,12.0,0
237,Джейран Гранат красное полусладкое 0.75л,АИ1258,АСТ-интернэшнл инваэронмэнт,0.75,,592.39,,166.0,0,166.0,0
238,Джейран Матраса красное сухое 0.75л. (нов.диз.),АИ602А,АСТ-интернэшнл инваэронмэнт,0.75,,616.01,,27.0,0,27.0,0
240,Абрасадо Торронтес сухое белое 0.75л.,ПВ108,ПРЕМЬЕР-ВИН,0.75,,1253.5,,3.0,0,3.0,0
241,Демонс энд Энджелс Мальбек красное полусухое вино 0.75л,ФР079,Форт Виноторговая компания,0.75,,1926.1,,23.0,0,23.0,0
242,Демонс энд Энджелс Торронтес белое полусухое вино 0.75л,ФР080,Форт Виноторговая компания,0.75,,1926.1,,17.0,0,17.0,0
243,Джой Мальбек Бонарда красное сухое вино 1.125л,ФР208,Форт Виноторговая компания,1.125,,1677.25,935.0,33.0,0,33.0,0
244,Джой Шардоне Шенен Блан белое сухое вино 1.125л,ФР209,Форт Виноторговая компания,1.125,,1677.25,935.0,21.0,0,21.0,0
246,Альта Виста ВИВ Мальбек красное сухое 0.75л,ФР002,Форт Виноторговая компания,0.75,,2239.65,,20.0,0,20.0,0
247,Альта Виста ВИВ Торронтес белое сухое 0.75л,ФР003,Форт Виноторговая компания,0.75,,2239.65,,10.0,0,10.0,0
248,Альта Виста ВИВ Шардоне белое сухое 0.75л,ФР195,Форт Виноторговая компания,0.75,,2239.65,,48.0,0,48.0,0
249,Альта Виста Мальбек Премиум красное сухое 0.75л,ФР004,Форт Виноторговая компания,0.75,,3314.68,,18.0,0,18.0,0
250,"Вино сухое красное Кайкен Авентура Мальбек Лос Чакайес Норте 0,75л",ВК432,ВИНИКОМ ООО,0.75,,5321.33,,9.0,0,9.0,0
251,ВЭРИ Торронтес белое сухое 0.75л,ПВ214,ПРЕМЬЕР-ВИН,0.75,,801.72,,4.0,0,4.0,0
252,ГРАН ТОНЕЛЬ 137 МАЛЬБЕК сорт выд сухое красное 0.75л.,ПВ1045А,ПРЕМЬЕР-ВИН,0.75,,3621.22,,5.0,0,5.0,0
253,Лос Пасос Мальбек сорт орд сухое красное 0.75л.,ЛД1100А,Ладога Дистрибьюшен,0.75,,1076.25,,109.0,0,109.0,0
254,Лос Пасос Шардоне белое сухое вино 0.75л,ЛД1755,Ладога Дистрибьюшен,0.75,,1041.15,,29.0,0,29.0,0
255,ТОНЕЛЬ 46 ШАРДОНЕ РЕЗЕРВА сухое белое 0.75л.,ПВ1046А,ПРЕМЬЕР-ВИН,0.75,,1809.34,,1.0,0,1.0,0
256,Перро Калльехеро Пино Нуар красное сухое вино 0.75л,ПВ241,ПРЕМЬЕР-ВИН,0.75,,1629.55,,2.0,0,2.0,0
257,Писпи Блэнд Де Тинтас красное сухое вино 0.75л,ПВ242,ПРЕМЬЕР-ВИН,0.75,,2467.75,,4.0,0,4.0,0
258,ПОЛО ПАМПА Мальбек Сира красное сухое вино 0.75л,ФР077,Форт Виноторговая компания,0.75,,1388.58,775.0,29.0,0,29.0,0
259,Поло Пампа Шардонне Шенен белое полусухое 0.75л,ФР089,Форт Виноторговая компания,0.75,,1388.58,775.0,78.0,0,78.0,0
261,Леонардо Бьянко 12% столовое белое полусухое 0.187л.,АГ099,Вино он-лайн АГ,0.187,,285.48,,28.0,0,28.0,0
263,Тамари Мальбек Спешл Селекшн красное сухое 0.75л,АИ1279,АСТ-интернэшнл инваэронмэнт,0.75,,1677.78,,2.0,0,2.0,0
264,Тамари Мальбек сухое красное 0.75л,АИ621С,АСТ-интернэшнл инваэронмэнт,0.75,,1294.31,,1.0,0,1.0,0
265,Тонель 78 Мальбек-Бонарда красное сухое 0.75л,ПВ178А,ПРЕМЬЕР-ВИН,0.75,,2632.35,,3.0,0,3.0,0
268,"Вино сухое белое ИН АРЕНИ 0,75л",ФБ414,Блэк Вотч Спиритс ООО,0.75,,2064.79,,61.0,0,61.0,0
269,"Вино сухое красное ИН АРЕНИ 0,75л",ФБ415,Блэк Вотч Спиритс ООО,0.75,,2064.79,,49.0,0,49.0,0
270,"Вино сухое розовое ИН АРЕНИ 0,75л",ФБ416,Блэк Вотч Спиритс ООО,0.75,,2064.79,,37.0,0,37.0,0
272,Армения белое полусладкое вино 0.75л,УМ209,РЕГИОН 50,0.75,,799.2,,42.0,0,42.0,0
273,Армения белое сухое вино 0.75л,УМ198,РЕГИОН 50,0.75,,799.2,,30.0,0,30.0,0
274,Армения Гранатовое полусладкое 0.75л,УМ199,РЕГИОН 50,0.75,,789.75,,94.0,0,94.0,0
275,Армения Ежевичное полусладкое 0.75л,УМ200,РЕГИОН 50,0.75,,789.75,,93.0,0,93.0,0
276,Армения красное полусладкое вино 0.75л,УМ208,РЕГИОН 50,0.75,,799.2,,42.0,0,42.0,0
277,Армения красное сухое вино 0.75л,УМ196,РЕГИОН 50,0.75,,799.2,,42.0,0,42.0,0
278,Орран Арени Мальбек розовое сухое вино 0.75л,УМ197,РЕГИОН 50,0.75,,668.25,,12.0,0,12.0,0
280,"ВЕДИ АЛКО ГРАНАТ 0,75л.Алк.  Плод.красная полусладкая п/у",ВЕД002,Веди Трейд ООО,0.75,,1054.8,,25.0,0,25.0,0
281,Нораванк бай Ин Арени красное сухое вино 0.75л,ММ014,Маруся Бевереджис РУС,0.75,,853.12,,103.0,0,103.0,0
283,КЛАССИ ДЖЕССИ Шардоне белое сухое 0.75л,ПВ1243,ПРЕМЬЕР-ВИН,0.75,,1264.9,,9.0,0,9.0,0
284,КОКОКЕМЕЛ Гевюрцтраминер белое полусладкое 0.75л,ПВ1244,ПРЕМЬЕР-ВИН,0.75,,1074.61,,2.0,0,2.0,0
286,Койбой мерло розе сорт сухое розовое 0.75л.,ПВ176А,ПРЕМЬЕР-ВИН,0.75,,849.29,,1.0,0,1.0,0
288,ПАМПИНГ ДЖЭК Мерло сорт сухое красное 0.75л.,ПВ1175,ПРЕМЬЕР-ВИН,0.75,,1082.57,,15.0,0,15.0,0
290,Гетц Токай Фурминт Драй белое сухое вино 0.75л,СЧ007,Фирма С-2,0.75,,1558.3,,13.0,0,13.0,0
291,Гетц Токай Фурминт Семи-Свит белое полусладкое вино 0.75л,СЧ008,Фирма С-2,0.75,,1558.3,,5.0,0,5.0,0
292,Готц Токай Асу 6 путтоней белое сладкое вино 0.5л,СЧ009,Фирма С-2,0.5,,5807.03,,1.0,0,1.0,0
293,Токай Асу 5 Путтоньш белое сладкое вино 0.5л,СЧ010,Фирма С-2,0.5,,3693.24,,6.0,0,6.0,0
294,Токай Дересла Фурминт белое полусладкое 0.75л,ФР090,Форт Виноторговая компания,0.75,,2682.6,,15.0,0,15.0,0
296,Альфред Меркельбах Рислинг трокен белое сухое вино 0.75л,ФР134,Форт Виноторговая компания,0.75,,4568.89,,9.0,0,9.0,0
298,Бекштайнер Вайнхаус Шпэтбургундер красное сухое 0.75л,ЛД1266,Ладога Дистрибьюшен,0.75,,1650.25,,11.0,0,11.0,0
299,Винцер фон Баден Рислинг Мускателлер полусухое белое 0.75л.,ЛД1057А,Ладога Дистрибьюшен,0.75,,1865.5,,49.0,0,49.0,0
300,Дюрбахер Баден Плауэльрайн Кабинет Рислинг сорт орд сухое белое 0.75л.,ЛД565А,Ладога Дистрибьюшен,0.75,,2189.09,,1.0,0,1.0,0
302,Бекштайнер Винцер Фрайханд Рислинг белое полусухое 0.75л,ЛД1036Н,Ладога Дистрибьюшен,0.75,,1562.55,,5.0,0,5.0,0
303,Бекштайнер Рислинг белое полусухое вино 0.75л,ЛД1239А,Ладога Дистрибьюшен,0.75,,1758.75,,86.0,0,86.0,0
304,Вайнгут Винтер Диттельсхайм Рислинг Эрстен Лаген белое сухое вино 0.75л,ФР078,Форт Виноторговая компания,0.75,,6788.63,,18.0,0,18.0,0
305,Вайнгут Экономират Ребхольц Рислинг трокен белое сухое вино 0.75л,ФР220,Форт Виноторговая компания,0.75,,5479.68,,6.0,0,6.0,0
306,Вайнгут Экономират Ребхольц Шпетбургундер трокен красное сухое вино 0.75л,ФР221,Форт Виноторговая компания,0.75,,9321.92,,6.0,0,6.0,0
308,Вилла Вольф Пино Нуар Розе полусухое розовое вино 0.75л,АИ1344,АСТ-интернэшнл инваэронмэнт,0.75,,1680.71,,22.0,0,22.0,0
309,Вино Вилла Вольф Гевюрцтраминер белое полусухое вино 0.75л,АИ1058А,АСТ-интернэшнл инваэронмэнт,0.75,,1680.71,,18.0,0,18.0,0
310,Вино Вилла Вольф Пино Нуар красное сухое 0.75,АИ1087,АСТ-интернэшнл инваэронмэнт,0.75,,2195.51,,8.0,0,8.0,0
312,Винцер фон Баден Рислинг - Гевюрцтраминер орд полусладкое белое 0.75л.,ЛД1126,Ладога Дистрибьюшен,0.75,,1937.25,,7.0,0,7.0,0
313,Винцер фон Баден Рислинг полусухое белое 0.75л,ЛД1018С,Ладога Дистрибьюшен,0.75,,1793.75,,73.0,0,73.0,0
314,Граф Йохан 4 Рислинг Трокен Рейнгау белое сухое вино 0.75л,ФР223,Форт Виноторговая компания,0.75,,2727.4,,13.0,0,13.0,0
315,Зельбах Рислинг Инклайн белое сухое вино 0.75л,ФР081,Форт Виноторговая компания,0.75,,3498.83,,55.0,0,55.0,0
316,Кранц Рислинг трокен белое сухое вино 1.0л,ФР084,Форт Виноторговая компания,1,,4115.98,,9.0,0,9.0,0
317,Кранц Шпетбургундер Пфальц красное сухое вино 0.75л,ФР085,Форт Виноторговая компания,0.75,,2916.52,,8.0,0,8.0,0
319,Майбах Вайссер Бургундер полусухое белое 0.75л,ОМ135А,ТОРГОВЫЙ ДОМ АРОМА,0.75,,1172.5,,12.0,0,12.0,0
320,Майбах Рислинг Зюсс сладкое белое  0.75л,ОМ075А,ТОРГОВЫЙ ДОМ АРОМА,0.75,,1061.29,,6.0,0,6.0,0
321,Майбах Рислинг Трокен полусухое белое 0.75л,ОМ074С,ТОРГОВЫЙ ДОМ АРОМА,0.75,,1073.65,,6.0,0,6.0,0
322,Майбах Совиньон Блан Файнхерб полусладкое белое 0.75л,ОМ137А,ТОРГОВЫЙ ДОМ АРОМА,0.75,,1146.41,,12.0,0,12.0,0
323,Майбах Шардоне полусухое белое 0.75л,ОМ286А,ТОРГОВЫЙ ДОМ АРОМА,0.75,,1070.9,,8.0,0,8.0,0
325,БЛЭК НАЙТ АЙСВАЙН сорт сладкое белое 0.375л.,ПВ1246,ПРЕМЬЕР-ВИН,0.375,,5063.37,,8.0,0,8.0,0
326,Петер Мертес Рислинг Кабинет сорт полусухое белое 0.75л.,ПВ007С,ПРЕМЬЕР-ВИН,0.75,,1412.1,,23.0,0,23.0,0
327,Рислинг КАБИНЕТ серия ГОЛД ЭДИШН белое полусладкое 0.75л,ПВ1174,ПРЕМЬЕР-ВИН,0.75,,1819.27,,12.0,0,12.0,0
328,Рислинг КАБИНЕТ серия ГОЛД ЭДИШН белое сухое 0.75л,ПВ130А,ПРЕМЬЕР-ВИН,0.75,,1819.27,,10.0,0,10.0,0
329,Рислинг полусухое белое Петер Мертес 0.75л,АИ573С,АСТ-интернэшнл инваэронмэнт,0.75,,1077.98,,69.0,0,69.0,0
331,"Вино сортовое ординарное «Риттерштольц Рислинг» полусухое белое 0,75Л",ЛД1429О,Ладога Дистрибьюшен,0.75,,1578.5,,19.0,0,19.0,0
332,"ЛИЗАРД РИСЛИНГ сорт бел п/слад 0,75л.",ОМ129,ТОРГОВЫЙ ДОМ АРОМА,0.75,,864.96,,22.0,0,22.0,0
333,"ЛИЗАРД РИСЛИНГ ТРОКЕН  белое полусухое 0,75",ОМ076,ТОРГОВЫЙ ДОМ АРОМА,0.75,,897.91,,27.0,0,27.0,0
335,"Вино полусухое белое Кидрихер Клостерберг Рислинг Трокен 0,75л",ВК469,ВИНИКОМ ООО,0.75,,3221.85,,6.0,0,6.0,0
337,"Вино сортовое ординарное «Риттерштольц Грюнер Вельтлинер» полусухое белое 0,75Л",ЛД1428,Ладога Дистрибьюшен,0.75,,1144.0,,24.0,0,24.0,0
338,Георг Штайнмец ПИНО НУАР РОЗЕ сорт полусухое розовое 0.75л.,ПВ1242,ПРЕМЬЕР-ВИН,0.75,,1049.65,,19.0,0,19.0,0
339,Георг Штайнмец ПИНО НУАР сорт сух красное 0.75л.,ПВ1180,ПРЕМЬЕР-ВИН,0.75,,1454.82,,1.0,0,1.0,0
340,Георг Штайнмец РИСЛИНГ сорт сух бел 0.75л.,ПВ1181,ПРЕМЬЕР-ВИН,0.75,,1609.36,,18.0,0,18.0,0
341,Лизард Пино Нуар Розе полусухое розовое 0.75л,ОМ350,ТОРГОВЫЙ ДОМ АРОМА,0.75,,439.34,,72.0,0,72.0,0
343,Ривер Рут Гевюрцтраминер Пфальц полусладкое белое 0.75л,ЛД1135,Ладога Дистрибьюшен,0.75,,1506.75,,333.0,0,333.0,0
344,Ривер Рут Рислинг Рейнхессен полусухое белое 0.75л,ЛД1481,Ладога Дистрибьюшен,0.75,,1524.25,,194.0,0,194.0,0
345,Рислинг Алте Ребен Карл Левен белое полусухое вино 0.75л,ВК515,,0.75,,4615.13,,21.0,0,21.0,0
346,Эрнст Лоозен Дер Катер белое сухое вино 0.75л,АИ1380,АСТ-интернэшнл инваэронмэнт,0.75,,1445.85,,20.0,0,20.0,0
347,Эрнст Людвиг Пино Нуар драй красное сухое 0.75л,ФР091,Форт Виноторговая компания,0.75,,2155.04,1185.0,34.0,0,34.0,0
348,Эрнст Людвиг Рислинг драй белое сухое вино 0.75л,ФР034,Форт Виноторговая компания,0.75,,2026.35,1115.0,455.0,10.0,455.0,0
350,Кир-Янни Наусса красное сухое вино 0.75л,ФР083,Форт Виноторговая компания,0.75,,3877.08,,6.0,0,6.0,0
351,Мега Спилео 3 Кюве белое сухое вино 0.75л,АИ1322,АСТ-интернэшнл инваэронмэнт,0.75,,2114.78,,6.0,0,6.0,0
352,Сигалас Санторини белое сухое вино 0.75л,ФР234,Форт Виноторговая компания,0.75,,10317.32,,3.0,0,3.0,0
354,Алазанская долина белое полусалдкое 0.75л Бадагони,ПО367,АСГ,0.75,,696.34,,30.0,0,30.0,0
355,Алазанская Долина белое полусладкое 0.75л КиндзмараулиМарани,ФР020,Форт Виноторговая компания,0.75,,1358.72,,24.0,0,24.0,0
356,Алазанская долина красное полусладкое 0.75л Бадагони,ПО368,АСГ,0.75,,726.02,,30.0,0,30.0,0
357,Алазанская Долина красное полусладкое 0.75л КиндзмараулиМарани,ФР021,Форт Виноторговая компания,0.75,,1383.61,,24.0,0,24.0,0
359,Киндзмараули полусладкое красное 0.75л Бадагони,НЦ157А,Национальные Алкогольные Традиции,0.75,,825.8,,-6.0,6.0,-6.0,0
361,Алазанская долина красное полусладкое 0.75л. Бессини,АГ212Н,Вино он-лайн АГ,0.75,,636.72,,3.0,0,3.0,0
363,"Хихви Квеври выдержанное сортовое сухое белое 0,75Л.",ВК354,ВИНИКОМ ООО,0.75,,2117.57,,2.0,0,2.0,0
364,"Вино  сухое белое КИСИ КВЕВРИ 0,75л.",ВК513,Винтрейд,0.75,,2341.16,,1.0,0,1.0,0
366,"Вино Мукузани красное сухое 0,75л.",ОН034,Прометей,0.75,,1385.94,,11.0,0,11.0,0
368,"Вино сухое белое ЦИНАНДАЛИ 0,75л.",ВК503,ВИНИКОМ ООО,0.75,,1427.51,,29.0,0,29.0,0
370,"Саперави сорт орд сух красное 0,75 Гвариани",АГ571,Вино он-лайн АГ,0.75,,796.04,,32.0,0,32.0,0
372,"Вино полусладкое белое Алазанская долина, серия Кахетинские Подвалы 0,75л",ЕП050,ГРЕЙП,0.75,,1138.52,,132.0,0,132.0,0
373,"Вино полусладкое красное Киндзмараули, серия Кахетинские Подвалы 0,75л",ЕП051,ГРЕЙП,0.75,,1294.13,,246.0,0,246.0,0
374,"Вино полусухое красное Пиросмани, серия Кахетинские Подвалы 0,75л",ЕП052,ГРЕЙП,0.75,,1161.7,,60.0,0,60.0,0
375,"Вино сухое красное Саперави, серия Кахетинские Подвалы 0,75л",ЕП053,ГРЕЙП,0.75,,1169.98,,116.0,0,116.0,0
379,Элибо Алазани ординарное белое полусладкое 0.75л,ММ141Н,Маруся Бевереджис РУС,0.75,,919.0,,50.0,0,50.0,0
380,Элибо Алазани сортовое ординарное красное полусладкое 0.75л,ММ143Н,Маруся Бевереджис РУС,0.75,,919.0,,38.0,0,38.0,0
381,Элибо Киндзмараули выдержанное сортовое красное полусладкое 0.75л,ММ147В,Маруся Бевереджис РУС,0.75,,1336.0,,14.0,0,14.0,0
382,Элибо Ркацители-Мцване ординарное белое сухое 0.75л,ММ140Н,Маруся Бевереджис РУС,0.75,,895.0,,15.0,0,15.0,0
383,Элибо Саперави выдержанное сортовое красное сухое 0.75л,ММ142Н,Маруся Бевереджис РУС,0.75,,999.0,,8.0,0,8.0,0
384,"Вино ординарное сортовое сухое красное ""Саперави"" 0,75Л",ИА001,ИВК Альтернатива ООО,0.75,,1678.79,,21.0,1.0,21.0,0
385,Кахури белое сухое 0.75л КиндзмараулиМарани,ФР027,Форт Виноторговая компания,0.75,,1458.26,,15.0,0,15.0,0
386,Киндзмараули красное полусладкое 0.75л Бадагони,ПО369,АСГ,0.75,,900.76,,30.0,0,30.0,0
387,Киндзмараули красное полусладкое вино 0.75л КиндзмараулиМарани,ФР074,Форт Виноторговая компания,0.75,,2120.2,,18.0,0,18.0,0
389,"Саперави ординарное сортовое сухое красное серии Александров Вайн Коллектион 0,75л",ЕП041,ГРЕЙП,0.75,,1568.26,,36.0,0,36.0,0
391,"Вино сортовое выдержанное полусладкое красное ""Киндзмараули"" ТМ ""МИЛДИАНИ ФЭМИЛИ ВАЙНЕРИ"" 0,75Л",АМ858,Русвинторг,0.75,,1456.71,,2.0,0,2.0,0
392,"Вино сортовое марочное сухое белое ""Цинандали"" ТМ ""МИЛДИАНИ ФЭМИЛИ ВАЙНЕРИ"" 0,75Л",АМ859,Русвинторг,0.75,,1075.9,,39.0,0,39.0,0
393,"Вино сортовое ординарное полусухое красное ""Пиросмани"" ТМ ""МИЛДИАНИ ФЭМИЛИ ВАЙНЕРИ"" 0,75Л",АМ860,Русвинторг,0.75,,1131.07,,3.0,0,3.0,0
394,Мукузани красное сухое 0.75л КиндзмараулиМарани,ФР028,Форт Виноторговая компания,0.75,,2030.62,,6.0,0,6.0,0
395,Мукузани Милдиани Фэмили Вайнери красное сухое вино 0.75л,АМ015А,Русвинторг,0.75,,1426.56,,30.0,0,30.0,0
396,Мцване белое сухое 0.75л КиндзмараулиМарани,ФР029,Форт Виноторговая компания,0.75,,1493.1,,24.0,0,24.0,0
398,Алазанская Долина полусладкое белое 0.75л Палавани,ЛД194А,Ладога Дистрибьюшен,0.75,,861.0,,181.0,0,181.0,0
399,Алазанская долина полусладкое красное 0.75л Палавани,ЛД195А,Ладога Дистрибьюшен,0.75,,861.0,,171.0,0,171.0,0
400,Ахашени полусладкое красное 0.75л Палавани,ЛД945А,Ладога Дистрибьюшен,0.75,,1058.75,,6.0,0,6.0,0
401,"Вино ординарное «Алазанская Долина» розовое полусладкое 0,75Л",ЛД1882,Ладога Дистрибьюшен,0.75,,861.0,,8.0,0,8.0,0
402,"Вино ординарное белое полусладкое ""Алазанская Долина"" 0,75Л",ЛД194К,Ладога Дистрибьюшен,0.75,,861.0,,36.0,0,36.0,0
403,"Вино ординарное красное полусладкое ""Алазанская Долина"" 0,75Л",ЛД195К,Ладога Дистрибьюшен,0.75,,861.0,,2.0,0,2.0,0
404,"Вино ординарное сортовое сухое красное ""Саперави Квеври"" 0,75Л",ЛД947К,Ладога Дистрибьюшен,0.75,,1524.25,,22.0,0,22.0,0
405,Вино ординарное сортовое Хихви Квеври белое сухое 0.75л.,ЛД221А,Ладога Дистрибьюшен,0.75,,1704.5,,16.0,0,16.0,0
406,Интари сухое белое вино 0.75л Палавани,ЛД1545,Ладога Дистрибьюшен,0.75,,1058.75,,6.0,0,6.0,0
407,Киндзмараули красное полусладкое 0.75л Палавани,ЛД573А,Ладога Дистрибьюшен,0.75,,1111.25,,249.0,0,249.0,0
408,Мукузани сухое красное 0.75л Палавани,ЛД191А,Ладога Дистрибьюшен,0.75,,1076.25,,27.0,0,27.0,0
409,Пиросмани полусухое красное 0.75л Палавани,ЛД944А,Ладога Дистрибьюшен,0.75,,932.75,,12.0,0,12.0,0
410,Ркацители Квеври сухое белое 0.75л Палавани,ЛД946А,Ладога Дистрибьюшен,0.75,,1380.75,,41.0,0,37.0,0
411,Ркацители сухое белое 0.75л Палавани,ЛД954А,Ладога Дистрибьюшен,0.75,,824.25,,83.0,0,83.0,0
412,Саперави Квеври сухое красное 0.75л Палавани,ЛД947А,Ладога Дистрибьюшен,0.75,,1524.25,,55.0,0,55.0,0
413,Саперави сухое красное 0.75л Палавани,ЛД193А,Ладога Дистрибьюшен,0.75,,896.0,,58.0,0,58.0,0
414,Хванчкара полусладкое красное 0.75л Палавани,ЛД948А,Ладога Дистрибьюшен,0.75,,2063.25,,93.0,0,93.0,0
415,Цинандали сухое белое 0.75л Палавани,ЛД190А,Ладога Дистрибьюшен,0.75,,915.25,,76.0,0,76.0,0
416,Ркацители белое сухое 0.75л КиндзмараулиМарани,ФР030,Форт Виноторговая компания,0.75,,1323.88,,5.0,0,5.0,0
418,"Вино выдержанное сортовое сухое красное МУКУЗАНИ 0,75л",ВК371,ВИНИКОМ ООО,0.75,,1760.45,,10.0,0,10.0,0
420,Саперави сухое красное 0.75л. Сакартвело,ИЛ013,Вин Лэнд,0.75,,615.03,,2.0,0,2.0,0
421,Саперави красное сухое 0.75л КиндзмараулиМарани,ФР031,Форт Виноторговая компания,0.75,,1478.17,,37.0,0,37.0,0
423,Алазанская долина красное полусладкое 0.75л.(серия АСТ),АИ549А,АСТ-интернэшнл инваэронмэнт,0.75,,723.06,,62.0,0,62.0,0
424,Алазанская долина сорт орд белое полусладкое 0.75л.,АИ548А,АСТ-интернэшнл инваэронмэнт,0.75,,696.74,,69.0,0,69.0,0
425,Киндзмараули сорт орд красное полусладкое 0.75л. (серия АСТ),АИ484А,АСТ-интернэшнл инваэронмэнт,0.75,,910.85,,40.0,0,40.0,0
426,Пиросмани сорт орд полусухое красное 0.75л. (серия АСТ),АИ603,АСТ-интернэшнл инваэронмэнт,0.75,,723.06,,12.0,0,12.0,0
427,Саперави сорт орд сухое красное 0.75л. (серия АСТ),АИ604,АСТ-интернэшнл инваэронмэнт,0.75,,750.26,,61.0,0,61.0,0
428,Твиши сорт орд белое п/сладкое АСТ 0.75л.,АИ552А,АСТ-интернэшнл инваэронмэнт,0.75,,928.4,,67.0,0,67.0,0
429,Цинандали сорт орд белое сухое 0.75л.,АИ553А,АСТ-интернэшнл инваэронмэнт,0.75,,585.48,,22.0,0,22.0,0
431,Саперави сорт орд сух кр 0.75л. Пешви,ТЛ015,Ритейл Логистик ООО,0.75,,1077.41,,34.0,0,34.0,0
433,Алазанская Долина полусладкое белое 0.75л Сокровище Тифлиса,БЛ369,Белуга Маркет Восток,0.75,,1044.0,,0,1.0,0,0
434,Алазанская Долина полусладкое красное 0.75л Сокровище Тифлиса,БЛ368,Белуга Маркет Восток,0.75,,1084.0,,0,2.0,0,0
436,Алазанская Долина Тайна Колхиды белое полусладкое вино 0.75л,АМ100А,Русвинторг,0.75,,1054.17,,216.0,0,212.0,0
437,"Вино сортовое выдержанное полусладкое красное ""Ахашени"" ТМ ""ТАЙНА КОЛХИДЫ"" 0,75Л",АМ102С,Русвинторг,0.75,,1255.1,,14.0,0,14.0,0
438,"Вино сортовое марочное сухое белое ""Цинандали"" ТМ ""ТАЙНА КОЛХИДЫ"" 0,75Л",АМ044С,Русвинторг,0.75,,1121.15,,6.0,0,6.0,0
439,"Вино сортовое марочное сухое красное ""Напареули"" ТМ ""ТАЙНА КОЛХИДЫ"" 0,75Л",АМ045С,Русвинторг,0.75,,1196.17,,45.0,0,45.0,0
440,"Вино сортовое ординарное полусухое красное ""Пиросмани"" ТМ ""ТАЙНА КОЛХИДЫ"" 0,75Л",АМ101С,Русвинторг,0.75,,1143.92,,15.0,0,15.0,0
441,Киндзмараули Тайна Колхиды красное полусладкое вино 0.75л,АМ033А,Русвинторг,0.75,,1354.22,,153.0,0,153.0,0
442,Мукузани Тайна Колхиды красное сухое марочное вино 0.75л,АМ032А,Русвинторг,0.75,,1224.29,,45.0,0,45.0,0
443,Хванчкара Тайна Колхиды красное полусладкое вино 0.75л,АМ103А,Русвинторг,0.75,,2629.44,,15.0,0,15.0,0
445,АЛАЗАНСКАЯ ДОЛИНА  красное полусладкое Тамада 0.75л,ММ190,Маруся Бевереджис РУС,0.75,,969.0,,6.0,0,6.0,0
446,АЛАЗАНСКАЯ ДОЛИНА белое полусладкое Тамада 0.75л,ММ189,Маруся Бевереджис РУС,0.75,,969.0,,6.0,0,6.0,0
447,Тамада Киндзмараули красное полусладкое вино 0.75л,АИ1260,АСТ-интернэшнл инваэронмэнт,0.75,,1095.19,,26.0,0,26.0,0
448,Тамада Пиросмани белое полусладкое 0.75л,АИ1308,АСТ-интернэшнл инваэронмэнт,0.75,,898.43,,36.0,0,36.0,0
449,Тамада Пиросмани красное полусладкое 0.75л,АИ1307,АСТ-интернэшнл инваэронмэнт,0.75,,898.43,,63.0,0,63.0,0
450,Тамада Хванчкара красное полусладкое вино 0.75л,АИ1261,АСТ-интернэшнл инваэронмэнт,0.75,,2111.67,,6.0,0,6.0,0
451,Тамада Цинандали белое сухое вино 0.75л,АИ1256,АСТ-интернэшнл инваэронмэнт,0.75,,883.58,,9.0,0,9.0,0
453,"Вино ординарное сортовое « Цинандали» сухое белое 0,75Л",ЛД1474О,Ладога Дистрибьюшен,0.75,,915.25,,30.0,0,30.0,0
454,"Вино ординарное сортовое «Ахашени» полусладкое красное 0,75Л Телиани Вели",ЛД1883,Ладога Дистрибьюшен,0.75,,1058.75,,12.0,0,12.0,0
455,Саперави сухое красное 0.75л Телиани Вели,ЛД1510,Ладога Дистрибьюшен,0.75,,930.6,,33.0,0,33.0,0
456,Хванчкара Милдиани Фэмили Вайнери красное полусладкое вино 0.75л,АМ092,Русвинторг,0.75,,2846.44,,5.0,0,5.0,0
457,Хихви белое сухое 0.75л КиндзмараулиМарани,ФР032,Форт Виноторговая компания,0.75,,2120.2,,12.0,0,12.0,0
458,Цинандали белое сухое 0.75л КиндзмараулиМарани,ФР033,Форт Виноторговая компания,0.75,,1373.65,,15.0,0,15.0,0
460,Квеври Шато Мухрани белое сухое 0.75л,ММ138М,Маруся Бевереджис РУС,0.75,,4560.0,,10.0,0,10.0,0
461,Киндзмараули Шато Мухрани красное полусладкое 0.75л,ММ120С,Маруся Бевереджис РУС,0.75,,2895.0,,17.0,0,17.0,0
462,КОЛЛЕКСЬОН СЕКРЕТ Шато Мухрани белое сухое 0.75л,ММ158М,Маруся Бевереджис РУС,0.75,,3090.0,,14.0,0,14.0,0
463,КОЛЛЕКСЬОН СЕКРЕТ Шато Мухрани красное сухое 0.75л,ММ159М,Маруся Бевереджис РУС,0.75,,3450.0,,12.0,0,12.0,0
464,Резерв РояльШавкапито Шато Мухрани красное сухое 0.75л,ММ146А,Маруся Бевереджис РУС,0.75,,8760.0,,15.0,0,15.0,0
465,РКАЦИТЕЛИ СЮПЕРИОР Шато Мухрани белое сухое 0.75л,ММ134В,Маруся Бевереджис РУС,0.75,,2120.0,,8.0,0,8.0,0
466,Розе Шато Мухрани сухое розовое 0.75л,ММ136Н,Маруся Бевереджис РУС,0.75,,2150.0,,15.0,0,15.0,0
467,САПЕРАВИ СЮПЕРИОР Шато Мухрани красное сухое 0.75л,ММ165В,Маруся Бевереджис РУС,0.75,,2210.0,,14.0,0,14.0,0
468,Тавквери Шато Мухрани красное сухое 0.75л,ММ128А,Маруся Бевереджис РУС,0.75,,3090.0,,4.0,0,4.0,0
469,ХВАНЧКАРА Шато Мухрани красное полусладкое 0.75л,ММ125А,Маруся Бевереджис РУС,0.75,,4635.0,,21.0,0,21.0,0
470,ШАВКАПИТО Шато Мухрани красное сухое 0.75л,ММ124В,Маруся Бевереджис РУС,0.75,,3890.0,,9.0,0,9.0,0
471,Эдисьон Лимите Совиньон Блан белое сухое 0.75л,ММ139А,Маруся Бевереджис РУС,0.75,,5370.0,,3.0,0,3.0,0
472,Эдисьон Лимите Шардоне Шато Мухрани белое сухое вино 0.75л,ММ145А,Маруся Бевереджис РУС,0.75,,5370.0,,19.0,0,19.0,0
474,Алазанская долина красное полусладкое 0.75л (Шато Орхеви),АИ600А,АСТ-интернэшнл инваэронмэнт,0.75,,705.51,,31.0,0,31.0,0
475,Алазанская долина сорт орд полусладкое белое 0.75л. (Шато Орхеви),АИ601,АСТ-интернэшнл инваэронмэнт,0.75,,696.74,,41.0,0,41.0,0
476,Киндзмараули красное полусладкое 0.75л (Шато Орхеви),АИ599А,АСТ-интернэшнл инваэронмэнт,0.75,,883.64,,117.0,0,117.0,0
477,Саперави красное сухое 0.75л (Шато Орхеви),АИ1271,АСТ-интернэшнл инваэронмэнт,0.75,,750.26,,73.0,0,73.0,0
479,Галиль Маунтин Мерло красное сухое вино 0.75л,АИ1234,АСТ-интернэшнл инваэронмэнт,0.75,,2436.3,,2.0,0,2.0,0
480,Галиль Маунтин розовое сухое вино 0.75л,АИ1232,АСТ-интернэшнл инваэронмэнт,0.75,,2525.55,,4.0,0,4.0,0
481,Галиль Маунтин Уайт белое сухое вино 0.75л,АИ1240,АСТ-интернэшнл инваэронмэнт,0.75,,2525.45,,3.0,0,3.0,0
482,Реканати Джонатан Ред красное сухое 0.75л,АИ1331,АСТ-интернэшнл инваэронмэнт,0.75,,1472.45,,21.0,0,21.0,0
483,Реканати Джонатан Уайт белое сухое вино 0.75л,АИ1235,АСТ-интернэшнл инваэронмэнт,0.75,,1472.45,,19.0,0,19.0,0
486,"031 Бланко Ховен сорт сух белое 0,75",ПВ186А,ПРЕМЬЕР-ВИН,0.75,,1773.58,,3.0,0,3.0,0
487,Алтайа красное сухое 0.75л Агустин Куберо,ФР022,Форт Виноторговая компания,0.75,,2568.13,,10.0,0,10.0,0
488,Альба Мартин Альбариньо белое сухое вино 0.75л МартинКодакс,ФР225,Форт Виноторговая компания,0.75,,3568.51,,7.0,0,7.0,0
490,Нувиана Каберне Совиньон / Темпранильо сухое красное 0.75л,ЛД665А,Ладога Дистрибьюшен,0.75,,1281.0,,11.0,0,11.0,0
491,Нувиана Шарелло/ Шардоне белое сухое 0.75л,ЛД1832,Ладога Дистрибьюшен,0.75,,1281.0,,36.0,0,36.0,0
492,Асуа Бланко Риоха белое сухое вино 0.75л,АИ1348,АСТ-интернэшнл инваэронмэнт,0.75,,2364.86,,24.0,0,24.0,0
494,Бодегаверде Гарнача сорт выд сух розовое 0.75л.,АИ938,АСТ-интернэшнл инваэронмэнт,0.75,,1427.69,,2.0,0,2.0,0
496,БРИЛЛО ДЕЛЬ ДИА ТЕМПРАНИЛЬО сорт сухое красное 0.187л.,ПВ1207,ПРЕМЬЕР-ВИН,0.187,,599.09,,12.0,0,12.0,0
497,СТ Эн Клаве де ДО ГАРНАЧА ТИНТОРЕРА сухое красное 0.75л.,ПВ343С,ПРЕМЬЕР-ВИН,0.75,,1262.39,,2.0,0,2.0,0
502,"Вино Маркес де Абадиа Крианса сухое красное 1,5л.",ЛД1867,Ладога Дистрибьюшен,1.5,,3184.5,,36.0,0,36.0,0
503,"Вино сухое белое ВИНЬЯ РЕАЛ БЛАНКО 0,75л.",ВК514,Винтрейд,0.75,,3790.85,,11.0,0,11.0,0
504,"Вино ЭСПАНА НАТУРАЛЕСА Макабео  сухое белое  0,75л.",ВШ072,ВИЛАШ-КШВ ООО,0.75,,783.0,,85.0,0,85.0,0
505,"Вино ЭСПАНА НАТУРАЛЕСА Темпранильо  сухое красное0,75л.",ВШ073,ВИЛАШ-КШВ ООО,0.75,,783.0,,35.0,0,35.0,0
506,Гайнтца Чаколина белое полусухое 0.75л,ФР023,Форт Виноторговая компания,0.75,,3757.64,,11.0,0,11.0,0
508,ДА ФЕЙРА трейшадура сорт сухое белое 0.75л.,ПВ1216,ПРЕМЬЕР-ВИН,0.75,,1589.03,,1.0,0,1.0,0
509,Модус Вивенди белое сухое 0.75л,ПВ215,ПРЕМЬЕР-ВИН,0.75,,2072.5,,8.0,0,8.0,0
511,"Вино с защищенным географическим указанием выдержанное сухое красное региона Бордо ""МС""/ЭМ СИ"" 0.75л",ПВ1107,ПРЕМЬЕР-ВИН,0.75,,2530.01,,1.0,0,1.0,0
512,Риас Байшас Альбариньо Ла Труча белое сухое вино 0.75л,ЛД184А,Ладога Дистрибьюшен,0.75,,3283.0,,18.0,0,18.0,0
514,Био Органик Бобаль Розе серии Винья Дальма розовое сухое 0.75л,ЕП004,ГРЕЙП,0.75,,821.67,,103.0,0,103.0,0
515,"Вино ординарное розовое сухое ""АРТЕ ВИВО"", год урожая 2022 0,75Л",ВЖ003,Вояжер,0.75,,1160.03,,43.0,0,43.0,0
516,Дон Симон красное сухое 1.0л,АГ304А,Вино он-лайн АГ,1,,840.25,,159.0,0,159.0,0
517,КАСТИЛЬО ДЕ АРЕЗАН ВЕРДЕХО сорт орд сухое белое 0.75л.,ПВ1234,ПРЕМЬЕР-ВИН,0.75,,1831.93,,6.0,0,6.0,0
518,КАСТИЛЬО ДЕ АРЕЗАН КАБЕРНЕ СОВИНЬОН ТЕМПРАНИЛЬО орд сух красное 0.75л.,ПВ1247,ПРЕМЬЕР-ВИН,0.75,,2024.59,,1.0,0,1.0,0
519,КАСТИЛЬО ДЕ АРЕЗАН КАБЕРНЕ СОВИНЬОН ТЕМПРАНИЛЬО сух красное 0.75л.,ПВ1247А,ПРЕМЬЕР-ВИН,0.75,,2024.59,,12.0,0,12.0,0
521,Темпранильо Сира серии Муэлле красное сухое 0.75л,ЕП003,ГРЕЙП,0.75,,891.72,,60.0,0,60.0,0
522,ПЕТАЛОС ДЕ АРЕЗАН ВЕРДЕХО СОВИНЬОН БЛАН 0.75л.,ПВ1255,ПРЕМЬЕР-ВИН,0.75,,1589.03,,10.0,0,10.0,0
525,Приорат. Кло Жебрат орд сухое красное 0.75л.,ЛД550А,Ладога Дистрибьюшен,0.75,,2511.25,,35.0,0,35.0,0
526,Сан Валентин орд бел полусухое 0.75л.,БЛ1134,Белуга Маркет Восток,0.75,,1574.0,,0,228.0,0,0
527,Кодорню Альбариньо Органик белое сухое вино 0.75л,ФР055,Форт Виноторговая компания,0.75,,2906.57,,2.0,0,2.0,0
529,Комо уна Мото Темпранильо Драй красное сухое 0.75л,АИ525А,АСТ-интернэшнл инваэронмэнт,0.75,,1142.51,,17.0,0,17.0,0
531,Бру де Верду сухое красное 0.75л.,КН189,Кавина,0.75,,1823.84,,3.0,0,3.0,0
533,Монте Тесса Примитиво ди Мандурия сорт сухое красное 0.75л.,ПВ1140,ПРЕМЬЕР-ВИН,0.75,,2505.66,,42.0,0,42.0,0
534,Левитейшн белое сухое вино 0.75л,ВШ057,ВИЛАШ-КШВ ООО,0.75,,958.5,,30.0,0,30.0,0
535,Левитейшн красное сухое вино 0.75л,ВШ058,ВИЛАШ-КШВ ООО,0.75,,958.5,,42.0,0,42.0,0
536,Левитейшн розовое сухое вино 0.75л,ВШ059,ВИЛАШ-КШВ ООО,0.75,,702.0,,34.0,0,34.0,0
538,Зулета Крем херес 0.75л.,КН010,Кавина,0.75,,1620.0,,1.0,0,1.0,0
539,Мар де Фрадес белое сухое вино 0.75л,ФР056,Форт Виноторговая компания,0.75,,4593.77,,12.0,0,12.0,0
540,Мар де Фрадес Брют Натюр игристое белое экстра брют 0.75л,ФР057,Форт Виноторговая компания,0.75,,7644.67,,9.0,0,9.0,0
541,Масиа Пау Классик красное сухое вино 0.75л,ПВ1125С,ПРЕМЬЕР-ВИН,0.75,,5063.37,,2.0,0,2.0,0
543,"Вино с защищенным географическим указанием «Каса Нери Темпранильо Тинто» сухое красное 0,187Л",ЛД641В,Ладога Дистрибьюшен,0.187,,540.0,,148.0,0,148.0,0
544,"Вино сортовое ординарное «Каса Нери Темпранильо Тинто» сухое красное 0,75Л",ЛД651О,Ладога Дистрибьюшен,0.75,,750.0,,1.0,0,1.0,0
546,Костерс дель Сегре. Воль д’Анима де Раймат Бланко DO сухое белое 0.75л.,ЛД984,Ладога Дистрибьюшен,0.75,,1291.95,,4.0,0,4.0,0
547,Костерс дель Сегре. Воль д’Анима Раймат Росадо сухое розовое 0.75л.,ЛД267А,Ладога Дистрибьюшен,0.75,,2070.41,,9.0,0,9.0,0
548,Рамон Бильбао Вердехо белое сухое вино 0.75л,ФР256,Форт Виноторговая компания,0.75,,3080.76,,3.0,0,3.0,0
549,Рамон Бильбао Гран Резерва красное сухое вино 0.75л,ФР200,Форт Виноторговая компания,0.75,,6246.14,,1.0,0,1.0,0
550,Рамон Бильбао Крианса красное сухое вино 0.75л,ФР058,Форт Виноторговая компания,0.75,,2916.52,,12.0,0,12.0,0
552,"Вино Риоха Винья Помаль Резерва сухое красное 0,75л.",ЛД1868,Ладога Дистрибьюшен,0.75,,2378.25,,13.0,0,13.0,0
553,Кампо Альто сухое красное 0.75л.,ПВ1087,ПРЕМЬЕР-ВИН,0.75,,1192.18,,4.0,0,3.0,0
554,КОНДЕ ДЕ ТРЕСАГУАС Д.О.К. РИОХА сухое белое 0.75л.,ВШ007,ВИЛАШ-КШВ ООО,0.75,,918.0,,437.0,0,437.0,0
555,КОНДЕ ДЕ ТРЕСАГУАС Д.О.К. РИОХА сухое красное 0.75л.,ВШ008,ВИЛАШ-КШВ ООО,0.75,,918.0,,534.0,0,534.0,0
557,Конде Отинано Крианца сухое красное 0.75л.,ЛД652А,Ладога Дистрибьюшен,0.75,,1615.25,,1.0,0,1.0,0
558,Конде Отинано Росадо Наварра орд сух розовое 0.75л.,ЛД257А,Ладога Дистрибьюшен,0.75,,570.75,,1.0,0,1.0,0
560,Маркес де Абадиа Крианса красное сухое 0.75л,ЛД624С,Ладога Дистрибьюшен,0.75,,1830.5,,13.0,0,13.0,0
561,Маркес де Абадиа Крианца выдержанное сухое красное 0.75л,ЛД624А,Ладога Дистрибьюшен,0.75,,1830.5,,1.0,0,1.0,0
562,Маркес де Абадиа Резерва красное сухое 0.75л,ЛД625С,Ладога Дистрибьюшен,0.75,,2404.5,,3.0,0,3.0,0
563,Маркес де Абадиа Резерва красное сухое 0.75л.,ЛД625,Ладога Дистрибьюшен,0.75,,2404.5,,1.0,0,1.0,0
564,Маркес де Абадиа Руэда Вердехо сорт орд сухое белое 0.75л.,ЛД722А,Ладога Дистрибьюшен,0.75,,1615.25,,12.0,0,12.0,0
565,Эрас Кордон Вендимиа Селексионада (Риоха) сухое красное 0.75л.,КН203,Кавина,0.75,,2623.24,,4.0,0,4.0,0
569,Села красное сухое вино 0.75л,АИ1349,АСТ-интернэшнл инваэронмэнт,0.75,,4791.15,,4.0,2.0,4.0,0
570,Селебритис Гарнача красное сухое вино 0.75л,АИ454А,АСТ-интернэшнл инваэронмэнт,0.75,,1427.69,,1.0,0,1.0,0
571,Стило красное сухое вино 0.75л,ФР060,Форт Виноторговая компания,0.75,,3021.04,,14.0,0,14.0,0
573,Солида Традисион полусладкое красное 0.75л,ВШ038,ВИЛАШ-КШВ ООО,0.75,,448.5,,1.0,0,1.0,0
574,Солида Традисион сухое красное 0.75л,ВШ037,ВИЛАШ-КШВ ООО,0.75,,448.5,,15.0,0,15.0,0
575,Тиленус Вендимиа красное сухое вино 0.75л БодегасЭстефания,ФР202,Форт Виноторговая компания,0.75,,3449.06,,7.0,0,7.0,0
576,Тиленус Пагос де Посада красное сухое вино 0.75л,ФР212,Форт Виноторговая компания,0.75,,6833.42,,3.0,0,3.0,0
579,КАНТИНА САНГРО МОНТЕПУЛЬЧАНО Д’АБРУЦЦО сорт сухое красное 0.75л.,ПВ1226,ПРЕМЬЕР-ВИН,0.75,,1619.35,,1.0,0,1.0,0
581,Гевюрцтраминер Франц Хаас белое сухое вино 0.75л,АИ1321,АСТ-интернэшнл инваэронмэнт,0.75,,4497.19,,17.0,0,17.0,0
582,Пино Гриджио  Франц Хаас белое сухое вино 0.75л,АИ1305,АСТ-интернэшнл инваэронмэнт,0.75,,2471.92,,11.0,0,11.0,0
583,Аморе Мио Фраппато розовое полусухое вино 0.75л,ПВ1258,ПРЕМЬЕР-ВИН,0.75,,1264.9,,6.0,0,6.0,0
585,Монте Тесса Примитиво сорт сухое красное 0.75л.,ПВ101А,ПРЕМЬЕР-ВИН,0.75,,1909.24,,34.0,0,34.0,0
587,"Вино красное сухое «МАЗЕРЕТО ПРИМИТИВО САЛЕНТО ИГТ» 0,75Л",СЧ078,Фирма С-2,0.75,,1171.34,,288.0,0,288.0,0
589,"ВИНО сортовое сухое красное ""МОНТЕ ТЕССА НЕГРОАМАРО"" 13% 0.75л.",ПВ100С,ПРЕМЬЕР-ВИН,0.75,,1779.29,,7.0,0,7.0,0
590,Вино сортовое сухое красное Монте Тесса Неро Ди Троя 0.75л.,ПВ183С,ПРЕМЬЕР-ВИН,0.75,,1742.64,,26.0,0,26.0,0
591,"Вино сухое белое  Шардоне Санта Джемма 0,75л",ВК493,ВИНИКОМ ООО,0.75,,4547.03,,15.0,0,15.0,0
592,"Вино сухое красное Лирика Примитиво ди Мандурия 0,75л",ВК401,ВИНИКОМ ООО,0.75,,3739.2,,2.0,0,2.0,0
593,МОНТЕ ТЕССА АППАССИМЕНТО сух красное 0.75л.,ПВ179А,ПРЕМЬЕР-ВИН,0.75,,1865.92,,6.0,0,6.0,0
594,ПавоНеро Аппассименто Пулия красное полусухое 0.75л,ЛД1648,Ладога Дистрибьюшен,0.75,,1687.0,,11.0,0,11.0,0
595,ПавоНеро Примитиво ди Мандурия сорт выд полусухое красное 0.75л.,ЛД1143,Ладога Дистрибьюшен,0.75,,2063.25,,100.0,0,100.0,0
596,Примитиво Саленто Ривера полусухое красное 0.75л.,ЛД1044А,Ладога Дистрибьюшен,0.75,,1769.07,,33.0,0,33.0,0
597,Барбареско Ла Каза ин Коллина красное сухое вино 0.75л,ФР049,Форт Виноторговая компания,0.75,,6544.76,,4.0,0,4.0,0
598,Бароло Альбе Вайра красное сухое вино 0.75л,ФР218,Форт Виноторговая компания,0.75,,12163.79,,4.0,0,4.0,0
599,Бароло Паэзи Туои красное сухое вино 0.75л,ФР050,Форт Виноторговая компания,0.75,,8212.05,,6.0,0,6.0,0
601,Болла Вальполичелла Рипассо Классико Супериоре сухое красное 0.75л.,ЛД273А,Ладога Дистрибьюшен,0.75,,2621.85,,13.0,0,13.0,0
602,Болла Пино Гриджо делле Венеция полусухое белое 0.75л,ЛД854С,Ладога Дистрибьюшен,0.75,,1615.25,,14.0,0,14.0,0
603,Вальполичелла Классико красное сухое вино 0.75л Вивиани,ФР051,Форт Виноторговая компания,0.75,,3613.3,,4.0,0,4.0,0
604,Вальполичелла Классико Супериоре Кампо Морар крсное сухое вино 0.75л Вивиани,ФР184,Форт Виноторговая компания,0.75,,7515.27,,6.0,0,6.0,0
606,Амароне делла Вальполичелла Классико Болла полусухое красное 0.75л.,ЛД1384А,Ладога Дистрибьюшен,0.75,,5209.05,,6.0,0,6.0,0
607,Вальполичелла Морандина Пра орд сухое красное 0.75л.,ЛД032А,Ладога Дистрибьюшен,0.75,,3767.75,,8.0,0,8.0,0
608,Вальполичелла Супериоре Рипассо Морандина Пра выдерж сухое красное 0.75л.,ЛД1064А,Ладога Дистрибьюшен,0.75,,5006.75,,2.0,0,2.0,0
609,"Вино защищенного географического указания региона Трентино ""СанВиджилио Мерло"" красное сухое 0,75Л",ОН067,Прометей,0.75,,986.76,,22.0,0,22.0,0
610,"Вино ординарное «Болла Кьяретто ди Бардолино» сухое розовое 0,75л",ЛД272Л,Ладога Дистрибьюшен,0.75,,1125.0,,53.0,0,53.0,0
612,Джаннитессари Дуэ Венето белое полусухое 0.75л,КН385,Кавина,0.75,,2059.43,,4.0,0,4.0,0
613,Джаннитессари Дуэ Венето красное полусухое 0.75л,КН347,Кавина,0.75,,2059.43,,8.0,0,8.0,0
614,Джаннитессари Пино Нуар Венето красное сухое 0.75л,КН272,Кавина,0.75,,1977.05,,6.0,0,6.0,0
615,Джаннитессари Соаве белое сухое 0.75л,КН268,Кавина,0.75,,1977.05,,8.0,0,8.0,0
616,Пино Гриджио Делле Венецие Корте Веккья белое сухое 0.75л,ОМ424,ТОРГОВЫЙ ДОМ АРОМА,0.75,,884.18,,89.0,0,89.0,0
617,Пино Гриджио делле Венеция Джеографико сухое белое 0.75л,ЛД1059А,Ладога Дистрибьюшен,0.75,,1524.25,,328.0,0,328.0,0
618,Соаве Классико Отто Пра ордин сухое белое 0.75л.,ЛД815А,Ладога Дистрибьюшен,0.75,,2906.75,,12.0,0,12.0,0
620,"Фолио Соаве сухое белое 0,75Л., КАТЕГОРИЯ ДОК, РЕГИОН Венето",ВК361,ВИНИКОМ ООО,0.75,,2015.27,,4.0,0,4.0,0
621,Верментино Рокка белое сухое вино 0.75л,АИ1326,АСТ-интернэшнл инваэронмэнт,0.75,,2578.97,,44.0,0,44.0,0
622,"Вино  Антонутти Рибола Джалла белое сухое 0,75л.",ОН024,Прометей,0.75,,1689.46,,1.0,0,1.0,0
624,"Вино белое сухое Минини Пино Гриджио 0,75л.",ВК497,ВИНИКОМ ООО,0.75,,2076.65,,1.0,0,1.0,0
625,"Вино белое, сухое Торричелла 0,75л.",ОН022,Прометей,0.75,,2506.54,,4.0,0,4.0,0
626,"Вино Буджиалла красное сухое 0,75л.",ОН023,Прометей,0.75,,3955.23,,3.0,0,3.0,0
631,"Вино региона Кампания Фонцоне Греко ди Туфо белое сухое 0,75л.",ОН020,Прометей,0.75,,2727.09,,4.0,0,4.0,0
633,"Вино сортовое ординарное сухое белое Рю де Вин Пино Гриджио делле Венецие 0,75Л",РЮ032,Рю де Вин ООО,0.75,,1298.13,,24.0,0,24.0,0
634,"Вино сухое белое Аличе Вердека 0,75л.",ВК502,ВИНИКОМ ООО,0.75,,3407.45,,27.0,0,27.0,0
635,"Вино сухое белое Бролья ИЛ Додже Гави 0,75л.",ВК500,ВИНИКОМ ООО,0.75,,3842.89,,8.0,0,8.0,0
636,"Вино сухое красное  Келлерай Бозен Пино Неро Блаубургундер 0,75л.",ВК501,ВИНИКОМ ООО,0.75,,5377.58,,39.0,0,39.0,0
637,"Вино сухое красное Кверчабелла Кьянти Классико год урожая 2017 0,75л.",ВК496,ВИНИКОМ ООО,0.75,,5095.43,,8.0,0,8.0,0
638,"Вино сухое красное Монграна 0,75л.",ВК498,ВИНИКОМ ООО,0.75,,3570.23,,1.0,0,1.0,0
639,"Вино сухое красное Полициано Вино Нобиле ди Монтепульчано 0,375л.",ВК499,ВИНИКОМ ООО,0.375,,5376.78,,35.0,0,35.0,0
640,Гави дель Комуне ди Гави Лугарара белое полусухое вино 0.375л,ФР162,Форт Виноторговая компания,0.375,,3011.09,,4.0,0,4.0,0
641,Гави ди Гави Массерия дей Кармелитани белое сухое вино 0.75л,ФР052,Форт Виноторговая компания,0.75,,3896.99,,39.0,0,39.0,0
642,И Буонджорно Примитиво красное полусухое вино 0.75л,ФР279,Форт Виноторговая компания,0.75,,3971.65,,2.0,0,2.0,0
643,И Фрати белое полусухое вино 0.75л,ФР106,Форт Виноторговая компания,0.75,,5001.89,,11.0,0,11.0,0
644,Кавит Боттега Винай Пино Гриджио белое сухое вино 0.75л,ФР251,Форт Виноторговая компания,0.75,,3249.98,,6.0,0,6.0,0
645,Канти Гави белое сухое вино 0.75л,АИ1220,АСТ-интернэшнл инваэронмэнт,0.75,,1751.56,,12.0,0,12.0,0
646,Канти Каберне красное сухое вино 0.75л,АИ1218,АСТ-интернэшнл инваэронмэнт,0.75,,1087.76,,13.0,0,13.0,0
647,Канти Мерло красное сухое вино 0.75л,АИ1222,АСТ-интернэшнл инваэронмэнт,0.75,,1087.76,,6.0,0,6.0,0
648,Канти Пино Гриджо белое сухое вино 0.75л,АИ1221,АСТ-интернэшнл инваэронмэнт,0.75,,1223.64,,54.0,0,54.0,0
649,Канти Шардоне белое полусухое вино 0.75л,АИ1219,АСТ-интернэшнл инваэронмэнт,0.75,,1087.76,,18.0,0,18.0,0
650,Кастелло ди Куерчето Кьянти Классико красное сухое вино 0.75л,ФР240,Форт Виноторговая компания,0.75,,4713.22,,3.0,0,3.0,0
651,Контрада Краза Крю Этна Россо красное сухое вино 0.75л,ФР185,Форт Виноторговая компания,0.75,,7117.11,,18.0,0,18.0,0
652,Кьянти Классико Неттуно красное сухое вино 0.75л,АИ1377,АСТ-интернэшнл инваэронмэнт,0.75,,2880.9,,8.0,4.0,8.0,0
653,Кьянти Энседа красное сухое вино 0.75л,ФР107,Форт Виноторговая компания,0.75,,2861.78,,12.0,0,12.0,0
654,Ланге Неббиоло Вайра красное сухое вино 0.75л,ФР186,Форт Виноторговая компания,0.75,,6390.47,,17.0,0,17.0,0
655,Лаудари белое сухое вино 0.75л,ФР165,Форт Виноторговая компания,0.75,,6335.72,,31.0,0,31.0,0
656,Левитейшн Кюве Бьянко белое сухое вино 0.75л,ВШ081,ВИЛАШ-КШВ ООО,0.75,,867.12,,30.0,96.0,30.0,0
657,Левитейшн Кюве Россо красное сухое вино 0.75л,ВШ082,ВИЛАШ-КШВ ООО,0.75,,867.12,,30.0,96.0,30.0,0
658,Ливио Феллуга Совиньон белое сухое вино 0.75л,АИ1363,АСТ-интернэшнл инваэронмэнт,0.75,,5190.08,,2.0,0,2.0,0
660,Ла Коломбьера Тревинье Колли ди луни Верментино сухое белое 12.5% 0.75л.,ПВ329,ПРЕМЬЕР-ВИН,0.75,,1462.86,,2.0,0,2.0,0
661,Лифили Негроамаро Саленто красное полусухое вино 0.75л,ФР108,Форт Виноторговая компания,0.75,,2777.17,,8.0,0,8.0,0
662,Лифили Примитиво Саленто красное полусухое вино 0.75л,ФР109,Форт Виноторговая компания,0.75,,2826.94,,7.0,0,7.0,0
664,"КРАБО РИСЛИНГ сорт п/сух белое 0,75",ПВ1241,ПРЕМЬЕР-ВИН,0.75,,1715.65,,16.0,0,16.0,0
665,Мастри Вернаколи Гевюрцтраминер белое сухое вино 0.75л,ФР110,Форт Виноторговая компания,0.75,,2906.57,,10.0,0,10.0,0
666,Мастри Вернаколи Москато Джалло белое полусухое вино 0.75л,ФР111,Форт Виноторговая компания,0.75,,2483.52,,33.0,0,33.0,0
667,Мастри Вернаколи Пино Гриджио белое сухое вино 0.75л,ФР112,Форт Виноторговая компания,0.75,,2483.52,,66.0,0,66.0,0
668,Медитерранико Верментино белое сухое вино 0.75л,ФР113,Форт Виноторговая компания,0.75,,2209.79,,18.0,0,18.0,0
669,Неро Д Авола Сицилиа Инфинитум Мусти Нобилис красное сухое 0.75л,КН411,Кавина,0.75,,1227.42,,11.0,0,11.0,0
670,Пала Сопрасоле Верментино ди Сарденья белое сухое вино 0.75л,ФР217,Форт Виноторговая компания,0.75,,3971.65,,16.0,0,16.0,0
671,Патрицио Пино Гриджо белое сухое вино 0.75л,ФР114,Форт Виноторговая компания,0.75,,1950.98,,31.0,0,31.0,0
673,Портобелло Инзолия Пино Гриджо Терре Сичилиане сухое белое 0.75л,ЛД1216,Ладога Дистрибьюшен,0.75,,1345.75,,20.0,0,20.0,0
674,Портобелло Кьянти сухое красное 0.75л,ЛД808А,Ладога Дистрибьюшен,0.75,,1524.25,,58.0,0,58.0,0
675,Портобелло Мерло Тревенеция сорт орд полусладкое красное 0.75л.,ЛД605С,Ладога Дистрибьюшен,0.75,,1222.69,,1.0,0,1.0,0
676,Портобелло Монтепульчано д' Абруццо сухое красное 0.75л,ЛД673С,Ладога Дистрибьюшен,0.75,,1345.75,,5.0,0,5.0,0
677,Портобелло Соаве сухое белое 0.75л,ЛД604А,Ладога Дистрибьюшен,0.75,,1345.75,,28.0,0,28.0,0
679,Амароне Классико Сант'Урбано красное сухое вино 0.75л,АИ465Н,АСТ-интернэшнл инваэронмэнт,0.75,,8780.06,,2.0,2.0,2.0,0
680,БИОребе Пино Гриджио белое сухое вино 0.75л,ПВ005А,ПРЕМЬЕР-ВИН,0.75,,1190.86,,129.0,0,129.0,0
681,Монтепульчано д'Абруццо красное сухое 0.75л Сант Орсола,АИ094Н,АСТ-интернэшнл инваэронмэнт,0.75,,1222.36,,23.0,0,23.0,0
683,ВИЛЛА ПЬЕРИ ПИНО ГРИДЖИО сор сухое белое 0.187л.,ПВ1210,ПРЕМЬЕР-ВИН,0.187,,606.42,,8.0,0,8.0,0
685,Барбера д’Альба Фабио Оберто сухое красное 0.75л.,ЛД1512,Ладога Дистрибьюшен,0.75,,2956.16,,2.0,0,2.0,0
686,Бароло Брикко Фьяско Адзелия сухое красное 0.75л.,ЛД1385,Ладога Дистрибьюшен,0.75,,17374.0,,8.0,0,8.0,0
687,БРИККО ГАЙАНО Барбареско красное сухое 0.75л,ПВ1305,ПРЕМЬЕР-ВИН,0.75,,3615.55,,5.0,0,5.0,0
688,БРИККО ДЖИАНО Роеро Арнеис сорт полусухое белое 0.75л.,ПВ1235,ПРЕМЬЕР-ВИН,0.75,,2214.51,,6.0,0,6.0,0
689,"Вино красное сухое «Барбера Пьемонт ДОК», серия Мазерето 0,75Л",СЧ080,Русвинторг,0.75,,1087.64,,115.0,0,115.0,0
690,"Вино сухое белое Ла Марабекка 0,75л",РЮ002,Рю де Вин ООО,0.75,,1111.35,,157.0,0,157.0,0
692,Гави дель Комуне ди Гави Карло белое сухое вино 0.75л,АИ1373,АСТ-интернэшнл инваэронмэнт,0.75,,2340.36,,7.0,0,7.0,0
694,Гемме Ла Пьемонтина красное сухое 0.75л.,ЛД1646,Ладога Дистрибьюшен,0.75,,5563.25,,3.0,0,3.0,0
695,Коллине Новарези Бьянко Ла Пьемонтина белое сухое 0.75л.,ЛД1643,Ладога Дистрибьюшен,0.75,,3050.25,,11.0,0,11.0,0
696,Коллине Новарези Неббиоло Ла Пьемонтина красное сухое 0.75л,ЛД1786,Ладога Дистрибьюшен,0.75,,4235.0,,10.0,0,10.0,0
697,Коллине Новарези Россо Ла Пьемонтина красное сухое 0.75л.,ЛД1644,Ладога Дистрибьюшен,0.75,,3050.25,,40.0,0,40.0,0
698,Черетто Барбареско красное сухое вино 0.75л,АИ1369,АСТ-интернэшнл инваэронмэнт,0.75,,10403.17,,2.0,2.0,2.0,0
699,Черетто Дольчетто д'Альба Россана красное сухое вино 0.75л,АИ1378,АСТ-интернэшнл инваэронмэнт,0.75,,3503.12,,4.0,2.0,4.0,0
700,Роза дей Фрати розовое полусухое вино 0.75л,ФР233,Форт Виноторговая компания,0.75,,5021.79,,3.0,0,3.0,0
701,Рондоне Верментино белое сухое вино 0.75л Кантине Сеттесоли,ФР226,Форт Виноторговая компания,0.75,,1955.96,,24.0,0,24.0,0
702,Рондоне Грилло белое сухое вино 0.75л,ФР115,Форт Виноторговая компания,0.75,,1911.17,,35.0,0,35.0,0
703,Рондоне Кьянти красное сухое вино 0.75л,ФР168,Форт Виноторговая компания,0.75,,2060.48,,37.0,0,37.0,0
704,Рондоне Нерелло Маскалезе красное полусухое вино 0.75л,ФР189,Форт Виноторговая компания,0.75,,1911.17,,8.0,1.0,8.0,0
705,Рондоне Неро д'Авола красное сухое вино 0.75л,ФР116,Форт Виноторговая компания,0.75,,1936.05,,29.0,0,29.0,0
706,Рондоне Розе розовое сухое вино 0.75л Кантине Сеттесоли,ФР224,Форт Виноторговая компания,0.75,,1911.17,,20.0,0,20.0,0
707,Рондоне Сира красное сухое вино 0.75л Кантине Сеттесоли,ФР201,Форт Виноторговая компания,0.75,,1911.17,,35.0,0,35.0,0
709,Понтебелло орд сухое красное 0.75л.,ЛД1131,Ладога Дистрибьюшен,0.75,,492.43,,27.0,0,27.0,0
710,СанВиджилио Пино Гриджио Розато розовое сухое вино 0.75л,ФР190,Форт Виноторговая компания,0.75,,1950.98,,17.0,0,17.0,0
711,СанВиджилио Пино Гриджо белое сухое вино 0.75л,ФР136,Форт Виноторговая компания,0.75,,1777.5,975.0,200.0,0,200.0,0
713,Вальполичелла Классико Спери красное сухое вино 0.375л,АИ1358,АСТ-интернэшнл инваэронмэнт,0.375,,1454.9,,6.0,0,6.0,0
714,Вальполичелла сухое красное 0.75л Сант Орсола,АИ336А,АСТ-интернэшнл инваэронмэнт,0.75,,1638.7,,25.0,0,25.0,0
715,Гави сухое белое 0.75л Сант Орсола,АИ417А,АСТ-интернэшнл инваэронмэнт,0.75,,1883.12,,54.0,0,54.0,0
716,Кьянти сухое красное 0.75л Сант Орсола,АИ597С,АСТ-интернэшнл инваэронмэнт,0.75,,1525.97,,25.0,0,25.0,0
717,Пино Гриджио сухое белое 0.75л Сант Орсола,АИ119С,АСТ-интернэшнл инваэронмэнт,0.75,,1150.88,,28.0,0,28.0,0
718,Соаве Классико Спери белое сухое вино 0.75л,АИ1366,АСТ-интернэшнл инваэронмэнт,0.75,,2138.4,,6.0,0,6.0,0
719,Соаве сухое белое 0.75л Сант Орсола,АИ536С,АСТ-интернэшнл инваэронмэнт,0.75,,1002.38,,33.0,0,33.0,0
721,Балье Сикано НЕРО Д’АВОЛА красное сухое 0.75л,ПВ1304,ПРЕМЬЕР-ВИН,0.75,,1454.82,,1.0,0,1.0,0
723,Планета Розе орд роз сухое 0.75л.,АГ183А,Вино он-лайн АГ,0.75,,2020.43,,6.0,0,6.0,0
725,Вино Инзолия Таска д'Альмерита белое сухое 0.75,АИ1095,АСТ-интернэшнл инваэронмэнт,0.75,,2213.06,,15.0,0,15.0,0
726,ТОННО СИРА сорт полусухое красное 0.75л.,ПВ1230,ПРЕМЬЕР-ВИН,0.75,,1771.36,,33.0,0,33.0,0
728,Боккантино Катарратто Пино Гриджио Терре Сицилиане сухое белое 0.75л,ЛД622А,Ладога Дистрибьюшен,0.75,,1398.25,,84.0,0,84.0,0
729,Соаве Иль Селезе белое сухое вино 0.75л,ФР222,Форт Виноторговая компания,0.75,,2926.48,,6.0,0,6.0,0
731,Барбера д'Альба  Дзабалда Ла Биока красное сухое 0.75л,СШ006,СОБЕР БАШ ТРЕЙД,0.75,,1688.73,,1.0,0,1.0,0
732,Неббиоло д'Альба Стерма  Ла Биока красное сухое 0.75л,СШ008,СОБЕР БАШ ТРЕЙД,0.75,,2471.31,,2.0,0,2.0,0
733,"Собер Баш Каберне Фран Классика розовое сухое 0,75л",СШ032А,СОБЕР БАШ ТРЕЙД,0.75,,826.2,,203.0,0,203.0,0
734,Тенута Кантагалло Кьянти Монтальбано красное сухое вино 0.75л,ФР192,Форт Виноторговая компания,0.75,,3035.97,,10.0,0,10.0,0
736,Болгери Верментино. Чиприана Пагуро сухое белое 0.75л.,ЛД542Н,Ладога Дистрибьюшен,0.75,,4037.25,,1.0,0,1.0,0
737,Брунелло ди Монтальчино Пелагрилли красное сухое 0.75л,АИ466А,АСТ-интернэшнл инваэронмэнт,0.75,,10123.25,,2.0,2.0,2.0,0
739,Контесса ди Радда Бьянко Тоскана сухое белое 0.75л.,ЛД1397,Ладога Дистрибьюшен,0.75,,2507.75,,16.0,0,16.0,0
740,"Контесса ди Радда Тоскана сухое красное 0,75",ЛД1264,Ладога Дистрибьюшен,0.75,,2691.5,,4.0,0,4.0,0
742,Кьянти Джеографико сухое красное 0.75л,ЛД463А,Ладога Дистрибьюшен,0.75,,1632.75,,100.0,0,100.0,0
743,Палаццо Нобиле Кьянти Ризерва марочное сухое красное 0.75л,ЛД648М,Ладога Дистрибьюшен,0.75,,1615.25,,18.0,0,18.0,0
744,Кьянти Классико Джеографико выдерж сухое красное 0.75л.,ЛД447А,Ладога Дистрибьюшен,0.75,,2296.0,,16.0,0,16.0,0
745,ПавоНеро Бьянко орд сухое белое 0.75л.,ЛД1146,Ладога Дистрибьюшен,0.75,,1596.0,,42.0,0,42.0,0
746,ПавоНеро Зинфандель Пулия полусухое красное 0.75л.,ЛД1469,Ладога Дистрибьюшен,0.75,,1615.25,,66.0,0,66.0,0
747,ПавоНеро Россо орд полусухое красное 0.75л.,ЛД1154А,Ладога Дистрибьюшен,0.75,,1596.0,,18.0,0,18.0,0
749,448 с л м Гирлан Россо красное сухое вино 0.75л,ЛД1749,Ладога Дистрибьюшен,0.75,,2445.38,,12.0,0,11.0,0
751,Пино Гриджио Вальдадидже Террадеифорти сорт ордин белое сухое 0.75л.,ЛД417А,Ладога Дистрибьюшен,0.75,,1770.45,,9.0,0,9.0,0
752,Альто-Адидже Гирлан Мюллер-Тургау сорт орд сухое белое 0.75л.,ЛД1142,Ладога Дистрибьюшен,0.75,,2918.79,,7.0,0,7.0,0
753,Неббиоло д'Альба Ла Пипина Ла Биока красное сухое 0.75л,СШ030А,СОБЕР БАШ ТРЕЙД,0.75,,3157.79,,1.0,0,1.0,0
755,Вино Лагрейн Сан Микеле Аппиано красное сухое 0.75,АИ1093,АСТ-интернэшнл инваэронмэнт,0.75,,3641.06,,7.0,0,7.0,0
756,Вино Мюллер Тургау Сан Микеле Аппиано белое сухое 0.75,АИ1094,АСТ-интернэшнл инваэронмэнт,0.75,,3533.69,,1.0,0,1.0,0
757,"Вино Шардоне Сан Микеле Аппиано белое сухое 0,75",АИ1066,АСТ-интернэшнл инваэронмэнт,0.75,,3568.79,,2.0,0,2.0,0
759,Колли Мартани Арнальдо Капрай. Греканте Грекетто сухое белое 0.75л.,ЛД1394,Ладога Дистрибьюшен,0.75,,2467.03,,7.0,0,7.0,0
760,Умбрия Арнальдо Капрай. Анима Умбра Грекетто сухое белое креп. 13% 0.75л.,ЛД265,Ладога Дистрибьюшен,0.75,,1822.46,,7.0,0,7.0,0
761,Фантини Сэнсуале розовое сухое вино 0.75л,АИ1365,АСТ-интернэшнл инваэронмэнт,0.75,,2182.21,,6.0,0,6.0,0
763,"Вино выдержанное красное сухое ""Брессан Пино Неро"", год урожая 2020,  0,75л",ФР270,Форт Виноторговая компания,0.75,,18857.85,,2.0,0,2.0,0
764,Скарболо Пино Гриджио ильрамато сухое розовое 13% 0.75л.,ПВ347,ПРЕМЬЕР-ВИН,0.75,,1911.56,,2.0,0,2.0,0
767,"Фан Лук красное полусухое 0,75л.",ЛД1622,Ладога Дистрибьюшен,0.75,,854.7,,13.0,0,13.0,0
768,Чанью Рислинг полусухое белое 0.75л.,ЛД1540,Ладога Дистрибьюшен,0.75,,1615.25,,19.0,0,19.0,0
769,Чанью Феникс красное полусухое вино 0.75л,ЛД1524,Ладога Дистрибьюшен,0.75,,1452.5,,12.0,0,12.0,0
770,"Шато Кефрайя Руж красное сухое марочное 0,75л.",ЛД1623,Ладога Дистрибьюшен,0.75,,4210.5,,7.0,0,7.0,0
771,Шато Чанью Мозер XV Хелан Маунтен Рейндж Блан де Нуар сухое белое 0.75л.,ЛД1586,Ладога Дистрибьюшен,0.75,,1593.9,,8.0,0,8.0,0
774,ММ Классик Каберне Совиньон красное сухое 1.0л,ЕР060,ЕвроТорг,1,,630.95,,15.0,0,15.0,0
775,ММ Классик Розе розовое сухое 1.0л,ЕР061,ЕвроТорг,1,,630.95,,9.0,0,9.0,0
778,ВИОРИКА ДЕ БУЛЬБОАКА сорт полусухое белое 0.75л. Кастел Мими,ОМ272,ТОРГОВЫЙ ДОМ АРОМА,0.75,,1903.82,,5.0,0,5.0,0
779,ПИНО НУАР - САПЕРАВИ - РАРА НЯГРЭ рд сухое розовое КАСТЕЛ МИМИ 0.75л.,ОМ271,ТОРГОВЫЙ ДОМ АРОМА,0.75,,712.41,,1.0,0,1.0,0
780,ПИНО НУАР - САПЕРАВИ - РАРА НЯГРЭ сухое красное 0.75л. Кастел Мими,ОМ239,ТОРГОВЫЙ ДОМ АРОМА,0.75,,712.41,,56.0,0,56.0,0
781,ФЕТЯСКА НЯГРЭ - МАЛЬБЕК сухое красное 0.75л. КАСТЕЛ МИМИ,ОМ240,ТОРГОВЫЙ ДОМ АРОМА,0.75,,712.41,,6.0,0,6.0,0
784,Арко Бэй Мальборо Совиньон Блан сухое белое 0.75л.,ЛД230А,Ладога Дистрибьюшен,0.75,,1735.8,,92.0,0,92.0,0
785,"Бабич Мальборо Розе Пино Нуар сухое розовое 2019, алк.12,5% 0,75Л",ВК198,ВИНИКОМ ООО,0.75,,3432.59,,6.0,0,6.0,0
786,Бранкотт Истейт Совиньон Блан сухое белое 0.75л,ДА294,Компания Даско-Трейд ООО,0.75,ПИ,1320.66,,36.0,0,36.0,0
787,"Вино сортовое ординарное сухое белое, регион Мальборо ""МАЛЬБОРО СПРИНГС СОВИНЬОН БЛАН"" 0,75",АР251Н,Альтаир групп,0.75,,1988.03,,17.0,0,17.0,0
788,Киви Кюве Совиньон Блан белое сухое 0.75л Франция,ПВ078Ф,ПРЕМЬЕР-ВИН,0.75,,2019.19,,33.0,0,33.0,0
789,Мао Мао Совиньон Блан белое сухое вино 0.75л,АИ1362,АСТ-интернэшнл инваэронмэнт,0.75,,1574.1,,20.0,0,20.0,0
790,Нау Мэй Совиньон Блан белое сухое 0.187л,ПВ1301,ПРЕМЬЕР-ВИН,0.187,,789.68,,16.0,0,16.0,0
791,Нед Совиньон Блан белое сухое вино 0.75л,АИ083Н,АСТ-интернэшнл инваэронмэнт,0.75,,2525.45,,0,13.0,0,0
793,Нельсон Клиффс Розе Совиньон Блан розовое сухое 0.75л,ТЛ108,Ритейл Логистик ООО,0.75,,1828.85,,6.0,0,6.0,0
795,"Фернвей Совиньон Блан сортовое ординарное сухое белое 0,75л",ВЕ179,Вериго ООО,0.75,,2296.9,,12.0,0,12.0,0
796,Шай Альбатрос Совиньон Блан белое сухое вино 0.75л,ФР137,Форт Виноторговая компания,0.75,,2725.5,1495.0,154.0,0,154.0,0
799,"Вино сухое белое, регион Пенинсула де Сетубал, ВР, Джей Пи Азейтао 0,75л",ВК505,ВИНИКОМ ООО,0.75,,1815.86,,10.0,0,10.0,0
801,"Вино полусухое белое Казал Гарсия 0,75л",ВК210Н,ВИНИКОМ ООО,0.75,,2185.72,,24.0,0,24.0,0
802,Винью Верде Павао Розе полусухое розовое 0.75л,ЛД967А,Ладога Дистрибьюшен,0.75,,1452.5,,69.0,0,69.0,0
803,Винью Верде Павао Эсколья полусухое белое 0.75л,ЛД989А,Ладога Дистрибьюшен,0.75,,1452.5,,76.0,0,76.0,0
804,Винью Верде Эcте Эсколья полусухое белое 0.75л,ЛД830А,Ладога Дистрибьюшен,0.75,,1452.5,,1083.0,0,1083.0,0
806,Диарио Росадо розовое полусухое 0.75л,АИ517С,АСТ-интернэшнл инваэронмэнт,0.75,,1311.86,,25.0,0,25.0,0
807,Диарио Бранко белое полусухое 9.5% 0.75л.,АИ543,АСТ-интернэшнл инваэронмэнт,0.75,,1048.19,,20.0,0,20.0,0
808,Жигантонеш Винью Верде розовое полусухое 0.25л ж/б,ЛИ016,ЛВК & Логистик ООО,0.25,,423.07,,65.0,0,65.0,0
809,Кабра Сега Виньо Верде белое полусухое вино 0.75л,ФР121,Форт Виноторговая компания,0.75,,2279.47,,52.0,0,52.0,0
810,Казал Гарсия Розе полусухое розовое вино 0.75л,ВК211Н,ВИНИКОМ ООО,0.75,,2135.75,,11.0,0,11.0,0
811,Камалеао Виньо Верде Лоурейро э Альвариньо белое сухое вино 0.75л,ФР124,Форт Виноторговая компания,0.75,,2050.52,,0,119.0,0,0
812,Лагошта полусухое белое 0.75л.,ПВ1006А,ПРЕМЬЕР-ВИН,0.75,,1436.09,,9.0,0,9.0,0
813,ЛАГОШТА полусухое розовое 0.75л.,ПВ1007А,ПРЕМЬЕР-ВИН,0.75,,1436.09,,2.0,0,2.0,0
814,Оушн Буффе Виньо Верде Бранко белое полусухое вино 0.75л,ФР076,Форт Виноторговая компания,0.75,,1801.67,990.0,213.0,4.0,213.0,0
815,Оушн Буффе Виньо Верде Розе розовое полусухое вино 0.75л,ФР127,Форт Виноторговая компания,0.75,,1801.67,990.0,45.0,0,45.0,0
817,Вино ординарное Винью Верде Альту Лима полусухое белое 0.75л.,ЛД829А,Ладога Дистрибьюшен,0.75,,1417.5,,70.0,0,70.0,0
818,Галодоро Резерва красное полусухое вино 0.75л,ФР120,Форт Виноторговая компания,0.75,,2075.41,,53.0,0,53.0,0
819,Кабра Сега розовое полусухое вино 0.75л,ФР122,Форт Виноторговая компания,0.75,,2234.67,,26.0,0,26.0,0
821,Вино ординарное Казал Гарсия Свит сладкое белое 0.75л.,ВК335,ВИНИКОМ ООО,0.75,,1660.01,,2.0,0,2.0,0
823,Тен Майл Бридж орд сух розовое 0.75л.,ЛД828,Ладога Дистрибьюшен,0.75,,707.85,,13.0,0,13.0,0
825,Авторское вино Бастардо Захарьин красное сухое 0.75л,ИН166,ВИННЫЙ ДОМ ИНКЕРМАН ООО,0.75,,691.74,,12.0,0,12.0,0
826,Авторское вино Кокур белое сухое 0.75л Массандра,ИН161,ВИННЫЙ ДОМ ИНКЕРМАН ООО,0.75,,719.8,,48.0,0,48.0,0
827,Авторское вино Пино Нуар Захарьин красное сухое 0.75л,ИН180,ВИННЫЙ ДОМ ИНКЕРМАН ООО,0.75,,691.74,,12.0,0,12.0,0
828,Авторское вино Шардоне белое сухое 0.75л Массандра,ИН160,ВИННЫЙ ДОМ ИНКЕРМАН ООО,0.75,,719.8,,19.0,0,19.0,0
830,"Вино полусладкое красное  Шиша  0,75л.",АЙС001,Айспирит ООО,0.75,,410.19,,279.0,0,279.0,0
832,Монастырская Трапеза полусладкое белое 1.0л,ЛС022,АЛВИСА ООО,1,,315.69,,1819.0,0,1818.0,0
833,Монастырская Трапеза полусладкое красное 1.0л,ЛС021,АЛВИСА ООО,1,,315.69,,1128.0,0,1128.0,0
834,Монастырская Трапеза сухое белое 1.0л,ЛС024,АЛВИСА ООО,1,,315.69,,2532.0,0,2532.0,0
835,Монастырская Трапеза сухое красное 1.0л,ЛС023,АЛВИСА ООО,1,,315.69,,1110.0,0,1110.0,0
836,Бабушка белое сухое вино 0.75л,ФР138,Форт Виноторговая компания,0.75,,1214.39,,36.0,0,36.0,0
837,Бастардо Резерв красное сухое 0.75л Инкерман,ИН156,ВИННЫЙ ДОМ ИНКЕРМАН ООО,0.75,,746.64,,41.0,0,41.0,0
838,БЛЕНД Пино Блан-Шардоне белое сухое вино 0.75л Усадьба Маскага,ФР182,Форт Виноторговая компания,0.75,,1672.27,930.0,30.0,0,30.0,0
839,БЛЕНД Шардоне Пино Блан Траминер Розовый белое сухое вино 0.75л Усадьба Маскага,ФР119,Форт Виноторговая компания,0.75,,1672.27,930.0,12.0,0,12.0,0
840,Бурлюк Бастардо красное сухое 0.75л Захарьин,ИН139,ВИННЫЙ ДОМ ИНКЕРМАН ООО,0.75,,714.92,,20.0,0,20.0,0
841,Бурлюк Каберне Фран красное сухое 0.75л Захарьин,ИН168,ВИННЫЙ ДОМ ИНКЕРМАН ООО,0.75,,714.92,,56.0,0,56.0,0
842,Бурлюк Санджовезе красное сухое 0.75л Захарьин,ИН140,ВИННЫЙ ДОМ ИНКЕРМАН ООО,0.75,,714.92,,12.0,0,12.0,0
843,Бурлюк Совиньон Розе розовое сухое 0.75л Захарьин,ИН167,ВИННЫЙ ДОМ ИНКЕРМАН ООО,0.75,,714.92,,12.0,0,12.0,0
844,Вайн Гайд Каберне красное полусладкое 0.75л,КО010,Виалко групп,0.75,,341.59,,92.0,0,91.0,0
845,Вайн Гайд Пино Нуар красное сухое вино 0.75л,КО005,Виалко групп,0.75,,384.27,,27.0,0,27.0,0
847,Вино ГУСТАРЕ полусладкое белое  1л.,ВШ070,ВИЛАШ-КШВ ООО,1,,222.75,,173.0,133.0,173.0,0
848,Вино ГУСТАРЕ полусладкое красное 1л.,ВШ071,ВИЛАШ-КШВ ООО,1,,222.75,,202.0,192.0,202.0,0
849,Вино полусладкое белое «ТОМАС МЭЙСОН ДОМАШНЕЕ ВИНО» 1л.,ВШ068,ВИЛАШ-КШВ ООО,1,,309.15,,772.0,120.0,772.0,0
850,Вино полусладкое красное «ТОМАС МЭЙСОН ДОМАШНЕЕ ВИНО» 1л.,ВШ069,ВИЛАШ-КШВ ООО,1,,309.15,,1072.0,120.0,1072.0,0
851,ГУСТАРЕ сухое белое 1.0л,ВШ006,ВИЛАШ-КШВ ООО,1,,222.75,,84.0,66.0,84.0,0
852,ГУСТАРЕ сухое красное 1.0л,ВШ005,ВИЛАШ-КШВ ООО,1,,222.75,,98.0,66.0,98.0,0
856,Мускат Оттонель серии Баккал Су белое сухое вино 0.75л,ИН186,ВИННЫЙ ДОМ ИНКЕРМАН ООО,0.75,,921.1,,6.0,0,6.0,0
857,Саперави Каберне Совиньон серии Баккал Су красное сухое вино 0.75л,ИН185,ВИННЫЙ ДОМ ИНКЕРМАН ООО,0.75,,921.1,,10.0,0,10.0,0
861,Пощечина общественному вкусу розовое полусухое вино 0.75л Бурлюк,ИН131,ВИННЫЙ ДОМ ИНКЕРМАН ООО,0.75,,265.96,,54.0,0,54.0,0
867,Авторское вино Каберне Совиньон Захарьин красное сухое 0.187л,ИН210,ВИННЫЙ ДОМ ИНКЕРМАН ООО,0.187,,297.68,,702.0,0,702.0,0
868,Авторское вино Совиньон блан Захарьин белое сухое 0.75л,ИН132,ВИННЫЙ ДОМ ИНКЕРМАН ООО,0.75,,691.74,,46.0,0,46.0,0
869,Авторское вино Шардоне Захарьин белое сухое 0.187л,ИН198,ВИННЫЙ ДОМ ИНКЕРМАН ООО,0.187,,297.68,,840.0,0,840.0,0
870,Авторское вино Шардоне Захарьин белое сухое 0.75л,ИН133,ВИННЫЙ ДОМ ИНКЕРМАН ООО,0.75,,691.74,,6.0,0,6.0,0
871,Автохтонное вино Кокур-Кефесия Захарьин розовое сухое 0.75л,ИН134,ВИННЫЙ ДОМ ИНКЕРМАН ООО,0.75,,1327.36,,6.0,0,6.0,0
873,Тамянка Ливадия Дом Солнца 0.7л. полусладкое белое,ДК022Н,ДВК ООО,0.7,,187.41,,1.0,0,1.0,0
875,ЗБ вайн МУСКАТ полусладкое белое 0.75л,АК074,Золотая Балка ТД ООО,0.75,,619.65,,11.0,0,11.0,0
876,ЗБ вайн РИСЛИНГ полусухое белое 0.75л,АК064Р,Золотая Балка ТД ООО,0.75,,661.5,,56.0,0,56.0,0
877,ЗБ вайн РКАЦИТЕЛИ сухое белое 0.75л,АК073,Золотая Балка ТД ООО,0.75,,565.65,,33.0,0,33.0,0
878,ЗБ вайн САПЕРАВИ сухое красное 0.75л,АК052А,Золотая Балка ТД ООО,0.75,,565.65,,51.0,0,51.0,0
879,Пинк розовое сухое вино 0.75л,АК079,Золотая Балка ТД ООО,0.75,,1169.55,,3.0,0,3.0,0
881,Алиготе сухое белое (Авторское вино) 0.75л,ИН081,ВИННЫЙ ДОМ ИНКЕРМАН ООО,0.75,,719.8,,12.0,0,12.0,0
882,"Вино полусухое белое "" Шато Блан"" 0.7л.",ИН015А,ВИННЫЙ ДОМ ИНКЕРМАН ООО,0.7,,380.64,,0,3.0,0,0
883,Вино полусухое белое Полусухое белое Инкерман 0.75л.,ИН030,ВИННЫЙ ДОМ ИНКЕРМАН ООО,0.75,,452.62,,15.0,0,15.0,0
884,"Вино полусухое красное ""Шато Руж"" 0.7л.",ИН016А,ВИННЫЙ ДОМ ИНКЕРМАН ООО,0.7,,390.4,,239.0,3.0,239.0,0
885,Каберне Вайнмейкерс Селекшн сухое красное 0.75л Инкерман,ИН101,ВИННЫЙ ДОМ ИНКЕРМАН ООО,0.75,,638.06,,37.0,0,37.0,0
886,Каберне Гранд Резерв красное сухое марочное вино 0.75л,ИН112,ВИННЫЙ ДОМ ИНКЕРМАН ООО,0.75,,1010.16,,13.0,0,13.0,0
887,Каберне Совиньон Розовое Вайнмейкерс Селекш вино сухое розовое 0.75л Инкерман,ИН103,ВИННЫЙ ДОМ ИНКЕРМАН ООО,0.75,,638.06,,62.0,0,62.0,0
888,"Каберне Спешл Резерв выд сух красное 0,75",ИН065,ВИННЫЙ ДОМ ИНКЕРМАН ООО,0.75,,2464.4,,1.0,0,1.0,0
889,Каберне сухое красное 0.7л Инкерман,ИН012А,ВИННЫЙ ДОМ ИНКЕРМАН ООО,0.7,,390.4,,16.0,3.0,16.0,0
890,Кокур Белый сухое белое 0.75л Инкерман,ИН058,ВИННЫЙ ДОМ ИНКЕРМАН ООО,0.75,,620.98,,41.0,0,41.0,0
891,Лакрима Кристи марочное десертное красное 0.75л. (Мас),ИН056,ВИННЫЙ ДОМ ИНКЕРМАН ООО,0.75,,889.38,,11.0,0,11.0,0
892,"Мускат белый Массандра марочное десерт белое 0,75",ИН071,ВИННЫЙ ДОМ ИНКЕРМАН ООО,0.75,,618.14,,8.0,0,8.0,0
893,Мускат Вайнмейкерс Селекшн игристое белое полусладкое 0.75л Инкерман,ИН098,ВИННЫЙ ДОМ ИНКЕРМАН ООО,0.75,,619.76,,16.0,0,16.0,0
894,Мускатное белое полусладкое 0.7л Инкерман,ИН207,ВИННЫЙ ДОМ ИНКЕРМАН ООО,0.7,,380.64,,83.0,0,83.0,0
895,Пинно красное полусладкое вино 0.7л,ИН014А,ВИННЫЙ ДОМ ИНКЕРМАН ООО,0.7,,390.4,,250.0,3.0,250.0,0
896,"Пино Нуар Классический выд сух крас 0,75",ИН068,ВИННЫЙ ДОМ ИНКЕРМАН ООО,0.75,,1217.56,,7.0,0,7.0,0
897,Пино Нуар полусладкое красное 0.75л Инкерман,ИН017А,ВИННЫЙ ДОМ ИНКЕРМАН ООО,0.75,,638.06,,64.0,0,64.0,0
898,Портвейн белый Крымский Инкерман 0.75л,ИН094,ВИННЫЙ ДОМ ИНКЕРМАН ООО,0.75,,1277.34,,37.0,0,37.0,0
899,Портвейн красный Крымский Инкерман 0.75л,ИН095,ВИННЫЙ ДОМ ИНКЕРМАН ООО,0.75,,1301.74,,9.0,0,9.0,0
900,Рислинг Вайнмейкерс полусухое белое 0.75л Инкерман,ИН057,ВИННЫЙ ДОМ ИНКЕРМАН ООО,0.75,,620.98,,114.0,0,114.0,0
901,Саперави Вайнмейкерс сухое красное 0.75л Инкерман,ИН018А,ВИННЫЙ ДОМ ИНКЕРМАН ООО,0.75,,638.06,,35.0,0,35.0,0
902,Севрэ Каберне Совиньон по Белому сухое розовое 0.75л Инкерман,ИН089,ВИННЫЙ ДОМ ИНКЕРМАН ООО,0.75,,463.6,,16.0,0,16.0,0
903,Севрэ Каберне Совиньон сухое красное 0.75л Инкерман,ИН088,ВИННЫЙ ДОМ ИНКЕРМАН ООО,0.75,,463.6,,58.0,0,58.0,0
904,Севрэ Совиньон Блан сухое белое 0.75л Инкерман,ИН110,ВИННЫЙ ДОМ ИНКЕРМАН ООО,0.75,,463.6,,12.0,18.0,12.0,0
905,Севрэ Траминер сухое белое 0.75л Инкерман,ИН093,ВИННЫЙ ДОМ ИНКЕРМАН ООО,0.75,,463.6,,9.0,0,9.0,0
906,Шардоне Вайнмейкерс Селекшн сухое белое 0.75л Инкерман,ИН102,ВИННЫЙ ДОМ ИНКЕРМАН ООО,0.75,,620.98,,58.0,0,58.0,0
908,"Вино сухое белое ""Совиньон"" ""КРЫМСКИЙ ПОГРЕБОК"" 0,75Л",АМ155С,Русвинторг,0.75,,541.13,,21.0,0,21.0,0
910,Бастардо десертное красное 0.75л Массандра,ИН087,ВИННЫЙ ДОМ ИНКЕРМАН ООО,0.75,,960.14,,12.0,0,12.0,0
911,"Вино ординарное сухое белое ""Сухое белое"" Массандра 0.75л.",ИН021,ВИННЫЙ ДОМ ИНКЕРМАН ООО,0.75,,420.9,,14.0,3.0,14.0,0
912,Каберне полусладкое красное 0.75л Массандра,ИН047,ВИННЫЙ ДОМ ИНКЕРМАН ООО,0.75,,502.64,,1.0,0,1.0,0
913,Каберне сухое красное 0.75л Массандра,ИН043А,ВИННЫЙ ДОМ ИНКЕРМАН ООО,0.75,,424.56,,545.0,3.0,545.0,0
914,Каберне сухое красное Авторское вино 0.75л.,ИН085,ВИННЫЙ ДОМ ИНКЕРМАН ООО,0.75,,778.36,,73.0,0,73.0,0
915,Кагор Гурзуф десертное красное 0.75л.,ИН075,ВИННЫЙ ДОМ ИНКЕРМАН ООО,0.75,,854.0,,224.0,0,223.0,0
916,Кагор Массандра 0.75л,ИН121,ВИННЫЙ ДОМ ИНКЕРМАН ООО,0.75,,692.96,,5.0,0,5.0,0
917,Кагор Партенит 0.75л Массандра,ИН183,ВИННЫЙ ДОМ ИНКЕРМАН ООО,0.75,,692.96,,4.0,0,4.0,0
918,Кагор Южнобережный марочное десертное красное 0.75л Массандра,ИН033,ВИННЫЙ ДОМ ИНКЕРМАН ООО,0.75,,955.26,,18.0,0,18.0,0
919,Кокур плусладкое белое 0.75л Массандра,ИН208,ВИННЫЙ ДОМ ИНКЕРМАН ООО,0.75,,488.0,,762.0,0,762.0,0
920,Кокур Сурож марочное десертное белое 0.75л Массандра,ИН034А,ВИННЫЙ ДОМ ИНКЕРМАН ООО,0.75,,638.06,,58.0,0,58.0,0
921,Кокур сухое белое 0.75л Массандра,ИН044,ВИННЫЙ ДОМ ИНКЕРМАН ООО,0.75,,463.6,,24.0,0,24.0,0
922,Мадера Крымская марочное крепкое белое 0.75л Массандра,ИН025,ВИННЫЙ ДОМ ИНКЕРМАН ООО,0.75,,786.9,,53.0,2.0,53.0,0
923,Мадера Массандра мароч крепкое белое 0.75л.,ИН035,ВИННЫЙ ДОМ ИНКЕРМАН ООО,0.75,,1026.02,,24.0,0,24.0,0
924,Марсала Массандра марочное крепкое розовое вино 0.75л,ИН126А,ВИННЫЙ ДОМ ИНКЕРМАН ООО,0.75,,867.42,,31.0,0,31.0,0
925,Мускат белое сухое вино 0.75л (Массандра),ИН108,ВИННЫЙ ДОМ ИНКЕРМАН ООО,0.75,,459.94,,199.0,0,199.0,0
926,Мускат белый Красного камня мароч десерт белое 0.75л.,ИН036,ВИННЫЙ ДОМ ИНКЕРМАН ООО,0.75,,1168.76,,26.0,0,26.0,0
927,Мускат позднего сбора белое сладкое вино 0.375л Массандра,ИН182,ВИННЫЙ ДОМ ИНКЕРМАН ООО,0.375,,1777.54,,2.0,0,2.0,0
928,Мускат розовое сухое 0.75л (Массандра),ИН109,ВИННЫЙ ДОМ ИНКЕРМАН ООО,0.75,,470.92,,32.0,0,32.0,0
929,Мускатель Массандра Белый десертное белое 0.75л Массандра,ИН037,ВИННЫЙ ДОМ ИНКЕРМАН ООО,0.75,,589.26,,15.0,0,15.0,0
930,Мускатель Массандра Черный десертное красное 0.75л Массандра,ИН026,ВИННЫЙ ДОМ ИНКЕРМАН ООО,0.75,,645.38,,20.0,2.0,20.0,0
931,Портвейн Алушта Белый крепкое белое 0.75л Массандра,ИН039,ВИННЫЙ ДОМ ИНКЕРМАН ООО,0.75,,586.82,,136.0,0,136.0,0
932,Портвейн Алушта Красный крепкое красное 0.75л Массандра,ИН027,ВИННЫЙ ДОМ ИНКЕРМАН ООО,0.75,,649.04,,71.0,0,70.0,0
933,Портвейн белый Гурзуф 0.75л.,ИН077,ВИННЫЙ ДОМ ИНКЕРМАН ООО,0.75,,600.24,,12.0,0,12.0,0
934,Портвейн белый Сурож марочное крепкое белое 0.75л.,ИН040,ВИННЫЙ ДОМ ИНКЕРМАН ООО,0.75,,755.18,,16.0,0,16.0,0
935,Портвейн красный Гурзуф 0.75л.,ИН078,ВИННЫЙ ДОМ ИНКЕРМАН ООО,0.75,,661.24,,30.0,3.0,24.0,0
936,Портвейн красный Ливадия марочное красное 0.75л.,ИН049,ВИННЫЙ ДОМ ИНКЕРМАН ООО,0.75,,875.96,,25.0,0,25.0,0
937,Российское крепленое (ликерное) вино  марочное крепкое белое Херес Массандра 0.75л.,ИН029,ВИННЫЙ ДОМ ИНКЕРМАН ООО,0.75,,899.14,,6.0,0,6.0,0
938,Российское крепленое (ликерное) вино ординарное крепкое розовое Портвейн розовый Алушта МАС 0.75л.,ИН028,ВИННЫЙ ДОМ ИНКЕРМАН ООО,0.75,,625.86,,2.0,3.0,2.0,0
939,Саперави сухое красное Авторское вино 0.75л.,ИН086,ВИННЫЙ ДОМ ИНКЕРМАН ООО,0.75,,778.36,,12.0,0,12.0,0
940,Седьмое небо князя Голицына марочное десертное белое вино 0.75л,ИН128,ВИННЫЙ ДОМ ИНКЕРМАН ООО,0.75,,808.86,,7.0,0,7.0,0
941,Сухое Красное сухое красное 0.75л Массандра,ИН022А,ВИННЫЙ ДОМ ИНКЕРМАН ООО,0.75,,461.16,,28.0,0,28.0,0
942,Херес Ореанда марочное крепкое белое 0.75л.,ИН041,ВИННЫЙ ДОМ ИНКЕРМАН ООО,0.75,,802.76,,20.0,0,20.0,0
943,Черный доктор Массандра марочное десертное красное вино 0.75л,ИН127,ВИННЫЙ ДОМ ИНКЕРМАН ООО,0.75,,1128.5,,15.0,0,15.0,0
945,"Кагор Солнечной Долины ликерное красное 0,75",АИ757,АСТ-интернэшнл инваэронмэнт,0.75,,795.02,,15.0,0,15.0,0
946,Кокур Солнечной Долины белое сухое вино 0.75л,АИ491А,АСТ-интернэшнл инваэронмэнт,0.75,,507.87,,6.0,0,6.0,0
947,"Меганом Солнечная Долина сухое белое 0,75",АИ496А,АСТ-интернэшнл инваэронмэнт,0.75,,643.45,,2.0,0,2.0,0
948,Приват Солнечная Долина ликерное красное 0.75л.,АИ759А,АСТ-интернэшнл инваэронмэнт,0.75,,5279.74,,6.0,0,6.0,0
949,"Солнечная Долина ликерное белое 0,75",АИ493А,АСТ-интернэшнл инваэронмэнт,0.75,,1476.31,,6.0,0,6.0,0
950,"Черный Доктор Солнечной Долины ликерное красное 0,75",АИ492А,АСТ-интернэшнл инваэронмэнт,0.75,,2955.77,,9.0,0,9.0,0
951,"Черный Полковник Солнечная Долина ликерное красное 0,75",АИ758,АСТ-интернэшнл инваэронмэнт,0.75,,1476.31,,4.0,0,4.0,0
952,Вино красное полусладкое Псыхапно 0.75л,АЙС005,Айспирит ООО,0.75,,410.19,,6.0,0,0,0
953,"Вино полусладкое белое ""Адегой"" 0,7Л",АЙС004,Айспирит ООО,0.7,,374.85,,23.0,27.0,23.0,0
954,"Вино полусладкое белое ""ВИЛЛА ГРАНДЕ"" 1,0Л",УМ206,РЕГИОН 50,1,,711.07,,106.0,0,106.0,0
955,Вино полусладкое белое Шепси 0.75л,АЙС006,Айспирит ООО,0.75,,410.19,,12.0,24.0,12.0,0
956,"Вино полусладкое красное ""Абадзехи"" 0,7Л",АЙС002,Айспирит ООО,0.7,,374.85,,33.0,36.0,33.0,0
957,"Вино полусладкое красное ""Ахун"" 0,7Л",АЙС003,Айспирит ООО,0.7,,374.85,,36.0,36.0,36.0,0
958,"Вино полусладкое красное ""ВИЛЛА ГРАНДЕ"" 1,0Л",УМ207,РЕГИОН 50,1,,711.07,,205.0,0,205.0,0
959,"Вино полусладкое красное ""Каберне"",  1,5Л",КУ004,,1.5,,612.0,,645.0,0,645.0,0
960,"Вино полусладкое красное ""Ханчакрак"" 0.7л",АЙС007,Айспирит ООО,0.7,,376.0,,120.0,60.0,120.0,0
961,"Вино полусладкое красное ""Чилипси"" бут. 0,75л",АЙС008,Айспирит ООО,0.75,,410.19,,54.0,60.0,54.0,0
962,"Вино сухое белое Виндемиатрикс ТЗ Калос Лимен 0,187л.",ОН035,Прометей,0.187,,499.22,,11.0,0,11.0,0
964,"Кубань. Новороссийск сухое белое ""Шато Пино. Гравитация. Шардоне/Рислинг"" 0.75л.",АИ473А,АСТ-интернэшнл инваэронмэнт,0.75,,679.59,,17.0,0,17.0,0
965,"Кубань. Новороссийск сухое белое ""Шато Пино.Колдун Белый"" 0.75л.",АИ474А,АСТ-интернэшнл инваэронмэнт,0.75,,1166.4,,29.0,0,29.0,0
966,"Кубань. Новороссийск сухое красное ""Шато Пино.Колдун Красный"" 0.75л.",АИ475А,АСТ-интернэшнл инваэронмэнт,0.75,,1166.4,,11.0,0,11.0,0
967,Шато Пино. Гравитация. Каберне Фран/Каберне Совиньон российское сухое красное 0.75л.,АИ471А,АСТ-интернэшнл инваэронмэнт,0.75,,679.59,,53.0,0,53.0,0
969,Шато Пино. Дикари. Каберне Совиньон сухое красное 0.75л.,АИ504А,АСТ-интернэшнл инваэронмэнт,0.75,,2012.85,,6.0,0,6.0,0
970,Шато Пино. Дикари. Совиньон Блан сух белое 0.75л.,АИ503А,АСТ-интернэшнл инваэронмэнт,0.75,,2012.85,,39.0,0,39.0,0
972,"Вино сухое белое МУСКАТ ГАЙ-КОДЗОР 0,75",ВК320,ВИНИКОМ ООО,0.75,,1520.9,,53.0,0,53.0,0
973,Вино сухое красное МАЛЬБЕК де ГАЙ-КОДЗОР 0.75л.,ВК385,ВИНИКОМ ООО,0.75,,1496.42,,24.0,0,24.0,0
974,"Вино сухое розовое РОЗЕ де ГАЙ-КОДЗОР 0,75л",ВК382,ВИНИКОМ ООО,0.75,,1446.57,,48.0,0,48.0,0
975,"Вионье Гай Кодзор сухое белое 0,75",ВК147Н,ВИНИКОМ ООО,0.75,,1520.9,,10.0,0,10.0,0
976,"РУССАН де ГАЙ-КОДЗОР сухое белое 0,75Л",ВК187,ВИНИКОМ ООО,0.75,,1450.56,,12.0,0,12.0,0
980,Рислинг Геленджик-Криница-Бетта белое сухое вино 0.75л,АИ707А,АСТ-интернэшнл инваэронмэнт,0.75,,2939.49,,4.0,0,4.0,0
981,Российское вино Кубань Геленджик сухое красное Арена 0.75л.,АИ1214,АСТ-интернэшнл инваэронмэнт,0.75,,1635.39,,3.0,0,3.0,0
982,Российское Вионье Геленджик-Криница-Бетта белое сухое 13.1% 0.75л.,АИ704,АСТ-интернэшнл инваэронмэнт,0.75,,2939.49,,6.0,0,6.0,0
983,Российское Риваж Геленджик-Криница-Бетта красное сухое 0.75л.,АИ706,АСТ-интернэшнл инваэронмэнт,0.75,,3261.06,,4.0,0,4.0,0
984,Сиракюз 2023 розовое сухое вино 0.75л,АИ708А,АСТ-интернэшнл инваэронмэнт,0.75,,1615.95,,3.0,0,3.0,0
986,Кантиани Каберне Совиньон  красное сухое вино 0.75л,ЛС045,АЛВИСА ООО,0.75,,448.62,,103.0,0,103.0,0
987,Кантиани Оранж белое сухое вино 0.75л,ЛС047,АЛВИСА ООО,0.75,,448.62,,124.0,0,124.0,0
988,Кантиани Рислинг Рейнский белое сухое вино 0.75л,ЛС046,АЛВИСА ООО,0.75,,448.62,,112.0,0,112.0,0
989,Кантиани Саперави-Мерло красное сухое вино 0.75л,ЛС044,АЛВИСА ООО,0.75,,420.59,,106.0,0,106.0,0
991,"Вино полусладкое белое  Ди Каспико  0,75л.",ДЕР022,,0.75,,564.57,,24.0,0,24.0,0
992,"Вино полусладкое белое  Ди Каспико Спешл Эдишн  0,75л.",ДЕР027,,0.75,,564.57,,42.0,0,42.0,0
993,"Вино полусухое белое  Ди Каспико Фиори Ди Маре Верде  0,75л.",ДЕР025,,0.75,,552.33,,2.0,0,2.0,0
994,"Вино полусухое розовое  Ди Каспико Фиори Ди Маре Верде  0,75л.",ДЕР028,,0.75,,552.33,,33.0,0,33.0,0
995,"Вино сухое белое  Ди Каспико Рислинг  0,75л.",ДЕР018,,0.75,,564.57,,97.0,0,97.0,0
996,"Вино сухое белое  Кавказиан Ркацители  0,75л.",ДЕР035,,0.75,,598.23,,57.0,0,57.0,0
997,"Вино сухое белое  Эндемы Шардоне  0,75л.",ДЕР026,,0.75,,1773.27,,24.0,0,24.0,0
998,"Вино сухое белое ""ДЭСОНО Шардоне"" 0.75л",ДЕР040,,0.75,,726.75,,12.0,0,12.0,0
999,Вино сухое белое Ди Каспико Совиньон 0.75л,ДЕР045,,0.75,,564.57,,48.0,0,48.0,0
1000,Вино сухое белое Ди Каспико Шардоне 0.75л,ДЕР048,,0.75,,564.57,,19.0,0,19.0,0
1001,Вино сухое белое ДЭСОНО Рислинг 0.75л,ДЕР046,,0.75,,726.75,,48.0,0,48.0,0
1002,"Вино сухое красное  ДЭСОНО Каберне Совиньон 0,75л.",ДЕР004,,0.75,,726.75,,123.0,0,123.0,0
1003,"Вино сухое красное  ДЭСОНО Каберне Фран 0,75л.",ДЕР005,,0.75,,726.75,,138.0,0,138.0,0
1004,"Вино сухое красное  ДЭСОНО Мерло 0,75л.",ДЕР002,,0.75,,726.75,,66.0,0,66.0,0
1005,"Вино сухое красное  ДЭСОНО Саперави 0,75л.",ДЕР010,,0.75,,726.75,,16.0,0,16.0,0
1006,"Вино сухое красное  Кавказиан Саперави  0,75л.",ДЕР037,,0.75,,598.23,,91.0,0,91.0,0
1007,"Вино сухое розовое  Ди Каспико Розе  0,75л.",ДЕР032,,0.75,,564.57,,72.0,0,72.0,0
1008,"Вино сухое розовое  ДЭСОНО Розе Саперави 0,75л.",ДЕР012,,0.75,,726.75,,18.0,0,18.0,0
1009,"Ди Каспико Мерло сухое красное 0,75",АГ543А,Вино он-лайн АГ,0.75,,567.31,,1.0,0,1.0,0
1010,Ди Каспико Мерло сухое красное 0.75л.,АГ543Р,Вино он-лайн АГ,0.75,,567.31,,1.0,0,1.0,0
1011,Ди Каспико Розе сухое розовое 0.75л.,АГ544,Вино он-лайн АГ,0.75,,567.31,,18.0,0,18.0,0
1013,Вечерница сухое красное 0.75л. (Дивноморское),АИ629,АСТ-интернэшнл инваэронмэнт,0.75,,1292.76,,45.0,0,45.0,0
1014,Дивноморское Розе розовое сухое 0.75л,АИ1052,АСТ-интернэшнл инваэронмэнт,0.75,,2891.7,,4.0,0,4.0,0
1015,Мускат Оттонель сладкое белое 0.5л. (Дивноморское),АИ614А,АСТ-интернэшнл инваэронмэнт,0.5,,3047.6,,6.0,0,6.0,0
1016,Пино Блан сухое белое 0.75л. (Дивноморское),АИ611А,АСТ-интернэшнл инваэронмэнт,0.75,,3154.14,,1.0,0,1.0,0
1017,Рислинг сухое белое 0.75л. (Дивноморское),АИ608А,АСТ-интернэшнл инваэронмэнт,0.75,,3154.14,,2.0,0,2.0,0
1018,"Сира Дивноморское сухое красное 0,75",АИ616А,АСТ-интернэшнл инваэронмэнт,0.75,,3514.59,,3.0,0,3.0,0
1019,Солист Дивноморское сухое розовое 0.75л.,АИ625,АСТ-интернэшнл инваэронмэнт,0.75,,1296.81,,43.0,0,43.0,0
1020,Солнечный ветер Дивноморское сухое белое 0.75л.,АИ626,АСТ-интернэшнл инваэронмэнт,0.75,,1286.28,,13.0,0,13.0,0
1021,Холодный туман Дивноморское сухое белое 0.75л.,АИ627,АСТ-интернэшнл инваэронмэнт,0.75,,1266.34,,2.0,0,2.0,0
1022,Южный лес Дивноморское сухое красное 0.75л.,АИ628,АСТ-интернэшнл инваэронмэнт,0.75,,1461.24,,35.0,0,35.0,0
1024,"Вино пл. белое Мускатное 0,7л. ТМ Бордо",ДО007,Долина ООО,0.7,,355.73,,220.0,126.0,220.0,0
1025,"Вино пл. белое Татьянин день 0,7л. ТМ Бордо",ДО001,Долина ООО,0.7,,355.73,,174.0,120.0,174.0,0
1026,"Вино пл. красное Изабелла прекрасная 0,7л. ТМ Бордо",ДО002,Долина ООО,0.7,,355.73,,621.0,36.0,621.0,0
1027,"Вино пл. красное Усадьба Виноделово. Каберне-Вельвет 0,75л.",ДО006,Долина ООО,0.75,,413.02,,150.0,0,150.0,0
1028,Вино полусладкое белое  ДОМАШНЕЕ ВИНО  1л.,ДО016,Долина ООО,1,,489.98,,199.0,0,199.0,0
1029,Вино полусладкое красное  ДОМАШНЕЕ ВИНО  1л.,ДО017,Долина ООО,1,,489.98,,486.0,0,486.0,0
1030,"Вино полусладкое красное  Чаровница  0,7л.",ДО011,Долина ООО,0.7,,355.73,,24.0,0,24.0,0
1031,"Вино полусладкое красное  Чары Диониса  0,7л.",ДО012,Долина ООО,0.7,,355.73,,570.0,120.0,570.0,0
1032,"Вино сух. бел. Шардоне 0,7л. ТМ Бордо",ДО005,Долина ООО,0.7,,355.73,,351.0,108.0,351.0,0
1033,"Вино сух. крас. Каберне 0,7л. ТМ Бордо",ДО004,Долина ООО,0.7,,355.73,,699.0,108.0,699.0,0
1034,"Вино сухое красное  Каберне  0,7л.(ТМ Экспортная)",ДО018,Долина ООО,0.7,,275.48,,175.0,66.0,175.0,0
1035,"Российское вино с ЗГУ «Кубань» полусладкое белое «Усадьба Виноделово. Виорика-Мускат» 0,75л.",ДО015,Долина ООО,0.75,,413.02,,55.0,48.0,55.0,0
1036,"Российское вино с ЗГУ «Кубань» полусладкое красное «Усадьба Виноделово. Каберне-Совиньон» 0,75л.",ДО014,Долина ООО,0.75,,413.02,,154.0,120.0,154.0,0
1039,Дом Захарьиных выдержанное белое сухое вино 0.75л,ИН187,ВИННЫЙ ДОМ ИНКЕРМАН ООО,0.75,,3980.86,,6.0,0,6.0,0
1040,Древний Город красное полусладкое 0.75л Инкерман,ИН157,ВИННЫЙ ДОМ ИНКЕРМАН ООО,0.75,,584.38,,51.0,0,51.0,0
1041,Жемчужина Гранд Резерв белое сухое 0.75л,ИН178,ВИННЫЙ ДОМ ИНКЕРМАН ООО,0.75,,849.12,,12.0,0,12.0,0
1042,Жемчужина Резерв белое сухое 0.75л Инкерман,ИН155,ВИННЫЙ ДОМ ИНКЕРМАН ООО,0.75,,573.4,,66.0,0,66.0,0
1043,Каберне Резерв Красное сухое 0.75 Инкерман,ИН154,ВИННЫЙ ДОМ ИНКЕРМАН ООО,0.75,,746.64,,70.0,0,70.0,0
1045,"Вино красное полусладкое  Замок во Франции  0,75л.",КХ003,Кахети ООО,0.75,,404.71,,18.0,0,18.0,0
1046,Кларет Мерло красное сухое вино 0.75л Усадьба Маскага,ФР125,Форт Виноторговая компания,0.75,,1672.27,930.0,9.0,0,9.0,0
1047,Краса красное сухое вино 0.75л Винодельня Узунов,ФР170,Форт Виноторговая компания,0.75,,3517.08,,9.0,0,9.0,0
1048,Красная Шапочка красное сухое вино 0.75л,ФР139,Форт Виноторговая компания,0.75,,1214.39,,28.0,0,28.0,0
1051,Изабелла полусладкое красное 0.75л Баланс Вайн,СЧ054,Фирма С-2,0.75,,410.42,,9.0,0,9.0,0
1052,Каберне сухое красное 0.75л Баланс Вайн,СЧ056,Фирма С-2,0.75,,410.42,,7.0,0,7.0,0
1053,Мерло полусладкое красное 1.0 т/пак,СЧ052,Фирма С-2,1,,350.37,,29.0,0,29.0,0
1054,Мерло сухое красное 1.0л т/пак,СЧ042,Фирма С-2,1,,319.92,,35.0,0,35.0,0
1055,Шардоне сухое белое 1.0л т/пак,СЧ047,Фирма С-2,1,,319.92,,242.0,0,242.0,0
1056,"Вино ординарное сладкое красное ""Канонические Традиции"" 0,7Л",ЮЗ012,Союз-Вино,0.7,,542.55,,4.0,0,4.0,0
1057,"Вино сухое белое ""Исола дел Сол"" 0,25Л",ЮЗ013,Союз-Вино,0.25,,206.54,,143.0,0,143.0,0
1058,"Вино сухое розовое ""Исола дел Сол"" 0,25Л",ЮЗ014,Союз-Вино,0.25,,206.54,,179.0,0,179.0,0
1059,Домашнее Кубанское вино сухое белое 1.0л т/пак,СЧ040,Фирма С-2,1,,306.15,,64.0,0,64.0,0
1060,Каберне красное сухое 1.0л т/пак,СЧ045,Фирма С-2,1,,319.92,,266.0,0,266.0,0
1061,"Каберне сухое красное 1,5л Баланс Вайн",СЧ058,Фирма С-2,1.5,,774.18,,2.0,0,2.0,0
1062,Совиньон белое полусладкое 1.0л т/пак,СЧ074,Фирма С-2,1,,319.92,,24.0,0,24.0,0
1064,Вайнпарк Гренаш красное сухое 0.75л,АИ1288,АСТ-интернэшнл инваэронмэнт,0.75,,2679.08,,4.0,0,4.0,0
1065,Вайнпарк Каберне Совиньон Кучук-Исар красное сухое 0.75л,АИ1293,АСТ-интернэшнл инваэронмэнт,0.75,,3614.63,,12.0,0,12.0,0
1066,Вайнпарк Пино Блан белое сухое 0.75л,АИ1285,АСТ-интернэшнл инваэронмэнт,0.75,,2679.08,,6.0,0,6.0,0
1074,"Вино ""Крым"" сухое красное ""Каберне-Совиньон"" ТМ ""ТЕРРА-ЭГОС"" 0,75Л",АМ1003,Русвинторг,0.75,,734.43,,7.0,0,7.0,0
1075,"Вино полусладкое красное ""Мерло"" ""Сокровища КРЫМА"" 0,75Л",АМ1012,Русвинторг,0.75,,535.96,,3.0,0,3.0,0
1076,"Вино полусладкое красное ""Мирели"" ""ВАЛИКО"" 0,75Л",АМ1014,Русвинторг,0.75,,542.48,,26.0,6.0,26.0,0
1077,"Вино полусухое розовое ""Криспи Вайн"" 0,75Л",АМ1007,Русвинторг,0.75,,563.91,,83.0,0,83.0,0
1078,"Вино с защищенным географическим указанием ""Крым"" полусладкое красное ""Мерло"" ТМ ""ТЕРРА-ЭГОС"" 0,75Л",АМ1004,Русвинторг,0.75,,734.43,,2.0,0,2.0,0
1079,"Вино сладкое белое ""Мускат Ркацители"" ""Сокровища КРЫМА"" 0,75Л",АМ1011,Русвинторг,0.75,,535.96,,1.0,0,1.0,0
1080,"Вино сладкое красное ""Мускат Черный"" ""Сокровища КРЫМА"" 0,75Л",АМ1013,Русвинторг,0.75,,535.96,,4.0,0,4.0,0
1081,"Вино сухое белое ""Ркацители"" товарный знак ""ВАЛИКО"" 0,75Л",АМ1006,Русвинторг,0.75,,542.48,,164.0,6.0,164.0,0
1082,"Вино сухое белое ""Совиньон"" ""Сокровища КРЫМА"" 0,75Л",АМ1008,Русвинторг,0.75,,535.96,,486.0,0,486.0,0
1084,"Вино сухое красное ""Каберне"" ""Сокровища КРЫМА"" 0,75Л",АМ1009,Русвинторг,0.75,,535.96,,1177.0,0,1177.0,0
1085,"Вино сухое красное ""Саперави Мерло"" ""Сокровища КРЫМА"" 0,75Л",АМ1010,Русвинторг,0.75,,535.96,,1.0,0,1.0,0
1086,"Вино сухое красное ""Саперави"" ""ВАЛИКО"" 0,75Л",АМ1005,Русвинторг,0.75,,551.86,,271.0,6.0,271.0,0
1087,Долинное Кача Велли красное сухое 0.75л,ЛД1828,Ладога Дистрибьюшен,0.75,,4547.2,,1.0,0,1.0,0
1088,Каберне Отборное ЕССЕ сухое красное 0.75л,ЛД1824,Ладога Дистрибьюшен,0.75,,960.0,,31.0,0,31.0,0
1089,Каберне Фран ЕССЕ красное сухое 0.75л,ЛД1831,Ладога Дистрибьюшен,0.75,,1420.8,,2.0,0,2.0,0
1090,МаМа ЕССЕ красное сухое 0.75л,ЛД1826,Ладога Дистрибьюшен,0.75,,1673.6,,49.0,0,49.0,0
1091,Мерло ЕССЕ красное сухое 0.75л,ЛД1825,Ладога Дистрибьюшен,0.75,,1369.6,,6.0,0,6.0,0
1092,Мерло Отборное ЕССЕ сухое красное 0.75л,ЛД1823,Ладога Дистрибьюшен,0.75,,926.4,,41.0,0,41.0,0
1093,Ркацители ЕССЕ сухое белое 0.75л,ЛД1822,Ладога Дистрибьюшен,0.75,,891.2,,24.0,0,24.0,0
1094,Ркацители Оранж ЕССЕ белое сухое 0.75л,ЛД1815,Ладога Дистрибьюшен,0.75,,1416.0,,2.0,0,2.0,0
1095,Ркацители Сюр Ли ЕССЕ белое сухое 0.75л,ЛД1820,Ладога Дистрибьюшен,0.75,,1323.2,,4.0,0,4.0,0
1096,Розе ЕССЕ сухое розовое 0.75л,ЛД1830,Ладога Дистрибьюшен,0.75,,960.0,,18.0,0,18.0,0
1097,Саперави Хевен ЕССЕ красное сухое 0.75л,ЛД1844,Ладога Дистрибьюшен,0.75,,1416.0,,38.0,0,38.0,0
1098,Совиньон Блан ЕССЕ белое сухое вино 0.75л,ЛД1887,Ладога Дистрибьюшен,0.75,,960.0,,35.0,0,35.0,0
1099,Топчикой Белый Бленд белое сухое вино 0.75л,ЦД055,Центр дистрибьюции ООО,0.75,,684.55,,72.0,0,72.0,0
1100,Топчикой Красный Бленд красное сухое вино 0.75л,ЦД056,Центр дистрибьюции ООО,0.75,,684.55,,30.0,0,30.0,0
1101,Топчикой Пушка белое сухое вино 0.75л,ЦД058,Центр дистрибьюции ООО,0.75,,684.55,,54.0,0,54.0,0
1102,Топчикой Пушка красное сухое вино 0.75л,ЦД057,Центр дистрибьюции ООО,0.75,,684.55,,42.0,0,42.0,0
1103,Шардоне Отборное ЕССЕ сухое белое 0.75л,ЛД1856,Ладога Дистрибьюшен,0.75,,960.0,,41.0,0,41.0,0
1104,Эволюшн Пино Нуар красное сухое вино 0.75л,АИ1367,АСТ-интернэшнл инваэронмэнт,0.75,,1967.63,,4.0,2.0,4.0,0
1106,Вино полусладкое белое  Черноморская гроздь  1л.,КУ001,,1,,276.93,,2886.0,120.0,2886.0,0
1108,"Вино полусладкое белое ""Шардоне"" 1,5Л",КУ007,,1.5,,612.0,,244.0,0,244.0,0
1109,Вино полусладкое красное  Черноморская гроздь 1л.,КУ002,,1,,276.93,,3793.0,120.0,3793.0,0
1110,Вино Сухое белое Черноморская гроздь 1л.,КУ003,,1,,276.93,,2892.0,120.0,2892.0,0
1111,"Вино сухое красное ""Сухое красное"" ""Черноморская гроздь"" 1,0Л",КУ008,,1,,276.93,,3457.0,120.0,3457.0,0
1116,Российское вино Кубань Таманский полуостров Макитра сухое белое 0.75л,КВ598Д,Кубань-Вино ООО,0.75,,423.31,,286.0,0,286.0,0
1122,Ле Селебр белое сухое 0.75л,КО012,Виалко групп,0.75,,341.59,,12.0,0,12.0,0
1123,Ле Селебр красное сухое 0.75л,КО011,Виалко групп,0.75,,341.59,,7.0,0,7.0,0
1124,Легато Каберне Фран красное сухое вино 0.75л,ФР169,Форт Виноторговая компания,0.75,,8286.71,,6.0,0,6.0,0
1125,Легато Мерло красное сухое вино 0.75л,ФР235,Форт Виноторговая компания,0.75,,6553.05,,6.0,0,6.0,0
1126,Легато Совиньон Блан Мцване белое сухое вино 0.75л,ФР285,Форт Виноторговая компания,0.75,,2986.2,,12.0,0,12.0,0
1127,Легато Шардоне белое сухое вино 0.75л,ФР236,Форт Виноторговая компания,0.75,,7258.13,,6.0,0,6.0,0
1128,Легенда Полуострова белое полусладкое 0.75л Инкерман,ИН158,ВИННЫЙ ДОМ ИНКЕРМАН ООО,0.75,,513.62,,17.0,0,17.0,0
1130,"Вино  полусладкое белое САНЧАРА 0,75л.",МС313,Мистраль алко,0.75,,464.98,,24.0,0,24.0,0
1131,"Вино сухое белое Восток дю Шато ле Гран Восток 0,375л.",МС312,Мистраль алко,0.375,,481.28,,36.0,0,36.0,0
1132,"Вино сухое белое Восток дю Шато ле Гран Восток 0,75л.",МС310,Мистраль алко,0.75,,738.2,,102.0,0,102.0,0
1133,"Вино сухое красное Восток дю Шато ле Гран Восток 0,75л.",МС311,Мистраль алко,0.75,,738.2,,18.0,0,18.0,0
1134,Моно Красностоп красное сухое вино 0.75л Винодельня Узунов,ФР171,Форт Виноторговая компания,0.75,,3707.87,,9.0,0,9.0,0
1135,Натуралеса Мерло красное полусладкое вино 0.33л ж/б,ВШ055,ВИЛАШ-КШВ ООО,0.33,,160.65,,204.0,0,204.0,0
1136,Натуралеса Шардоне белое полусухое вино 0.33л ж/б,ВШ056,ВИЛАШ-КШВ ООО,0.33,,160.65,,12.0,0,12.0,0
1137,Охотники красное сухое вино 075л,ФР140,Форт Виноторговая компания,0.75,,1214.39,,36.0,0,36.0,0
1138,Пирожки розовое полусухое вино 0.75л,ФР141,Форт Виноторговая компания,0.75,,1214.39,,27.0,0,27.0,0
1140,Шардоне белое сухое 0.75л Голубицкое поместье,БЛ1067Н,Белуга Маркет Восток,0.75,,1594.0,,0,138.0,0,0
1142,Жемчужный нектар п/сл белое 0.75л.,ПВ1149,ПРЕМЬЕР-ВИН,0.75,,226.44,,16.0,0,16.0,0
1143,Мерло п/сл красное 0.75л.,ПВ1153,ПРЕМЬЕР-ВИН,0.75,,206.86,,2.0,0,2.0,0
1144,Мускат п/сл белое (сортовая) 0.75л.,ПВ1154,ПРЕМЬЕР-ВИН,0.75,,206.86,,9.0,0,9.0,0
1146,Раевское Генезис Красное сухое 0.75л,АИ1332,АСТ-интернэшнл инваэронмэнт,0.75,,1828.58,,3.0,0,3.0,0
1147,Раевское Ренессанс красное сухое вино 0.75л,АИ1330,АСТ-интернэшнл инваэронмэнт,0.75,,4754.3,,10.0,0,10.0,0
1148,Рислинг белое сухое 0.75л Захарьин,ИН191,ВИННЫЙ ДОМ ИНКЕРМАН ООО,0.75,,1096.78,,54.0,0,54.0,0
1150,"Вино полусладкое белое  Белое   Сокровища КРЫМА  0,75л.",АМ1000,Русвинторг,0.75,,535.96,,462.0,0,462.0,0
1151,"Вино полусладкое красное  Красное   Сокровища КРЫМА  0,75л.",АМ1001,Русвинторг,0.75,,535.96,,877.0,0,877.0,0
1152,"Вино Саперави Мерло КРЫМСКИЙ ПОГРЕБОК полусладкое красное  0,75л.",АМ1002,Русвинторг,0.75,,578.65,,78.0,0,78.0,0
1153,Сангрия Дон Мигель полусладкое плодовое вино 0.7л,ЭЛ012,Эльбрус Спиритс ООО,0.7,,400.32,,904.0,0,904.0,0
1154,Серый Волк белое сухое вино 0.75л,ФР142,Форт Виноторговая компания,0.75,,1214.39,,22.0,0,22.0,0
1155,Сира-Мурведр красное сухое 0.75л Захарьин,ИН189,ВИННЫЙ ДОМ ИНКЕРМАН ООО,0.75,,1096.78,,1.0,0,1.0,0
1157,Дайе Мак Вердуно Пелаверга Ла Биока красное сухое 0.75л,СШ028А,СОБЕР БАШ ТРЕЙД,0.75,,2471.31,,4.0,0,4.0,0
1158,"Собер Баш Аврора Классика розовое сухое 0,75л",СШ022,СОБЕР БАШ ТРЕЙД,0.75,,826.2,,24.0,0,24.0,0
1159,"Собер Баш Афа Резерв красное сухое 0,75л",СШ015,СОБЕР БАШ ТРЕЙД,0.75,,1851.3,,6.0,0,6.0,0
1160,Собер Баш Грани Плечистик красное сухое 0.75л,СШ044,СОБЕР БАШ ТРЕЙД,0.75,,1407.6,,2.0,0,2.0,0
1161,"Собер Баш Грани Хихви Амфора сухое белое 0,75л",СШ037,СОБЕР БАШ ТРЕЙД,0.75,,1407.6,,13.0,0,13.0,0
1162,Собер Баш Корвина Классика красное сухое 0.75л,СШ033,СОБЕР БАШ ТРЕЙД,0.75,,826.2,,7.0,0,7.0,0
1163,"Собер Баш Красностоп Классика красное сухое 0,75л",СШ017А,СОБЕР БАШ ТРЕЙД,0.75,,826.2,,18.0,0,18.0,0
1164,Собер Баш Красностоп Резерв красное сухое 0.75л,СШ016-23,СОБЕР БАШ ТРЕЙД,0.75,,1683.0,,10.0,0,10.0,0
1165,"Собер Баш Мюллер Тургау Классика белое сухое 0,75л",СШ009-23,СОБЕР БАШ ТРЕЙД,0.75,,826.2,,8.0,0,8.0,0
1166,"Собер Баш Пино Гри Классика белое сухое 0,75л",СШ041,СОБЕР БАШ ТРЕЙД,0.75,,826.2,,60.0,0,60.0,0
1167,Собер Баш Ркацители Классика белое сухое 0.75л,СШ045,СОБЕР БАШ ТРЕЙД,0.75,,826.2,,12.0,0,12.0,0
1168,Собер Баш Ркацителли Резерв белое сухое 0.75л,СШ038-22,СОБЕР БАШ ТРЕЙД,0.75,,1453.5,,17.0,0,17.0,0
1169,Собер Баш Саперави Амфора красное сухое 0.75л,СШ039,СОБЕР БАШ ТРЕЙД,0.75,,1407.6,,6.0,0,6.0,0
1170,Собер Баш Хихви Резерв белое сухое 0.75л,СШ035,СОБЕР БАШ ТРЕЙД,0.75,,1683.0,,33.0,0,33.0,0
1171,Трезвая голова Сибирьковый+Пино Гри белое сухое вино 0.75л,СШ014А,СОБЕР БАШ ТРЕЙД,0.75,,581.4,,47.0,0,47.0,0
1172,Трезвая голова. Рислинг Кубань сухое белое 0.75л.,СШ023,СОБЕР БАШ ТРЕЙД,0.75,,581.4,,12.0,0,12.0,0
1173,Трезвая голова. Розовое Кубань сухое розовое 0.75л.,СШ024,СОБЕР БАШ ТРЕЙД,0.75,,581.4,,24.0,0,24.0,0
1175,БЕЛОЕ ПОЛУСЛАДКОЕ НОВЕЛЛА белое полусладкое ТЕСТ 0.75л.,ОМ169,ТОРГОВЫЙ ДОМ АРОМА,0.75,,282.22,,9.0,0,9.0,0
1176,НОВЕЛЛА белое полусладкое ординарное АРТ 0.75л.,ОМ221,ТОРГОВЫЙ ДОМ АРОМА,0.75,,303.57,,5.0,0,5.0,0
1177,Токай Массандра белое десертное 0.75л,ИН162,ВИННЫЙ ДОМ ИНКЕРМАН ООО,0.75,,821.06,,2.0,0,2.0,0
1178,Три топора белое полусладкое вино 0.7л,ЭЛ013,Эльбрус Спиритс ООО,0.7,,287.28,,867.0,6.0,867.0,0
1179,Узунов Бунт белое сухое вино 0.75л,ФР262,Форт Виноторговая компания,0.75,,3517.08,,24.0,0,24.0,0
1181,СОЛО Мускат белое сухое вино 0.75л Усадьба Маскага,ФР128,Форт Виноторговая компания,0.75,,1672.27,930.0,11.0,0,11.0,0
1182,СОЛО Совиньон Блан белое сухое вино 0.75л Усадьба Маскага,ФР129,Форт Виноторговая компания,0.75,,1672.27,930.0,11.0,0,11.0,0
1183,СОЛО Шардоне белое сухое вино 0.75л Усадьба Маскага,ФР130,Форт Виноторговая компания,0.75,,1672.27,930.0,6.0,0,6.0,0
1196,"ВИНО  СУХОЕ КРАСНОЕ Ф-СТИЛЬ. КАБЕРНЕ 0,75л.",ФА004,Фанагория АПФ,0.75,,648.29,,72.0,0,72.0,0
1207,"ВИНО ПОЛУСЛАДКОЕ БЕЛОЕ ФАНАГОРИЯ. НОМЕРНОЙ РЕЗЕРВ 0,375л",ФА021,Фанагория АПФ,0.375,,294.65,,130.0,0,130.0,0
1208,"ВИНО ПОЛУСЛАДКОЕ БЕЛОЕ ФАНАГОРИЯ. НОМЕРНОЙ РЕЗЕРВ 0,75л.",ФА017,Фанагория АПФ,0.75,,541.82,,277.0,42.0,277.0,0
1209,"ВИНО ПОЛУСЛАДКОЕ КРАСНОЕ ФАНАГОРИЯ. НОМЕРНОЙ РЕЗЕРВ 0,187л.",ФА013,Фанагория АПФ,0.187,,190.71,,75.0,0,75.0,0
1210,"ВИНО ПОЛУСЛАДКОЕ КРАСНОЕ ФАНАГОРИЯ. НОМЕРНОЙ РЕЗЕРВ 0,375л.",ФА020,Фанагория АПФ,0.375,,294.65,,326.0,0,325.0,0
1211,"ВИНО ПОЛУСЛАДКОЕ КРАСНОЕ ФАНАГОРИЯ. НОМЕРНОЙ РЕЗЕРВ 0,75л.",ФА018,Фанагория АПФ,0.75,,541.82,,300.0,39.0,300.0,0
1212,"ВИНО СУХОЕ БЕЛОЕ АЛИГОТЕ-РИСЛИНГ 0,187л.",ФА011,Фанагория АПФ,0.187,,208.43,,62.0,3.0,62.0,0
1213,"ВИНО СУХОЕ КРАСНОЕ  КРЮ ЛЕРМОНТ КАБЕРНЕ-СОВИНЬОН 0,75л.",ФА003,Фанагория АПФ,0.75,,1115.78,,13.0,0,13.0,0
1215,"ВИНО СУХОЕ КРАСНОЕ КАБЕРНЕ ФАНАГОРИИ. НОМЕРНОЙ РЕЗЕРВ 0,75л.",ФА014,Фанагория АПФ,0.75,,541.82,,316.0,36.0,316.0,0
1216,"ВИНО СУХОЕ КРАСНОЕ КАБЕРНЕ ФАНАГОРИЯ. НОМЕРНОЙ РЕЗЕРВ 0,187л.",ФА012,Фанагория АПФ,0.187,,190.71,,138.0,0,138.0,0
1217,"ВИНО СУХОЕ КРАСНОЕ КАБЕРНЕ-САПЕРАВИ 0,187л.",ФА010,Фанагория АПФ,0.187,,208.43,,168.0,0,168.0,0
1218,"ВИНО СУХОЕ КРАСНОЕ КАБЕРНЕ-САПЕРАВИ 0,75л.",ФА007,Фанагория АПФ,0.75,,648.29,,45.0,0,45.0,0
1219,"ВИНО СУХОЕ КРАСНОЕ КАБЕРНЕ-ЦИМЛЯНСКИЙ ЧЕРНЫЙ 0,75л.",ФА008,Фанагория АПФ,0.75,,648.29,,27.0,0,27.0,0
1220,"ВИНО СУХОЕ КРАСНОЕ МЕРЛО ФАНАГОРИИ. НОМЕРНОЙ РЕЗЕРВ 0,75л.",ФА015,Фанагория АПФ,0.75,,541.82,,637.0,30.0,637.0,0
1221,"ВИНО СУХОЕ КРАСНОЕ САПЕРАВИ ФАНАГОРИИ. НОМЕРНОЙ РЕЗЕРВ 0,75л.",ФА016,Фанагория АПФ,0.75,,541.82,,487.0,36.0,487.0,0
1222,"ВИНО СУХОЕ КРАСНОЕ Ф-СТИЛЬ. САПЕРАВИ 0,75л.",ФА006,Фанагория АПФ,0.75,,648.29,,12.0,0,12.0,0
1223,Хороший год Пино Нуар красное полусладкое 0.75л Захарьин,ИН165,ВИННЫЙ ДОМ ИНКЕРМАН ООО,0.75,,606.34,,13.0,0,13.0,0
1224,Хороший год Рислинг белое полусухое 0.75л Захарьин,ИН164,ВИННЫЙ ДОМ ИНКЕРМАН ООО,0.75,,606.34,,12.0,0,12.0,0
1225,Хороший год Совиньон белое сухое 0.75л Захарьин,ИН163,ВИННЫЙ ДОМ ИНКЕРМАН ООО,0.75,,606.34,,54.0,0,54.0,0
1226,Шардоне Бухта Омега белое сухое 0.187л,ИН179,ВИННЫЙ ДОМ ИНКЕРМАН ООО,0.187,,263.52,,52.0,0,52.0,0
1227,Шардоне Бухта Омега белое сухое 0.187л,ИН179А,ВИННЫЙ ДОМ ИНКЕРМАН ООО,0.187,,263.52,,12.0,0,12.0,0
1228,Шато Андре Мадо Руж красное сухое вино 0.75л,АИ1339,АСТ-интернэшнл инваэронмэнт,0.75,,942.98,,19.0,0,19.0,0
1230,Херитэйдж Каберне сухое розовое 0.75л,ЛД1533,Ладога Дистрибьюшен,0.75,,491.2,,324.0,0,324.0,0
1233,БТ Вайнери В Вранац красное сухое вино 0.75л,ВК521,,0.75,,1589.43,,12.0,0,12.0,0
1234,БТ Вайнери Мистер Марселан красное сухое вино 0.75л,ВК517,,0.75,,5235.62,,9.0,0,9.0,0
1235,"БТ Вайнери Тамьяника Там Там сортовое ординарное сухое белое рег. Срем 0,75л",ВК487,ВИНИКОМ ООО,0.75,,2314.38,,26.0,0,26.0,0
1236,"Вино полусладкое красное БРОЯНИЦА Вранац 0,75л",МС105,Мистраль алко,0.75,,919.03,,101.0,0,101.0,0
1237,"Вино сортовое полусладкое белое «БРОЯНИЦА» Шардоне 0,75Л",МС320,Мистраль алко,0.75,,1597.05,,69.0,0,69.0,0
1238,"Вино сортовое сухое белое «БРОЯНИЦА» Рислинг 0,75Л",МС323,Мистраль алко,0.75,,1597.05,,78.0,0,78.0,0
1239,"Вино сортовое сухое белое «БРОЯНИЦА» Шардоне 0,75Л",МС321,Мистраль алко,0.75,,1597.05,,66.0,0,66.0,0
1240,"Вино сортовое сухое красное «БРОЯНИЦА» Вранац 0,75Л",МС319,Мистраль алко,0.75,,1759.69,,235.0,0,235.0,0
1241,"Вино сортовое сухое красное «БРОЯНИЦА» Каберне Совиньон 0,75Л",МС322,Мистраль алко,0.75,,1759.69,,146.0,0,146.0,0
1243,Звонко Богдан 4 Фэт Хорсес выдержанное розовое полусухое 0.75л РЕГИОН Суботица,ВК510,ВИНИКОМ ООО,0.75,,2734.89,,6.0,0,6.0,0
1244,"Звонко Богдан Пино Блан сортовое выдержанное сухое белое 0,75Л., РЕГИОН Суботица",ВК352,ВИНИКОМ ООО,0.75,,4364.25,,8.0,0,8.0,0
1246,Боэми Мерло красное сухое 1.0л,ЕР058,ЕвроТорг,1,,630.95,,6.0,0,6.0,0
1247,Боэми Тамянка белое сухое 1.0л,ЕР052,ЕвроТорг,1,,630.95,,1.0,0,1.0,0
1248,Вранец красное полусладкое 1.0л Калем,ЕР040А,ЕвроТорг,1,,792.7,,42.0,2.0,42.0,0
1249,Вранец орд сухое красное 1.0л.,ЕР025,ЕвроТорг,1,,792.7,,76.0,0,76.0,0
1250,Пино Гриджио белое сухое 0.75л Сербия Калем,ЕР089,ЕвроТорг,0.75,,685.1,,35.0,0,35.0,0
1251,Пино Нуар красное сухое 0.75л Сербия Калем,ЕР090,ЕвроТорг,0.75,,685.1,,11.0,0,11.0,0
1252,Рислинг орд п/сл белое 1.0л. Калем,ЕР046,ЕвроТорг,1,,792.7,,120.0,0,120.0,0
1253,Рислинг орд сух белое 1.0л. Калем,ЕР041,ЕвроТорг,1,,792.7,,12.0,0,12.0,0
1254,Траминац белое сухое 0.75л Сербия Калем,ЕР091,ЕвроТорг,0.75,,700.54,,12.0,0,12.0,0
1256,"Вино сухое красное Монарх Иммортал Кюве 0,75Л",ОП001,Опленац рус ООО,0.75,,845.5,,3.0,0,3.0,0
1257,"Вино сухое розовое Константа Мьюз Розе 0,75Л",ОП005,Опленац рус ООО,0.75,,845.5,,41.0,0,41.0,0
1258,Эрдевик Марлон Делон красное сухое вино 0.75л,ВК523,,0.75,,12407.48,,6.0,0,6.0,0
1259,Эрдевик Стифлерс Мам Шираз красное сухое вино 0.75л,ВК522,,0.75,,12644.08,,3.0,0,3.0,0
1261,Левитейшн Совиньон Блан Мальборо белое сухое вино 0.75л,ВШ047,ВИЛАШ-КШВ ООО,0.75,,1309.5,,171.0,0,171.0,0
1264,Вино Каберне Совиньон Буэна Виста красное сухое 0.75,АИ1097,АСТ-интернэшнл инваэронмэнт,0.75,,4970.16,,8.0,0,8.0,0
1265,Вино Шардоне Буэна Виста белоее сухое 0.75,АИ1098,АСТ-интернэшнл инваэронмэнт,0.75,,5888.9,,1.0,0,1.0,0
1266,Венте Виньярдс Бейер Ранч Зинфандель красное сухое вино 0.75л,ФР178,Форт Виноторговая компания,0.75,,4952.12,,2.0,0,2.0,0
1267,Венте Виньярдс Монинг Фог Шардонне белое сухое вино 0.75л,ФР172,Форт Виноторговая компания,0.75,,4300.13,,12.0,0,12.0,0
1268,Венте Виньярдс Ривербэнк Рислинг белое сухое вино 0.75л,ФР252,Форт Виноторговая компания,0.75,,4300.13,,3.0,0,3.0,0
1269,Венте Виньярдс Саузерн Хиллз Каберне Совиньон красное сухое вино 0.75л,ФР253,Форт Виноторговая компания,0.75,,4952.12,,3.0,0,3.0,0
1271,Аристократ красное сухое вино 0.75л,АИ566А,АСТ-интернэшнл инваэронмэнт,0.75,,20734.45,,2.0,0,2.0,0
1273,НОУ БУЛЛ КАБЕРНЕ СОВИНЬОН сорт сухое красное 0.75л.,ПВ1073,ПРЕМЬЕР-ВИН,0.75,,2545.65,,48.0,0,48.0,0
1274,Ферал Рутс Зинфандель сорт сухое красное 0.75л.,ПВ195А,ПРЕМЬЕР-ВИН,0.75,,1589.36,,87.0,0,87.0,0
1275,Лонг Барн Зинфандель красное полусухое вино 0.75л,ФР126,Форт Виноторговая компания,0.75,,3374.41,,30.0,0,30.0,0
1276,Лонг Барн Шардоне белое полусухое вино 0.75л,ФР047,Форт Виноторговая компания,0.75,,3259.94,,2.0,0,2.0,0
1277,Мартинелли Виньето ди Эво Зинфандель красное сухое вино 0.75л,ФР187,Форт Виноторговая компания,0.75,,10272.53,,4.0,0,4.0,0
1278,Фаундер красное сухое вино 0.75л,АИ1246,АСТ-интернэшнл инваэронмэнт,0.75,,27710.57,,4.0,0,4.0,0
1279,Шато Буэна Виста Каберне Совиньон красное полусухое вино 0.75л,АИ1238,АСТ-интернэшнл инваэронмэнт,0.75,,13891.7,,3.0,0,3.0,0
1280,Шериф красное полусухое вино 0.75л,АИ1247,АСТ-интернэшнл инваэронмэнт,0.75,,11277.63,,3.0,0,3.0,0
1283,"Портвейн 1867 белый 0,75л. крепленое (ликерное)  0,75л.",ЕК091,АЛЬФА ЭКО,0.75,,774.87,,348.0,0,348.0,0
1284,"Портвейн 1867 красный 0,75л.крепленое (ликерное) вино",ЕК090,АЛЬФА ЭКО,0.75,,774.87,,182.0,0,182.0,0
1287,"Вино столовое Макабео Моцарт Хаус белое сухое 0,187л",ОН036,Прометей,0.187,,170.52,,10.0,0,10.0,0
1288,"Вино столовое Сира Моцарт Хаус красное сухое 0,187л",ОН037,Прометей,0.187,,170.52,,1.0,0,1.0,0
1291,Вино Шато Рок де Казад Бордо  белое сухое 0.75,АИ1061-17,АСТ-интернэшнл инваэронмэнт,0.75,,1624.25,,3.0,0,3.0,0
1292,Ж дЭстурнель красное сухое вино 0.75л,АИ1368,АСТ-интернэшнл инваэронмэнт,0.75,,5896.19,,2.0,2.0,2.0,0
1294,Шато Ламот-Сиссак Вьей Винь О-Медок сухое красное 0.75л.,ЛД818А,Ладога Дистрибьюшен,0.75,,3201.0,,1.0,0,1.0,0
1295,Шато Вильморин Сент-Эмильон Гран Крю сух красное 2016 0.75,ЛД1211-16,Ладога Дистрибьюшен,0.75,,13819.75,,2.0,0,2.0,0
1296,Шато Кос д' Эстурнель Гран Крю Классе Сент-Эстеф сух красное 2021 0.75л,ЛД1214-21,Ладога Дистрибьюшен,0.75,,31166.0,,4.0,0,4.0,0
1297,Шато ле Бурдиле Бордо АОП белое полусладкое вино 0.75л,СЧ015,Фирма С-2,0.75,,2122.94,,12.0,0,12.0,0
1298,Шато Лез Акасья Бордо АОП красное сухое вино 0.75л,СЧ016,Фирма С-2,0.75,,1933.94,,12.0,0,12.0,0
1299,Шато Ля Борн Блан деми сек Бордо АОП белое полусухое вино 0.75л,СЧ017,Фирма С-2,0.75,,1933.94,,12.0,0,12.0,0
1300,Шато Понте Нивель Бордо АОП красное сухое вино 0.75л,СЧ019,Фирма С-2,0.75,,1458.07,,3.0,0,3.0,0
1301,Бургонь Алиготе Жозеф Паскаль белое сухое вино 0.75л,ФР038,Форт Виноторговая компания,0.75,,5245.76,,5.0,0,5.0,0
1302,Бургонь Кюве Барбара красное сухое вино 0.75л,ФР039,Форт Виноторговая компания,0.75,,7201.72,,7.0,0,7.0,0
1303,Бургонь Пино Нуар Дудэ-Ноден выдер сухое красное 0.75л.,ЛД931А,Ладога Дистрибьюшен,0.75,,3785.1,,16.0,0,16.0,0
1305,БОВЬЕ энд ФИС ШАБЛИ ПРЕМЬЕР КРЮ сорт сух белое 0.75л.,ПВ1138,ПРЕМЬЕР-ВИН,0.75,,7130.48,,1.0,0,1.0,0
1306,"Вино белое сухое Жан Поль Дюруп ШАБЛИ ПРЕМЬЕ КРЮ ФУРШОМ 0,75л",ДА241,Компания Даско-Трейд ООО,0.75,ДаскоВайн,5717.1,,1.0,0,1.0,0
1307,Пино Нуар Дудэ-Ноден сорт орд кр сух 0.75л.,ЛД1067А,Ладога Дистрибьюшен,0.75,,2332.75,,25.0,0,25.0,0
1308,Пуйи Фьюссе Тренель сорт выд сухое белое 0.75л.,ЛД242А,Ладога Дистрибьюшен,0.75,,6693.75,,6.0,0,6.0,0
1309,ПУЙИ-ФЮИССЕ сухое белое 0.75л. Мойар Гриво,ПВ1079А,ПРЕМЬЕР-ВИН,0.75,,5633.15,,1.0,0,1.0,0
1310,Риас Байшас Альбариньо Финка Гарабелос сухое белое 0.75л.,ЛД1382,Ладога Дистрибьюшен,0.75,,3667.95,,14.0,0,14.0,0
1311,Савини-ле-Бон Премье Крю Ан Редрескюль Домен Дудэ белое сухое вино 0.75л,ЛД1886,Ладога Дистрибьюшен,0.75,,9517.2,,1.0,0,1.0,0
1313,"Вино Шабли Домэн дю Шардоне сухое белое 0,75л",ЛД1480,Ладога Дистрибьюшен,0.75,,5024.25,,12.0,0,12.0,0
1315,Пти Шабли Ролан Лавантюро сухое белое 0.75л,ЛД418С,Ладога Дистрибьюшен,0.75,,4415.25,,28.0,0,28.0,0
1316,Шабли Гран Крю Водезир Ролан Лавантюро сорт выд сухое белое 0.75л.,ЛД1147,Ладога Дистрибьюшен,0.75,,17230.5,,5.0,0,5.0,0
1317,Шабли Ролан Лавантюро сорт сух белое 0.75л.,ЛД406А,Ладога Дистрибьюшен,0.75,,5204.5,,1.0,0,1.0,0
1319,Гран Конселье Пино Нуар красное сухое 0.75л.,АИ258Н,АСТ-интернэшнл инваэронмэнт,0.75,,1277.1,,57.0,0,57.0,0
1320,Кот дю Рон белое сухое Бушар 0.75л,АИ260С,АСТ-интернэшнл инваэронмэнт,0.75,,1677.78,,8.0,0,8.0,0
1321,"Вино выдержанное «Шато де Сурс. Костьер де Ним» сухое красное 0,75Л",ЛД431Н,Ладога Дистрибьюшен,0.75,,1110.0,,6.0,0,6.0,0
1323,"Вино сухое белое «Сан Гейт Шардоне Калифорния» 0,75Л",СЧ079,Фирма С-2,0.75,,1989.74,,12.0,0,12.0,0
1324,Волне Ле Вьей Винь Винсан Жирарден красное сухое 0.75л,АИ1324,АСТ-интернэшнл инваэронмэнт,0.75,,11003.85,,2.0,2.0,2.0,0
1326,КРЭЙЗИ ТРОПЕ сухое розовое 0.75л.,ДМ1023,Денвью Лимитэд АО,0.75,,1970.46,,3.0,0,3.0,0
1328,"Вино Сансер Лез Анж Ло Вьей Винь Паскаль и Николя Реверди белое сухое 0,75л",ФС904,Форт Виноторговая компания,0.75,,4790.62,,1.0,0,1.0,0
1329,"Вино сухое белое Домэн Шатлен Сансер Селексьон 0,75л",ВК504,ВИНИКОМ ООО,0.75,,7187.0,,6.0,0,6.0,0
1330,ДОМЕН ДЮ КЛЕРЕ ШАРДОНЕ сорт сухое белое 0.75л.,ПВ1219,ПРЕМЬЕР-ВИН,0.75,,2112.49,,6.0,0,6.0,0
1331,Каберне д' Анжу. Домен де Роз сорт орд п/сл розовое 0.75л.,ЛД649А,Ладога Дистрибьюшен,0.75,,1532.36,,1.0,0,1.0,0
1332,"Мюскаде Севр э Мэн сюр Ли. Ля Мариньер сорт орд сухое белое 0,75л",ЛД659А,Ладога Дистрибьюшен,0.75,,1937.25,,54.0,0,54.0,0
1333,Розе д' Анжу. Элизис сорт орд полусладкое розовое 0.75л.,ЛД669А,Ладога Дистрибьюшен,0.75,,1793.75,,11.0,0,11.0,0
1335,Сансер Франк Мийе розовое сухое 0.75л,ЛД336Н,Ладога Дистрибьюшен,0.75,,3750.45,,6.0,0,6.0,0
1336,Сансер Домэн Франк Мийе сорт орд сухое белое 0.75л.,ЛД334А,Ладога Дистрибьюшен,0.75,,4754.75,,5.0,0,5.0,0
1337,"Турень Совиньон. Валле де Рэн сорт орд сухое белое 0,75",ЛД034А,Ладога Дистрибьюшен,0.75,,2080.75,,177.0,0,177.0,0
1339,"Вино столовое белое сухое Пескье Террас 0,75л",ФС905,Форт Виноторговая компания,0.75,,4066.21,,8.0,0,8.0,0
1340,Жигондас Ле Жокас выд сухое красное 0.75л.,ЛД1152,Ладога Дистрибьюшен,0.75,,6550.25,,2.0,0,2.0,0
1342,Кот дю Рон Бельрюш М. Шапутье сухое красное 0.75л.,ЛД429А,Ладога Дистрибьюшен,0.75,,2511.25,,3.0,0,3.0,0
1343,Кот дю Рон Блан Бельрюш М Шапутье сухое белое 0.75л,ЛД428А,Ладога Дистрибьюшен,0.75,,2332.75,,57.0,0,57.0,0
1344,Кот дю Рон Ришбуа сухое белое 0.75л,ЛД1228,Ладога Дистрибьюшен,0.75,,1534.0,,9.0,0,9.0,0
1345,Кот дю Рон Розе Бельрюш М. Шапутье ордин сухое розовое 0.75л.,ЛД955А,Ладога Дистрибьюшен,0.75,,2511.25,,27.0,0,27.0,0
1346,Кот дю Рон сухое красное 0.75л,АИ261С,АСТ-интернэшнл инваэронмэнт,0.75,,1433.7,,32.0,0,32.0,0
1348,Шатонёф-дю-Пап Ла Бернардин М. Шапутье выд. сухое красное 0.75л.,ЛД081А,Ладога Дистрибьюшен,0.75,,9961.0,,9.0,0,9.0,0
1350,Кроз-Эрмитаж Ле Мейзонье М. Шапутье сух красное 0.75л.,ЛД086Б,Ладога Дистрибьюшен,0.75,,4928.13,,3.0,0,3.0,0
1351,Эрмитаж Шант-Алюэт М. Шапутье сухое белое 0.75л.,ЛД080А,Ладога Дистрибьюшен,0.75,,15363.25,,4.0,0,4.0,0
1352,Домен Жан Гулле э Фис Шабли Премье Крю Монмен белое сухое вино 0.75л,ФР196,Форт Виноторговая компания,0.75,,9700.17,,2.0,0,2.0,0
1353,Домен ле Кло де Люмьер Кот дю Рон Л'Экла красное сухое вино 0.75л,ФР040,Форт Виноторговая компания,0.75,,2976.25,,7.0,0,7.0,0
1354,Домен МИА Меркюре Премье Крю Ле Вазе красное сухое 0.75л,ФР180,Форт Виноторговая компания,0.75,,16702.81,,6.0,0,6.0,0
1355,Дурт Гран Терруар Бордо белое сухое вино 0.75л,ФР071,Форт Виноторговая компания,0.75,,2627.86,,35.0,0,35.0,0
1356,Дурт Гран Терруар Бордо красное сухое вино 0.75л,ФР072,Форт Виноторговая компания,0.75,,2627.86,,8.0,0,8.0,0
1357,Дурт Гран Терруар Медок красное сухое вино 0.75л,ФР073,Форт Виноторговая компания,0.75,,3235.05,,18.0,0,18.0,0
1358,Жевре-Шамбертен красное сухое вино 0.75л,АИ1371,АСТ-интернэшнл инваэронмэнт,0.75,,13320.45,,1.0,2.0,1.0,0
1359,Зе Плейлист Шираз сорт сухое красное 0.187л.,ПВ1214,ПРЕМЬЕР-ВИН,0.187,,474.81,,34.0,0,34.0,0
1360,Кальве Селексьон де Принс Бордо красное сухое вино 0.75л,БЛ990А,Белуга Маркет Восток,0.75,,1804.0,,7.0,0,7.0,0
1361,Каролин Бэй Совиньон Блан белое сухое вино 0.75л,ФР042,Форт Виноторговая компания,0.75,,2224.72,,30.0,0,30.0,0
1362,Кло дю Шарм Каберне Совиньон красное сухое вино 0.75л,ФР043,Форт Виноторговая компания,0.75,,2045.55,,15.0,0,15.0,0
1363,Кло дю Шарм Мерло красное сухое вино 0.75л,ФР197,Форт Виноторговая компания,0.75,,2035.59,,18.0,0,18.0,0
1364,Кло дю Шарм Пино Нуар красное сухое вино 0.75л,ФР216,Форт Виноторговая компания,0.75,,2145.09,,30.0,0,30.0,0
1365,Кло дю Шарм Совиньон Блан белое сухое вино 0.75л,ФР044,Форт Виноторговая компания,0.75,,2035.59,,36.0,0,36.0,0
1366,Кло дю Шарм Шардоне белое сухое вино 0.75л,ФР045,Форт Виноторговая компания,0.75,,2080.39,,34.0,0,34.0,0
1370,Люберон Ля Сибуаз М. Шапутье выдерж красное сухое 0.75л.,ЛД1102А,Ладога Дистрибьюшен,0.75,,2152.5,,9.0,0,3.0,0
1371,Кот-дю-Рон Селексьон Лоранс Феро красное сухое вино 0.75л,ФР046,Форт Виноторговая компания,0.75,,3548.6,,24.0,0,24.0,0
1372,Кур де Посе Анжу Блан белое сухое вино 0.75л,ФР164,Форт Виноторговая компания,0.75,,2662.7,,10.0,0,10.0,0
1373,Кур де Посе Мюскаде белое сухое вино 0.75л,ФР198,Форт Виноторговая компания,0.75,,2662.7,,45.0,0,45.0,0
1374,Кур де Посе Совиньон Блан белое сухое вино 0.75л,ФР199,Форт Виноторговая компания,0.75,,2478.55,,18.0,0,18.0,0
1377,Гевюрцтраминер Пэи д’Ок Мэзон Кастель полусухое белое 0.75л,ЛД1219,Ладога Дистрибьюшен,0.75,,1937.25,,209.0,0,209.0,0
1378,"КАБЕРНЕ СОВИНЬОН серии ВИ Д'АМУР  сорт орд кр сух 0,75л.",ОМ127,ТОРГОВЫЙ ДОМ АРОМА,0.75,,762.0,,2.0,0,2.0,0
1380,"Ле Жамель ВИН ОРАНЖ ординарное сухое белое 0,75Л., РЕГ. Лангедок-Руссийон (Окситания)",ВК356,ВИНИКОМ ООО,0.75,,2435.11,,21.0,0,21.0,0
1381,"МЕРЛО серии ВИ Д'АМУР сорт орд  красное сухое 0,75л.",ОМ126,ТОРГОВЫЙ ДОМ АРОМА,0.75,,762.0,,1.0,0,1.0,0
1382,Сен-Жан д'Омьер л'Арнакёр сухое розовое 0.75л.,ЛД1173,Ладога Дистрибьюшен,0.75,,1115.4,,4.0,0,4.0,0
1383,ШАТО РОМБО Мускат де Ривзальт ликерное белое 0.5л.,КН324,Кавина,0.5,,1853.48,,19.0,0,19.0,0
1384,ШАТО РОМБО Ривзальт Амбре ликерное белое 0.5л.,КН326,Кавина,0.5,,2636.06,,9.0,0,9.0,0
1385,ШАТО РОМБО Ривзальт Розе ликерное розовое 0.5л.,КН325,Кавина,0.5,,1853.48,,11.0,0,11.0,0
1386,ШАТО РОМБО Ривзальт Тюиле ликерное красное 0.5л.,КН327,Кавина,0.5,,2636.06,,8.0,0,8.0,0
1387,Ле Кри Пуйи-Фюме белое сухое вино 0.75л,АИ1327,АСТ-интернэшнл инваэронмэнт,0.75,,5576.51,,2.0,0,2.0,0
1388,Лоран Дэланэ Ле Граппияж Бургонь Пино Нуар красное сухое вино 0.75л,ВК509,ВИНИКОМ ООО,0.75,,4258.01,,24.0,0,24.0,0
1389,Мезон Александр Шабли белое сухое вино 0.75л,ФР048,Форт Виноторговая компания,0.75,,6405.4,,2.0,0,2.0,0
1390,Мишель Маньен Вон-Романе Вьей Винь красное сухое вино 0.75л,АИ1329,АСТ-интернэшнл инваэронмэнт,0.75,,28487.16,,5.0,0,5.0,0
1391,Монтели-Дуэре-Поршере Мерсо белое сухое вино 0.75л,ФР242,Форт Виноторговая компания,0.75,,28657.57,,3.0,0,3.0,0
1392,О де Прованс розовое сухое вино 0.75л,АИ1364,АСТ-интернэшнл инваэронмэнт,0.75,,3638.25,,3.0,0,3.0,0
1394,Вино Шато Ля Круа де Ге красное сухое 0.75,АИ1091-20,АСТ-интернэшнл инваэронмэнт,0.75,,10540.53,,0,2.0,0,0
1396,"Вино Домен Сен Андриё Розе. Кот де Прованс сухое розовое 0,75л",ЛУ110,ЛУДИНГ ООО,0.75,,2816.64,,6.0,0,6.0,0
1397,Уайт Тропе сух розовое 1.5л.,ДМ1034,Денвью Лимитэд АО,1.5,,15455.88,,2.0,0,2.0,0
1398,УАЙТ ТРОПЕ сухое розовое 0.75л.,ДМ1026,Денвью Лимитэд АО,0.75,,5936.76,,14.0,0,14.0,0
1400,Гран Конселье Шардоне белое сухое 0.75л.,АИ259С,АСТ-интернэшнл инваэронмэнт,0.75,,1262.93,,38.0,0,38.0,0
1401,Кот де Гасконь Домен Лаффит Розе сухое розвое 0.75л.,ЛД1117,Ладога Дистрибьюшен,0.75,,1687.0,,6.0,0,6.0,0
1402,Пьер Соннен Пино Гри Гран Крю Фюрстентум белое полусладкое вино 0.75л,ПВ238,ПРЕМЬЕР-ВИН,0.75,,3235.04,,1.0,0,1.0,0
1403,Сансер Ля Кле дю Реси белое сухое вино 0.75л,АИ1325,АСТ-интернэшнл инваэронмэнт,0.75,,5451.91,,3.0,0,3.0,0
1404,Сент Обэн Премье Крю Домен Патрик Миолан красное сухое вино 0.75л,ФР276,Форт Виноторговая компания,0.75,,11038.99,,2.0,0,2.0,0
1406,Вино Ле Пти Дюкрю-Бокайу красное сухое 0.75,АИ1092-19,АСТ-интернэшнл инваэронмэнт,0.75,,8839.53,,7.0,0,7.0,0
1407,Филипп Гулле Шабли Премье Крю Монмэн белое сухое вино 0.75л,ФР143,Форт Виноторговая компания,0.75,,10939.45,,24.0,0,24.0,0
1408,Фюг де Ненэн Помроль красное сухое вино 0.75л,ЛД1770,Ладога Дистрибьюшен,0.75,,8254.75,,1.0,0,1.0,0
1409,Хюгель Жантий белое сухое вино 0.75л,АИ1372,АСТ-интернэшнл инваэронмэнт,0.75,,2182.21,,3.0,0,3.0,0
1410,Хюгель Рислинг Классик белое сухое вино 0.75л,АИ1328,АСТ-интернэшнл инваэронмэнт,0.75,,3389.51,,7.0,0,7.0,0
1412,Шабли Гран Крю Ле Кло Домен Сент-Антуан 1583 белое сухое 0.75л,ПС123,СВАМ Групп,0.75,,11779.91,,1.0,0,1.0,0
1413,Шабли Бег Матьё белое сухое вино 0.75л,ФР145,Форт Виноторговая компания,0.75,,5365.21,,4.0,0,4.0,0
1414,Шабли белое сухое вино 0.75л Домен Бийо-Симон,ФР144,Форт Виноторговая компания,0.75,,8635.1,,7.0,0,7.0,0
1415,Шабли Ле Шануан белое сухое вино 0.75л,АИ1370,АСТ-интернэшнл инваэронмэнт,0.75,,3868.43,,3.0,0,3.0,0
1416,Шабли Премье Крю Вогро Бег Матьё белое сухое вино 0.75л,ФР266,Форт Виноторговая компания,0.75,,7365.96,,1.0,0,1.0,0
1417,Шабли Премье Крю Вокопэн Бег Матьё белое сухое вино 0.75л,ФР146,Форт Виноторговая компания,0.75,,7365.96,,11.0,0,11.0,0
1418,Шардоне Дудэ-Ноден сорт орд сухое белое 0.75л.,ЛД932А,Ладога Дистрибьюшен,0.75,,2170.0,,6.0,0,6.0,0
1419,Шарм де Луар Совиньон Блан белое сухое 0.75л,ФР147,Форт Виноторговая компания,0.75,,3299.75,,9.0,0,9.0,0
1420,Шато Ля Круа де Ге красное сухое вино 0.75л,АИ1379,АСТ-интернэшнл инваэронмэнт,0.75,,8749.62,,1.0,0,1.0,0
1421,Шато О Мажине красное сухое вино 0.75л,ФР148,Форт Виноторговая компания,0.75,,2722.42,,10.0,0,10.0,0
1422,Шато Пего Кот-дю-Рон Кюве Маклюра красное сухое вино 0.75л,ФР213,Форт Виноторговая компания,0.75,,4220.5,,7.0,0,7.0,0
1423,Шатонеф дю Пап Андре Брюнель красное сухое 0.75л,ФР181,Форт Виноторговая компания,0.75,,9416.48,,3.0,0,3.0,0
1424,Шинон Кюве Пейн красное сухое вино 0.75л,ПВ349А,ПРЕМЬЕР-ВИН,0.75,,2255.76,,2.0,0,2.0,0
1427,ЛЕ ВИН ДЕ л'Онкл ХАНСИ ПИНО БЛАН сорт сух белое 0.75л.,ПВ310А,ПРЕМЬЕР-ВИН,0.75,,2005.86,,1.0,0,1.0,0
1428,"Вино полусладкое белое Гевюрцтраминер Кюве Тео 0,75л",ФС117Н,Форт Виноторговая компания,0.75,,6777.06,,2.0,0,2.0,0
1429,Эльзас Бестхайм Рислинг де Шассёр де Люн сорт выд сухое белое 0.75л.,ЛД1183,Ладога Дистрибьюшен,0.75,,2413.95,,13.0,0,13.0,0
1430,"Эльзас Кав де Бенвир Рислинг Традисьон сухое белое 0,75л",ЛД1719,Ладога Дистрибьюшен,0.75,,1832.43,,16.0,0,16.0,0
1431,Эльзас Коллексьон Анна де Лавейс Гевюрцтраминер сорт орд полусухое белое 0.75л.,ЛД511А,Ладога Дистрибьюшен,0.75,,2745.75,,11.0,0,11.0,0
1432,Эльзас Коллексьон Анна де Лавейс Рислинг сорт выд сухое белое 0.75л.,ЛД547А,Ладога Дистрибьюшен,0.75,,2315.25,,12.0,0,12.0,0
1433,Юбер Бузро-Грюэр Пюлиньи-Монраше белое сухое вино 0.75л,АИ1374,АСТ-интернэшнл инваэронмэнт,0.75,,14177.3,,1.0,0,1.0,0
1435,Арести Трискель Гран Резерва Сира красное сухое вино 0.75л,ЛД1754,Ладога Дистрибьюшен,0.75,,2026.5,,11.0,0,11.0,0
1436,Арести Трискель Гран Резерва Совиньон Блан сухое белое 0.75л,ЛД1496,Ладога Дистрибьюшен,0.75,,2026.5,,18.0,0,18.0,0
1438,Вью Манент Резерва Шардонне белое сухое вино 0.75л,ФР204,Форт Виноторговая компания,0.75,,1980.85,,18.0,0,18.0,0
1439,Вью Манент Сингл Виньярд Мальбек красное сухое вино 0.75л,ФР179,Форт Виноторговая компания,0.75,,6111.76,,7.0,0,7.0,0
1440,Вью Манент Эстейт Коллекшн Резерва Карменер красное сухое вино 0.75л,ФР092,Форт Виноторговая компания,0.75,,1980.85,,20.0,0,20.0,0
1441,Вью Манент Эстейт Коллекшн Резерва Мальбек красное сухое вино 0.75л,ФР093,Форт Виноторговая компания,0.75,,1980.85,,20.0,0,20.0,0
1442,Вью Манент Эстейт Коллекшн Резерва Совиньон Блан белое сухое вино 0.75л,ФР094,Форт Виноторговая компания,0.75,,1980.85,,23.0,0,23.0,0
1444,Арести Истейт Селекшн Гевюрцтраминер сухое белое 0.75л,ЛД1388,Ладога Дистрибьюшен,0.75,,1076.25,,24.0,0,24.0,0
1445,Арести Истейт Селекшн Каберне Совиньон полусухое красное 0.75л,ЛД1433,Ладога Дистрибьюшен,0.75,,1076.25,,110.0,0,110.0,0
1446,Арести Истейт Селекшн Карменер полусухое красное 0.75л,ЛД1340,Ладога Дистрибьюшен,0.75,,1076.25,,131.0,0,131.0,0
1447,Арести Истейт Селекшн Мерло полусухое красное 0.75л.,ЛД1434,Ладога Дистрибьюшен,0.75,,1076.25,,49.0,0,49.0,0
1448,Арести Истейт Селекшн Совиньон Блан полусухое белое 0.75л,ЛД1393,Ладога Дистрибьюшен,0.75,,1076.25,,46.0,0,46.0,0
1449,Арести Истейт Селекшн Шардоне сухое белое 0.75л.,ЛД1342,Ладога Дистрибьюшен,0.75,,1076.25,,48.0,0,48.0,0
1450,Арести Кабина´56 Резерва Каберне Совиньон полусухое красное 0.75л,ЛД1556,Ладога Дистрибьюшен,0.75,,1254.75,,1.0,0,1.0,0
1451,Арести Кабина´56 Резерва Каберне Совиньон сухое красное 0.75л,ЛД1556А,Ладога Дистрибьюшен,0.75,,1254.75,,43.0,0,43.0,0
1452,Арести Кабина´56 Резерва Карменер сухое красное 0.75л,ЛД1554,Ладога Дистрибьюшен,0.75,,1254.75,,24.0,0,24.0,0
1453,Арести Кабина´56 Резерва Мальбек сухое красное 0.75л,ЛД1555А,Ладога Дистрибьюшен,0.75,,1254.75,,62.0,0,62.0,0
1454,Арести Кабина´56 Резерва Совиньон Блан сухое белое 0.75л,ЛД1561,Ладога Дистрибьюшен,0.75,,1254.75,,11.0,0,11.0,0
1455,Арести Кабина´56 Резерва Шардоне белое сухое 0.75л,ЛД1835,Ладога Дистрибьюшен,0.75,,1254.75,,8.0,0,8.0,0
1456,"Вино Арести Рута Сур Карменер Резерва полусухое красное 0,75л",ЛД1575,Ладога Дистрибьюшен,0.75,,1148.0,,46.0,0,46.0,0
1457,Тутунжан Сингл Виньярд Карменер сухое красное 0.75л.,ЛД939А,Ладога Дистрибьюшен,0.75,,1915.39,,6.0,0,6.0,0
1459,"Вино красное сухое ""Вью Манент Резерва Каберне Совиньон"", год урожая 2023,  0,75л",ФР271,Форт Виноторговая компания,0.75,,1980.85,,6.0,0,6.0,0
1460,"Вино сухое красное Кармен Гран Резерва Фрида Кало Карменер 0,75л",ВК507,ВИНИКОМ ООО,0.75,,3491.15,,5.0,0,5.0,0
1461,"Вино сухое красное Монтес Альфа Карменер 0,75л",ВК506,ВИНИКОМ ООО,0.75,,4502.69,,11.0,0,11.0,0
1462,Коно Сур Токорнал Шардоне белое полусухое 0.75л,БЛ174А,Белуга Маркет Восток,0.75,,1064.0,,0,12.0,0,0
1463,Левитейшн Верде Вайт белое полусухое вино 0.75л,ВШ083,ВИЛАШ-КШВ ООО,0.75,,630.42,,0,54.0,0,0
1464,Левитейшн Верде Розе розовое полусухое вино 0.75л,ВШ084,ВИЛАШ-КШВ ООО,0.75,,630.42,,0,60.0,0,0
1465,"Ломас де Йауен Пипеньо красное сухое вино 1,0л",ФР232,Форт Виноторговая компания,1,,2866.75,,26.0,0,26.0,0
1466,Пинвино Рей Каберне Совиньон красное сухое вино 0.75л,ФР095,Форт Виноторговая компания,0.75,,1463.24,810.0,29.0,0,29.0,0
1467,Пинвино Рей Карменер красное сухое 0.75л,ФР096,Форт Виноторговая компания,0.75,,1463.24,810.0,19.0,0,19.0,0
1468,Пинвино Рей Совиньон Блан белое сухое вино 0.75л,ФР098,Форт Виноторговая компания,0.75,,1463.24,810.0,31.0,0,31.0,0
1469,Пинвино Рей Шардоне белое сухое вино 0.75л,ФР099,Форт Виноторговая компания,0.75,,1463.24,810.0,29.0,0,29.0,0
1471,Сармиентос Каберне Совиньон сорт орд  красное сухое 0.75л.,АИ452А,АСТ-интернэшнл инваэронмэнт,0.75,,1000.35,,3.0,0,3.0,0
1472,Сармиентос Шардоне сортовое ординарное белое сухое 0.75л,АИ092О,АСТ-интернэшнл инваэронмэнт,0.75,,973.15,,2.0,0,2.0,0
1474,"Вино Гран Резерва Карменер Тарапака красное сухое 0,75",АИ1069,АСТ-интернэшнл инваэронмэнт,0.75,,2463.14,,15.0,0,15.0,0
1475,"Вино Москато Тарапака белое сладкое 0,75",АИ1070,АСТ-интернэшнл инваэронмэнт,0.75,,1071.43,,18.0,0,18.0,0
1476,Каберне Совиньон красное сухое 0.75л Тарапака,АИ1053Н,АСТ-интернэшнл инваэронмэнт,0.75,,1106.53,,24.0,0,24.0,0
1477,Карменер красное сухое 0.75л Тарапака,АИ1054А,АСТ-интернэшнл инваэронмэнт,0.75,,1106.53,,18.0,0,18.0,0
1478,Карменер Резерва красное сухое 0.75л Тарапака,АИ1195А,АСТ-интернэшнл инваэронмэнт,0.75,,1253.45,,7.0,0,7.0,0
1479,Мерло красное сухое 0.75л. Тарапака,АИ542С,АСТ-интернэшнл инваэронмэнт,0.75,,1106.53,,25.0,0,25.0,0
1480,Сармиентос Мерло красное сухое 0.75л. Тарапака,АИ554А,АСТ-интернэшнл инваэронмэнт,0.75,,973.15,,6.0,0,6.0,0
1481,Совиньон Блан сухое белое 0.75л Тарапака,АИ121Н,АСТ-интернэшнл инваэронмэнт,0.75,,1454.9,,26.0,0,26.0,0
1482,Шардоне белое сухое 0.75л Тарапака,АИ1055А,АСТ-интернэшнл инваэронмэнт,0.75,,1106.53,,8.0,0,8.0,0
1483,Фронтера Совиньон Блан Педро Хименес белое полусухое вино 0.75л,БЛ039А,Белуга Маркет Восток,0.75,,1104.0,,0,12.0,0,0
1485,"Вино полусладкое красное ЕСПИРИТУ ДЕ ЧИЛИ КАБЕРНЕ СОВИНЬОН 0,75л",МС201Н,Мистраль алко,0.75,,946.52,,200.0,0,200.0,0
1486,"Вино полусухое ЕСПИРИТУ ДЕ ЧИЛИ КАРМЕНЕР 0,75л",МС203,Мистраль алко,0.75,,983.72,,21.0,0,21.0,0
1487,"Вино сортовое ординарное «Уна Делисия Карменер» сухое красное 0,75Л",ЛД674О,Ладога Дистрибьюшен,0.75,,829.5,,10.0,0,10.0,0
1488,"Вино сортовое ординарное «Уна Делисия Мерло» сухое красное 0,75Л",ЛД952О,Ладога Дистрибьюшен,0.75,,829.5,,3.0,0,3.0,0
1489,"Вино сортовое ординарное полусладкое красное «Исла Негра Каберне Совиньон» 0,75Л",БЛ893,Белуга Маркет Восток,0.75,,1124.0,,72.0,0,72.0,0
1493,"Вино сухое белое ЕСПИРИТУ ДЕ ЧИЛИ ГЕВЮРЦТРАМИНЕР 0,75л",МС202,Мистраль алко,0.75,,983.72,,39.0,0,39.0,0
1494,КАБЕРНЕ СОВИНЬОН серии ПЬЮПИЛЛА красное сухое 0.187л.,ОМ192А,ТОРГОВЫЙ ДОМ АРОМА,0.187,,264.98,,72.0,0,72.0,0
1495,Кантор Саноро Карменер красное сухое 0.187л,ОМ346,ТОРГОВЫЙ ДОМ АРОМА,0.187,,229.28,,54.0,0,54.0,0
1496,Кантор Соноро Каберне Своиньон красное сухое 0.187л,ОМ345,ТОРГОВЫЙ ДОМ АРОМА,0.187,,229.28,,48.0,0,48.0,0
1497,Карменер сортовое сухое красное Пьюпилла 0.187л.,ОМ191А,ТОРГОВЫЙ ДОМ АРОМА,0.187,,264.98,,150.0,0,150.0,0
1498,Курикано Каберне Совиньон полусладкое красное 0.75л,ЛД1530,Ладога Дистрибьюшен,0.75,,895.95,,48.0,0,48.0,0
1499,Курикано Каберне Совиньон полусладкое красное 0.75л,ЛД1530КУ,Ладога Дистрибьюшен,0.75,,895.95,599.99,133.0,0,133.0,0
1500,Курикано Каберне Совиньон полусладкое красное 0.75л Селект,ЛД1530С,Ладога Дистрибьюшен,0.75,,895.95,,422.0,0,422.0,0
1501,Курикано Каберне Совиньон сухое красное 0.75л,ЛД846А,Ладога Дистрибьюшен,0.75,,862.95,,54.0,0,54.0,0
1502,Курикано Каберне Совиньон сухое красное 0.75л,ЛД846КУ,Ладога Дистрибьюшен,0.75,,862.95,599.99,540.0,0,540.0,0
1503,Курикано Карменер сухое красное 0.75л,ЛД839А,Ладога Дистрибьюшен,0.75,,862.95,,3.0,0,3.0,0
1504,Курикано Карменер сухое красное 0.75л,ЛД839КУ,Ладога Дистрибьюшен,0.75,,862.95,599.99,214.0,0,214.0,0
1505,Курикано Москато белое полусладкое 0.75л,ЛД1869КУ,Ладога Дистрибьюшен,0.75,,895.95,599.99,172.0,0,172.0,0
1506,Курикано Розе орд сухое розовое 0.75л.,ЛД216А,Ладога Дистрибьюшен,0.75,,862.95,,8.0,0,8.0,0
1507,Курикано Совиньон Блан полусладкое белое 0.75л,ЛД1614,Ладога Дистрибьюшен,0.75,,895.95,,79.0,0,79.0,0
1508,Курикано Совиньон Блан полусладкое белое 0.75л,ЛД1614КУ,Ладога Дистрибьюшен,0.75,,895.95,599.99,575.0,0,575.0,0
1509,Курикано Совиньон Блан сухое белое 0.75л,ЛД840А,Ладога Дистрибьюшен,0.75,,862.95,,69.0,0,69.0,0
1510,Курикано Совиньон Блан сухое белое 0.75л,ЛД840КУ,Ладога Дистрибьюшен,0.75,,862.95,599.99,466.0,0,466.0,0
1511,Пино Гриджио Прима Альта сухое белое 1.5л,ОМ344,ТОРГОВЫЙ ДОМ АРОМА,1.5,,1849.36,,102.0,0,102.0,0
1513,Санта Альба Каберне Совиньон красное сухое вино 0.75л,ПВ1284,ПРЕМЬЕР-ВИН,0.75,,935.69,,3.0,0,3.0,0
1514,Санта Альба Резерв Каберне Совиньон красное сухое 0.75л,ПВ1292,ПРЕМЬЕР-ВИН,0.75,,1328.2,,9.0,0,9.0,0
1515,Совиньон сортовое сухое белое Пьюпилла 0.187л.,ОМ194А,ТОРГОВЫЙ ДОМ АРОМА,0.187,,264.98,,132.0,0,132.0,0
1516,ШАРДОНЕ серии ПЬЮПИЛЛА белое сухое 0.187л.,ОМ193А,ТОРГОВЫЙ ДОМ АРОМА,0.187,,264.98,,108.0,0,108.0,0
1518,Африкаа Парк Шенен Блан белое сухое 0.75л,ЛД437А,Ладога Дистрибьюшен,0.75,,867.9,,713.0,0,713.0,0
1519,Африкаа Парк Шираз сорт орд сухое красное 0.75л.,ЛД438С,Ладога Дистрибьюшен,0.75,,867.9,,754.0,1.0,754.0,0
1521,Африканский Горизонт Шенен Блан сорт сух белое 0.75л.,ПВ115А,ПРЕМЬЕР-ВИН,0.75,,665.73,,45.0,0,45.0,0
1522,КВВ Шенен Блан белое сухое 0.75л.,АИ518Н,АСТ-интернэшнл инваэронмэнт,0.75,,1187.26,,14.0,0,14.0,0
1523,КИВИ КЮВЕ СОВИНЬОН БЛАН сортовое сухое белое 0.75л. Африка,ПВ078А,ПРЕМЬЕР-ВИН,0.75,,1266.16,,8.0,0,8.0,0
1524,Пердеберг Селлар Пинотаж красное сухое 0.75л,ЛД1728,Ладога Дистрибьюшен,0.75,,1353.0,,17.0,0,17.0,0
1525,Пердеберг Селлар Софт Смуф Вайт орд п/сух белое 0.75л.,ЛД1108А,Ладога Дистрибьюшен,0.75,,867.9,,1.0,0,1.0,0
1526,Пердеберг Селлар Софт Смуф Ред красное полусухое 0.75л.,ЛД1103А,Ладога Дистрибьюшен,0.75,,1022.64,,7.0,0,7.0,0
1527,Пердеберг Селлар Шенен Блан белое сухое 0.75л,ЛД1729,Ладога Дистрибьюшен,0.75,,1353.0,,7.0,0,7.0,0
1528,"Вино Веллингтон Босман Оптенхорст Шенен Блан сух. Бел. ВО регион , год урожая 2021 0,75л.",ВК494,ВИНИКОМ ООО,0.75,,5320.49,,8.0,0,8.0,0
1529,"Вино Драй Лэнд Коллекшн Джозеф Легаси марочное  сухое красное 0,75л.",ЛД1865,Ладога Дистрибьюшен,0.75,,2278.5,,12.0,0,12.0,0
1530,Вино сортовое ординарное Африкаа Парк Пинотаж сухое красное 0.75л.,ЛД436А,Ладога Дистрибьюшен,0.75,,896.0,,722.0,0,722.0,0
1531,"Вино товара Беллингем Бернард Сириез Буш Вайн Пинотаж, ВО регион Костал Риджион, крас. сух выд 0,75л",ВК495,ВИНИКОМ ООО,0.75,,5146.12,,2.0,0,2.0,0
1532,Джампер энд Джек Бабун Брю Кофи Пинотаж красное сухое вино 0.75л,ФР205,Форт Виноторговая компания,0.75,,1781.77,995.0,13.0,0,13.0,0
1533,Джампер энд Джек Совиньон Блан белое сухое вино 0.75л,ФР206,Форт Виноторговая компания,0.75,,1781.77,995.0,8.0,0,8.0,0
1534,Джампер энд Джек Шенен Блан белое сухое вино 0.75л,ФР207,Форт Виноторговая компания,0.75,,1781.77,995.0,15.0,0,15.0,0
1536,"Вино сортовое молодое белое полусухое «Голден Каан Совиньон Блан» 0,75Л",БЛ894,Белуга Маркет Восток,0.75,,1334.0,,3.0,0,3.0,0
1537,"Вино сортовое молодое красное полусухое «Голден Каан Шираз» 0,75Л",БЛ895,Белуга Маркет Восток,0.75,,1334.0,,142.0,0,142.0,0
1538,Стоун Пайн Виньярдс Пинотаж красное сухое 0.75л,ПВ1269,ПРЕМЬЕР-ВИН,0.75,,1518.13,,2.0,0,2.0,0
1539,КВВ Совиньон Блан белое сухое вино 0.75л,АИ1180А,АСТ-интернэшнл инваэронмэнт,0.75,,913.28,,20.0,0,20.0,0
1540,Кози Бэй Совиньон Блан белое сухое вино 0.75л,ВШ063,ВИЛАШ-КШВ ООО,0.75,,742.5,,70.0,0,69.0,1.0
1541,Кози Бэй Совиньон Блан Розе розовое сухое вино 0.75л,ВШ064,ВИЛАШ-КШВ ООО,0.75,,742.5,,67.0,0,67.0,0
1542,Кози Бэй Шираз красное сухое вино 0.75л,ВШ065,ВИЛАШ-КШВ ООО,0.75,,742.5,,52.0,0,52.0,0
1544,Беллингем Бернард Сириез Олд Вайн Шенен Блан белое сухое вино 0.75л,ВК278А,,0.75,,4497.28,,23.0,0,23.0,0
1545,Левитейшн Вайт Бленд белое сухое вино 0.75л,ВШ060,ВИЛАШ-КШВ ООО,0.75,,702.0,,126.0,0,126.0,0
1546,Левитейшн Ред Бленд красное сухое вино 0.75л,ВШ061,ВИЛАШ-КШВ ООО,0.75,,702.0,,89.0,0,89.0,0
1547,Левитейшн Розе Бленд розовое сухое вино 0.75л,ВШ062,ВИЛАШ-КШВ ООО,0.75,,958.5,,11.0,3.0,11.0,0
1548,Мунлайт Бэй белое сухое вино 0.75л,ВШ066,ВИЛАШ-КШВ ООО,0.75,,675.0,,124.0,0,124.0,0
1549,Мунлайт Бэй красное сухое вино 0.75л,ВШ067,ВИЛАШ-КШВ ООО,0.75,,675.0,,181.0,0,181.0,0
1551,"Вино ординарное «Зебра Хиллс Софт Смуф Ред» полусладкое красное 0,75Л",ЛД287О,Ладога Дистрибьюшен,0.75,,787.5,,1.0,0,1.0,0
1554,Перли Бей Драй Ред сухое красное креп. 13.5% 0.75л.,АИ090,АСТ-интернэшнл инваэронмэнт,0.75,,857.32,,46.0,0,46.0,0
1555,Перли Бей Драй Уайт белое сухое 0.75л,АИ091Н,АСТ-интернэшнл инваэронмэнт,0.75,,857.32,,81.0,0,81.0,0
1556,Перли Бей Свит Ред красное сладкое 0.75л,АИ451Н,АСТ-интернэшнл инваэронмэнт,0.75,,857.32,,77.0,0,77.0,0
1557,Перли Бей Свит Уайт белое сладкое 0.75л,АИ422С,АСТ-интернэшнл инваэронмэнт,0.75,,679.55,,16.0,0,16.0,0
1558,Раатс Ориджинал Шенен Блан белое сухое вино 0.75л,ФР211,Форт Виноторговая компания,0.75,,4668.43,,36.0,0,36.0,0
1559,Стелленруст Пинотаж красное сухое вино 0.75л,ФР100,Форт Виноторговая компания,0.75,,2647.76,,25.0,0,25.0,0
1560,Стелленруст Таймлес Баррел Селекшн красное сухое вино 0.75л,ФР101,Форт Виноторговая компания,0.75,,4957.09,,18.0,0,18.0,0
1561,Флэтрок Пинотаж Рибоксклуф красное сухое вино 0.75л,ФР102,Форт Виноторговая компания,0.75,,1821.58,999.0,77.0,0,77.0,0
1562,Флэтрок Совиньон Блан Рибоксклуф белое сухое вино 0.75л,ФР103,Форт Виноторговая компания,0.75,,1821.58,999.0,62.0,0,62.0,0
1563,Флэтрок Шенен Блан Рибоксклуф белое сухое вино 0.75л,ФР104,Форт Виноторговая компания,0.75,,1821.58,999.0,85.0,0,85.0,0
1566,"Пино Гриджио серия Ахсар белое сухое 0,75л",ПВ1273,ПРЕМЬЕР-ВИН,0.75,,664.73,,19.0,0,19.0,0
1567,"Рислинг серия Ахсар белое сухое 0,75л",ПВ1274,ПРЕМЬЕР-ВИН,0.75,,664.73,,78.0,0,78.0,0
1568,"Рислинг серия Ахсар Иронсан белое сухое 0,75л",ПВ219,ПРЕМЬЕР-ВИН,0.75,,664.73,,126.0,0,126.0,0
1569,"Саперави серия Ахсар красное сухое 0,75л",ПВ1275,ПРЕМЬЕР-ВИН,0.75,,631.81,,10.0,0,10.0,0
1570,Саперави-Аладастури серия АХСАР красное сухое 0.75л,ПВ1276,ПРЕМЬЕР-ВИН,0.75,,718.71,,9.0,0,9.0,0
1571,Совиньон Блан серия АХСАР белое сухое 0.75л.,ПВ1278,ПРЕМЬЕР-ВИН,0.75,,664.73,,23.0,0,23.0,0
1572,Ново Верде белое полусухое 0.75л. Вино,ПВ1271,ПРЕМЬЕР-ВИН,0.75,,756.36,,420.0,0,420.0,0
1573,Ново Верде розовое полусухое 0.75л. Вино,ПВ1272,ПРЕМЬЕР-ВИН,0.75,,756.36,,175.0,0,175.0,0
1575,КАГОР Цард десертное марочное 0.75л.,РУ001,Руссан,0.75,,732.24,,6.0,0,6.0,0
1576,Ломиаури полусладкое красное Цард 0.75л.,РУ006,Руссан,0.75,,634.61,,9.0,0,9.0,0
1577,ПИНО ГРИДЖИО сухое белое Цард 0.75л.,РУ004,Руссан,0.75,,650.88,,89.0,0,89.0,0
1578,Рислинг сухое белое Цард 0.75л.,РУ002,Руссан,0.75,,650.88,,154.0,0,154.0,0
1579,САПЕРАВИ красное сухое Цард 0.75л.,РУ007,Руссан,0.75,,634.61,,6.0,0,6.0,0
1580,СОВИНЬОН БЛАН сухое белое Цард 0.75л.,РУ003,Руссан,0.75,,650.88,,48.0,0,48.0,0
1581,Тавквери-Мерло сух красное 0.75л.,РУ012,Руссан,0.75,,732.24,,76.0,0,76.0,0
1583,Сакэ Дайгиндзё Осакая Тёбэй 0.72л. п/у,АИ084А,АСТ-интернэшнл инваэронмэнт,0.72,,3747.8,,5.0,0,5.0,0
1584,Сакэ Дзюммай Дайгиндзё Дзюдан Дзикоми 0.7л. п/у,АИ1033,АСТ-интернэшнл инваэронмэнт,0.7,,9644.6,,1.0,0,1.0,0
1585,Сакэ Токубэцу Дзюммай Ямаданисики 0.72л.,АИ247А,АСТ-интернэшнл инваэронмэнт,0.72,,2614.07,,4.0,0,4.0,0
1588,Пьяный Абрикос 0.75л.,ТЛ030,Ритейл Логистик ООО,0.75,,631.01,,18.0,0,18.0,0
1589,ГАНЧА виноградосодержащий напиток газ белый полусладкий 0.33л бан алк.10%,ВП031,Руст Россия (РА),0.33,,273.44,,34.0,0,34.0,0
1590,ГАНЧА виноградосодержащий напиток газ белый полусухой 0.33л бан алк.10%,ВП032,Руст Россия (РА),0.33,,273.44,,36.0,0,36.0,0
1592,ЭКИНОКС ОРАНЖ газир напиток сухое белый 0.75л.,ПВ1189,ПРЕМЬЕР-ВИН,0.75,,1222.76,,22.0,0,22.0,0
1594,Бароло Кинато Кокки п/у 0.5л.,УМ097АГ,РЕГИОН 50,0.5,,5660.08,,1.0,0,1.0,0
1595,Сибона Чивико 10 Вермут ди Торино Россо Супериоре 0.75л.,ЛД1432,Ладога Дистрибьюшен,0.75,,3476.28,,4.0,0,4.0,0
1598,Старвард Нова виски 0.7л. п/у,АИ771,АСТ-интернэшнл инваэронмэнт,0.7,,7387.67,,1.0,0,1.0,0
1602,Блэк Рэм бурбон финиш 3 года виски 0.5л,ДМ1016,Денвью Лимитэд АО,0.5,,1708.68,,7.0,0,7.0,0
1603,Блэк Рэм бурбон финиш 3 года виски 0.7л,ДМ1017,Денвью Лимитэд АО,0.7,,2263.86,,1.0,0,1.0,0
1604,Блэк Рэм бурбон финиш 3 года виски 1.0л,ДМ1025,Денвью Лимитэд АО,1,,3064.62,,4.0,0,4.0,0
1605,"Блэк Рэм выдержка 3 года 0,7л виски",ДМ1051,Денвью Лимитэд АО,0.7,,2095.67,,9.0,0,9.0,0
1606,Блэк Рэм выдержка 3 года 0.5л виски,ДМ1056,Денвью Лимитэд АО,0.5,,1580.68,,7.0,0,7.0,0
1608,"Виски индийский односолодовый РАМПУР ДАБЛ КАСК 45%, 0,7 л. в п/у",ПО148,АСГ,0.7,,7804.45,,2.0,0,2.0,0
1612,Бушмилз Ориджинал виски 0.7л,ДА167,Компания Даско-Трейд ООО,0.7,ПИ,1489.56,,19.0,0,19.0,0
1614,ДИНГЛ СИНГЛ ПОТ СТИЛ ВЫПУСК 5 виски 0.7л. туба,ОМ208,ТОРГОВЫЙ ДОМ АРОМА,0.7,,10856.98,,2.0,0,2.0,0
1617,Айриш Ровер виски 1.0л,БЛ229,Белуга Маркет Восток,1,,4634.0,,0,6.0,0,0
1619,Бушмилз Блэк Буш виски 0.7л,АИ382С,АСТ-интернэшнл инваэронмэнт,0.7,ПИ,2991.73,,8.0,0,8.0,0
1620,Бушмилз Сингл Молт 10 лет виски 0.7л п/у,АИ381,АСТ-интернэшнл инваэронмэнт,0.7,ПИ,4007.07,,8.0,0,8.0,0
1622,Виски купажированный ДЖЕМЕСОН 1л,ДА135,Компания Даско-Трейд ООО,1,ПИ,2632.35,,234.0,0,234.0,0
1623,Джемесон 0.7л п/у + 2 стакана,ЧД004С,Логистик Эл-Си ООО,0.7,ПИ,2534.57,,47.0,0,47.0,0
1624,Джемесон виски 0.05л,ТЛ120,Ритейл Логистик ООО,0.05,ПИ,286.35,,48.0,60.0,48.0,0
1625,Джемесон виски 0.7л,ДА213,Компания Даско-Трейд ООО,0.7,ПИ,1833.02,,747.0,0,747.0,0
1626,Джемесон виски 4.5л,ДА334,Компания Даско-Трейд ООО,4.5,ПИ,16500.0,,4.0,0,4.0,0
1628,Пропер Твелв виски 0.7л,ТЛ163,Ритейл Логистик ООО,0.7,ПИ,2203.72,,3.0,0,3.0,0
1629,Пропер Твелв виски 0.7л,ДА260,Компания Даско-Трейд ООО,0.7,ПИ,1911.14,,10.0,0,10.0,0
1631,Тилинг Блэкпиттс 0.7л п/у,БМ059,Бакарди Рус ООО,0.7,,7461.61,,10.0,0,10.0,0
1632,Тилинг Сингл Молт виски 0.7л п/у,БМ045,Бакарди Рус ООО,0.7,,6783.15,,6.0,0,6.0,0
1633,Тилинг Смол Бэтч виски 0.7л,БМ044,Бакарди Рус ООО,0.7,,4747.81,,7.0,0,7.0,0
1635,Уистлер Бодега Каск Сингл Молт 5-летний Айриш Виски 0.7л. п/у,ЛД1255Г,Ладога Дистрибьюшен,0.7,,3830.53,,18.0,0,18.0,0
1636,"Уистлер Гуд, Бэд энд Смоуки Блендед Молт Айриш Виски в П/У 0.7л.",ЛД1253Г,Ладога Дистрибьюшен,0.7,,7246.17,,1.0,0,1.0,0
1637,Уистлер Дабл Оакед Айриш виски 0.7л,ЛД1283,Ладога Дистрибьюшен,0.7,,3707.2,,18.0,0,18.0,0
1638,Уистлер Пи Икс Ай Лав Ю Сингл Молт Айриш виски 0.7л п/у,ЛД1286,Ладога Дистрибьюшен,0.7,,7712.0,,1.0,0,1.0,0
1641,Бурбон Мастер Грэйд виски 0.5л,ЛС028,АЛВИСА ООО,0.5,,649.91,,100.0,6.0,100.0,0
1642,"Виски ГЛЕН ИГЛС Выдержка шесть лет солодовый  0,25л.",ЛС057,АЛВИСА ООО,0.25,,581.39,,51.0,0,51.0,0
1643,Глен Иглс 6 лет виски 0.7л с бокалом,ЛС049Б,АЛВИСА ООО,0.7,,1169.08,,1.0,0,1.0,0
1644,Глен Иглс 6 лет виски 0.7л с бокалом,ЛС049БГ,АЛВИСА ООО,0.7,,1169.08,,1.0,0,1.0,0
1645,Наки Томпсон 3 года виски 0.25л,ЛС025,АЛВИСА ООО,0.25,,452.84,,136.0,0,136.0,0
1646,Наки Томпсон 3 года виски 0.5л,ЛС011,АЛВИСА ООО,0.5,,868.58,,141.0,0,141.0,0
1647,Наки Томпсон 3 года виски 0.7л,ЛС010,АЛВИСА ООО,0.7,,1159.77,,90.0,0,90.0,0
1648,Рэд энд Блэк 3 года виски 0.5л,ЛС012,АЛВИСА ООО,0.5,,669.06,,142.0,6.0,142.0,0
1650,ВИСКИ SCOTCH TERRIER (СКОТЧ ТЕРЬЕР) 40% об. 0.5л п/у,СК092П,Виноконьячный Дом Альянс-1892,0.5,,931.0,,284.0,0,284.0,0
1651,"Виски СКОТЧ ТЕРЬЕР 0,5л. п/у",СК109Г,Виноконьячный Дом Альянс-1892,0.5,,931.0,,1.0,0,1.0,0
1652,Севен Ярдс виски 0.5л,СК100,Виноконьячный Дом Альянс-1892,0.5,,1232.0,,1.0,0,1.0,0
1654,Вильям Лоусонс 40% 0.25л.,БМ809,Бакарди Рус ООО,0.25,,770.13,,127.0,6.0,127.0,0
1655,Вильям Лоусонс виски 0.5л РУ НД,БМ753НД,Бакарди Рус ООО,0.5,,1437.64,,144.0,0,144.0,0
1656,Вильям Лоусонс виски 0.7л РУ НД,БМ716НД,Бакарди Рус ООО,0.7,,1849.58,,293.0,0,293.0,0
1657,Вильям Лоусонс виски 1.0л РУ,БМ712НА,Бакарди Рус ООО,1,,2481.04,,200.0,0,200.0,0
1658,Вильям Лоусонс со вкусом Чили спиртной напиток 0.5л,БМ1019,Бакарди Рус ООО,0.5,,1437.64,,56.0,0,56.0,0
1659,Вильям Лоусонс Супер Спайсд спиртной напиток 0.25л,БМ931,Бакарди Рус ООО,0.25,,770.13,,71.0,0,71.0,0
1660,Вильям Лоусонс Супер Спайсд спиртной напиток 0.5л,БМ757А,Бакарди Рус ООО,0.5,,1437.64,,60.0,0,60.0,0
1661,Вильям Лоусонс Супер Спайсд спиртной напиток 0.7л РУ,БМ766,Бакарди Рус ООО,0.7,,1849.58,,46.0,0,46.0,0
1662,Виски ГЛЕН ИГЛС Выдержка шесть лет солодовый  1л.,ЛС056,АЛВИСА ООО,1,,2010.27,,3.0,0,3.0,0
1663,"Виски купажированный ""АБЕРФОРТ"" 0,5Л",ЛС058,АЛВИСА ООО,0.5,,675.36,,217.0,0,217.0,0
1664,"Виски шотландский купажированный СИ ВИЧ 0,7л",ПО522,АСГ,0.7,,1643.78,,114.0,0,114.0,0
1667,Керригрин Эмеральд виски 0.7л,ЛД1855,Ладога Дистрибьюшен,0.7,,1284.95,,261.0,0,261.0,0
1670,Крутояр купажированный виски 0.7л,ЛД1787,Ладога Дистрибьюшен,0.7,,1284.95,,32.0,0,32.0,0
1672,Фоулерс зерновой виски 0.05л,ЛД1365,Ладога Дистрибьюшен,0.05,,127.1,,2227.0,0,2227.0,0
1673,Фоулерс зерновой виски 0.1л фляга,ЛД467,Ладога Дистрибьюшен,0.1,,184.45,,64.0,0,64.0,0
1674,Фоулерс зерновой виски 0.25л,ЛД468А,Ладога Дистрибьюшен,0.25,,359.6,,1805.0,15.0,1805.0,0
1675,Фоулерс зерновой виски 0.5л,ЛД388А,Ладога Дистрибьюшен,0.5,,717.65,,394.0,9.0,394.0,0
1677,"Виски купажированный ""ХАРАТС"" 0,5Л",ПО544,АСГ,0.5,,969.81,,1.0,0,1.0,0
1678,"Виски купажированный ХАРАТС 0,7л",ПО513,АСГ,0.7,,1263.94,,18.0,0,18.0,0
1680,Ричард Ченслер виски 0.7л,СА076,Саранский ЛВЗ ООО,0.7,,2714.27,,6.0,0,6.0,0
1682,Стирсмен зерновой виски 0.25л белая этикетка,УС028,Стеллар Дистрибьюшн Рус ООО,0.25,,365.04,,24.0,0,24.0,0
1683,Стирсмен зерновой виски 0.5л белая этикетка,УС029,Стеллар Дистрибьюшн Рус ООО,0.5,,711.72,,48.0,0,48.0,0
1685,Нествил 6 лет 0.7л. п/у,АИ877П,АСТ-интернэшнл инваэронмэнт,0.7,,2730.78,,4.0,0,4.0,0
1686,Нествил 9 лет виски 0.7л. п/у,АИ900,АСТ-интернэшнл инваэронмэнт,0.7,,3363.46,,3.0,0,3.0,0
1687,Нествил виски 0.5л.,АИ782,АСТ-интернэшнл инваэронмэнт,0.5,,1508.42,,6.0,0,6.0,0
1688,Нествил виски 0.7л.,АИ764,АСТ-интернэшнл инваэронмэнт,0.7,,2052.47,,4.0,0,4.0,0
1689,Нествил Сингл Баррел 0.7л. п/у,АИ878П,АСТ-интернэшнл инваэронмэнт,0.7,,3568.79,,6.0,0,6.0,0
1690,Нествил Сингл Баррел 0.7л. п/у,АИ878ПГ,АСТ-интернэшнл инваэронмэнт,0.7,,3568.79,,3.0,0,3.0,0
1691,Нествил Сингл Баррел виски 0.7л.,АИ878,АСТ-интернэшнл инваэронмэнт,0.7,,3568.79,,1.0,0,1.0,0
1692,Нествил Сингл Молт виски 0.7л. п/у,АИ901,АСТ-интернэшнл инваэронмэнт,0.7,,3934.71,,5.0,0,5.0,0
1694,Виски Гленаладейл Блю Эдишн 0.5л,ВШ080,ВИЛАШ-КШВ ООО,0.5,,1032.75,,0,6.0,0,0
1695,"Виски ДЖУРА ДЖОРНИ шотландский односолодовый 0,7 л.",ПО539,АСГ,0.7,,2943.6,,3.0,0,3.0,0
1697,ГленГлассо Торфа 0.7л в п/у,АИ1100,АСТ-интернэшнл инваэронмэнт,0.7,,5711.01,,3.0,0,3.0,0
1698,ГленГлассо Торфа 0.7л в п/у,АИ1100Г,АСТ-интернэшнл инваэронмэнт,0.7,,5711.01,,3.0,0,3.0,0
1699,ГЛЕНГЛАССО Эволюшн 0.7л в п/у,АИ1101,АСТ-интернэшнл инваэронмэнт,0.7,,5178.26,,3.0,0,3.0,0
1701,ГленДронах Ориджинал 12 лет 0.7л в п/у,АИ1102,АСТ-интернэшнл инваэронмэнт,0.7,ПИ,6794.2,,6.0,0,6.0,0
1703,Виски Гленгэрри 0.7л,АИ1383,АСТ-интернэшнл инваэронмэнт,0.7,,1734.64,,4.0,2.0,4.0,0
1706,"Виски Джонни Уокер Блэк Лейбл выдержка 12 лет 0,7л",ДА388,Компания Даско-Трейд ООО,0.7,ПИ,2734.99,,26.0,0,26.0,0
1708,"Виски шотландский купажированный ДЖОННИ УОКЕР РЭД ЛЕЙБЛ 0,5л",ДА169,Компания Даско-Трейд ООО,0.5,ПИ,1082.08,,56.0,0,56.0,0
1710,Дюарс 15 лет 0.75л,БМ748Н,Бакарди Рус ООО,0.75,,6057.81,,2.0,0,2.0,0
1711,Дюарс Белая Этикетка виски 0.5л,БМ709,Бакарди Рус ООО,0.5,,1815.97,,108.0,0,108.0,0
1712,Дюарс Белая Этикетка виски 0.7л,БМ704Л,Бакарди Рус ООО,0.7,,2374.93,,270.0,0,270.0,0
1713,Дюарс Белая Этикетка виски 1.0л,БМ707,Бакарди Рус ООО,1,,3424.17,,44.0,0,44.0,0
1714,Дюарс Кариббиан Смуз 8 лет виски 0.7л,БМ554Н,Бакарди Рус ООО,0.7,,3145.75,,91.0,0,91.0,0
1715,Дюарс Спешиал Резерв 12 лет виски 0.7л,БМ133,Бакарди Рус ООО,0.7,,4622.93,,14.0,0,14.0,0
1716,Дюарс Спешиал Резерв 12 лет виски п/у 0.7л,БМ702Л,Бакарди Рус ООО,0.7,,4622.93,,4.0,0,4.0,0
1717,Дюарс Френч Смуз 8 лет 0.7л,БМ056,Бакарди Рус ООО,0.7,,3145.75,,13.0,0,13.0,0
1719,Катти Сарк виски 0.7л,ЛД389А,Ладога Дистрибьюшен,0.7,,2427.2,,3.0,0,3.0,0
1721,Фокс Энд Догс 0.25л,БЛ239,Белуга Маркет Восток,0.25,,458.5,,0,48.0,0,0
1722,Фокс энд Догс виски 0.5л,БЛ915РУ,Белуга Маркет Восток,0.5,,871.0,,9.0,84.0,9.0,0
1723,Фокс энд Догс виски 1.0л,БЛ408,Белуга Маркет Восток,1,,1695.0,,0,83.0,0,0
1725,"Виски Фэймос Грауз Смоки Блэк 0,7 п/у",ДА172,Компания Даско-Трейд ООО,0.7,ПИ,1860.76,,10.0,0,10.0,0
1727,Хай Коммишинер виски 0.35л,ЛД1440,Ладога Дистрибьюшен,0.35,,867.96,,691.0,0,691.0,0
1728,Хай Коммишинер виски 0.5л,ЛД062,Ладога Дистрибьюшен,0.5,,1608.0,,217.0,0,217.0,0
1729,Хай Коммишинер виски 1.0л,ЛД1047,Ладога Дистрибьюшен,1,,2822.4,,418.0,0,418.0,0
1732,Крейгелахи 13 лет 0.7 п/у 46%,БМ775А,Бакарди Рус ООО,0.7,,8008.97,,8.0,0,8.0,0
1734,Акентошан Американ Оак 0.7л п/у,ДА395,Компания Даско-Трейд ООО,0.7,ПИ,2354.44,,42.0,0,42.0,0
1735,"Виски шотландский солодовый «АКЕНТОШАН 12 ЛЕТ ДАБЛ КАСК» 0,7л п/у",ДА355Д,Компания Даско-Трейд ООО,0.7,ПИ,3981.16,,40.0,0,40.0,0
1737,Лох Ломонд Опен Спешиал Эдишн 151 Роял Ливерпуль Риоха Финиш 0.7 п/у,ЛД1653,Ладога Дистрибьюшен,0.7,,6270.68,,2.0,0,2.0,0
1738,Лох Ломонд Опен Спешиал Эдишн Сингл Молт 0.7л,ЛД1679,Ладога Дистрибьюшен,0.7,,6434.66,,3.0,0,3.0,0
1739,Лох Ломонд Резерв Бленд виски 0.7л,ЛД063,Ладога Дистрибьюшен,0.7,,2296.0,,3.0,0,3.0,0
1740,Лох Ломонд Сингл Молт 10 лет 0.7 п/у,ЛД1387,Ладога Дистрибьюшен,0.7,,6563.2,,6.0,0,6.0,0
1741,Лох Ломонд Сингл Молт 12 лет виски 0.7л п/у,ЛД384,Ладога Дистрибьюшен,0.7,,7712.0,,2.0,0,2.0,0
1743,Олтмор 12лет 0.7л п/у 46%,БМ770А,Бакарди Рус ООО,0.7,,7623.98,,6.0,0,6.0,0
1746,Боумор 12 лет Шерри Оак Каск 0.7л п/у,ТЛ398,Ритейл Логистик ООО,0.7,,8623.85,,2.0,0,2.0,0
1748,"Виски шотландский односолодовый Смоукхед Хай Волтидж 0,7л п/у",ДА214,Компания Даско-Трейд ООО,0.7,,5499.52,,6.0,0,6.0,0
1750,"Виски шотландский односолодовый Лафройг выдержка 10 лет 0,7л п/у",ДА232Н,Компания Даско-Трейд ООО,0.7,ПИ,4836.04,,27.0,0,27.0,0
1751,Лафройг Квотер Каск солодовый 0.7л. п/у,АИ887А,АСТ-интернэшнл инваэронмэнт,0.7,ПИ,6682.65,,6.0,0,6.0,0
1753,Ройал Бракла 12лет 46% 0.7л. п/у,БМ785Н,Бакарди Рус ООО,0.7,,9054.77,,7.0,0,7.0,0
1756,Балвэни Даблвуд 12 лет виски 0.7л п/у,АИ1015,АСТ-интернэшнл инваэронмэнт,0.7,ПИ,7542.5,,16.0,0,16.0,0
1758,Макаллан 12 Трипл К.М 40% 0.05л. п/у,ДМ520Н,Денвью Лимитэд АО,0.05,ПИ,877.68,,7.0,0,7.0,0
1759,Макаллан Дабл Каск 12 лет 0.05л п/у,ТЛ404,Ритейл Логистик ООО,0.05,,1608.85,,12.0,0,12.0,0
1760,Макаллан Дабл Каск 18 лет 0.7л. п/у,АИ895,АСТ-интернэшнл инваэронмэнт,0.7,,44573.43,,11.0,0,11.0,0
1762,Синглтон 15 лет виски 0.7л,ДА340,Компания Даско-Трейд ООО,0.7,ПИ,6003.13,,8.0,0,8.0,0
1763,Синглтон Даффтаун 12 лет виски 0.05л,ЛИ098,ЛВК & Логистик ООО,0.05,ПИ,402.5,,11.0,0,11.0,0
1766,Аберфелди 12 лет виски 0.7л п/у,БМ760Л,Бакарди Рус ООО,0.7,,7323.32,,49.0,0,49.0,0
1767,Аберфелди 21  год 40% 0.7л п/у,БМ761Л,Бакарди Рус ООО,0.7,,30468.0,,2.0,0,2.0,0
1769,"Виски Гленливет Фаундерс Резерв 0,7л п/у",АППИ101,КАРАТ ООО,0.7,ПИ,4243.91,,4.0,0,4.0,0
1770,Виски Гленморанджи Кадболл 1л п/у,ДА252,Компания Даско-Трейд ООО,1,,6657.95,,2.0,0,2.0,0
1771,Гленморанджи Нектар 16 лет 0.7л п/у,ТЛ393,Ритейл Логистик ООО,0.7,,9198.85,,4.0,0,4.0,0
1773,Гленфиддик 12 лет 0.75л туба,ДА357,Компания Даско-Трейд ООО,0.75,ПИ,4519.85,,10.0,0,10.0,0
1774,Гленфиддик 12 лет 0.7л п/у,ДА357Н,Компания Даско-Трейд ООО,0.7,,3599.34,,18.0,0,18.0,0
1775,Гленфиддик 21 год 0.7л п/у,ЦД076,Центр дистрибьюции ООО,0.7,ПИ,30455.05,,2.0,0,2.0,0
1778,"Виски зерновой БУРБОН ХОЛИ ГАН 0,5л",ПО521,АСГ,0.5,,827.2,,110.0,0,110.0,0
1779,"Виски зерновой БУРБОН ХОЛИ ГАН 0,7л",ПО142,АСГ,0.7,,993.53,,415.0,0,415.0,0
1782,Джим Бим Бурбон Дабл Оак зерновой виски 0.7л,ДА343,Компания Даско-Трейд ООО,0.7,ПИ,2800.0,,30.0,0,30.0,0
1783,Джим Бим виски 0.05л,ТЛ406,Ритейл Логистик ООО,0.05,,251.85,,24.0,0,24.0,0
1784,Джим Бим виски 0.7л,ДА136Н,Компания Даско-Трейд ООО,0.7,ПИ,1650.56,,769.0,0,769.0,0
1785,Джим Бим виски 1.0л,ТЛ192,Ритейл Логистик ООО,1,ПИ,2044.53,,5.0,0,5.0,0
1786,Джим Бим Хани спиртной напиток 0.7л,ДА345,Компания Даско-Трейд ООО,0.7,ПИ,1900.0,,20.0,0,20.0,0
1787,Джим Бим Черри Блэк спиртной напиток 0.7л,ДА344,Компания Даско-Трейд ООО,0.7,ПИ,1700.0,,26.0,0,26.0,0
1789,Мэйкерс Марк 0.7л,ДА358,Компания Даско-Трейд ООО,0.7,ПИ,3098.88,,41.0,0,41.0,0
1790,Мэйкерс Марк бурбон зерновой виски 0.7л,ДМ231,Денвью Лимитэд АО,0.7,ПИ,3185.67,,11.0,0,11.0,0
1791,Кентукки Оул Конфискейтид виски 0.7л,АИ1233,АСТ-интернэшнл инваэронмэнт,0.7,,17982.22,,3.0,0,3.0,0
1794,Джек Дениел'с Теннесcи 40% 0.7л п/у + 1 стакан,БФ107ЛГ,Логистик Эл-Си ООО,0.7,,3510.29,,1.0,0,1.0,0
1795,Джек Дэниел'с Теннесси 0.05л пэт.,ТЛ314,Ритейл Логистик ООО,0.05,ПИ,251.85,,536.0,96.0,536.0,0
1796,Джек Дэниел'с Теннесси виски 0.7л,ДА175,Компания Даско-Трейд ООО,0.7,ПИ,2104.89,,222.0,0,222.0,0
1797,"Джек Дэниел’с Джентльмен Джек 0,75л",БФ030,Логистик Эл-Си ООО,0.75,ПИ,3680.44,,20.0,0,20.0,0
1798,"Джек Дэниел’с Теннесси Эппл 0,75л",ЛИ087,ЛВК & Логистик ООО,0.75,ПИ,2162.0,,3.0,0,3.0,0
1799,Джек Дэниелс Теннесси 0.05л,ЛИ072,ЛВК & Логистик ООО,0.05,ПИ,299.0,,4.0,0,4.0,0
1800,Джек Дэниелс Теннесси 0.05л,ТК006,КАРАТ ООО,0.05,ПИ,223.1,,1.0,0,1.0,0
1803,Гериозе Ле Классик виски 0.7л п/у,ДМ1035,Денвью Лимитэд АО,0.7,,7531.3,,7.0,0,7.0,0
1804,Гериозе Ле Пети Турбэ виски п/у 0.7л,ДМ1036,Денвью Лимитэд АО,0.7,,9201.29,,7.0,0,7.0,0
1806,Бурбон Олд Вирджиния виски 0.7л,ЛД1273,Ладога Дистрибьюшен,0.7,,2460.8,,30.0,0,30.0,0
1808,Севен Силс Питед Порто Вуд Финиш виски 0.7л,АИ1134,АСТ-интернэшнл инваэронмэнт,0.7,,11821.68,,1.0,0,1.0,0
1811,Виски Касл Камус 0.7 п/у,ММ021,Маруся Бевереджис РУС,0.7,,5170.0,,3.0,0,3.0,0
1812,Виски Касл Камус 12 лет 0.7 п/у,ММ547,Маруся Бевереджис РУС,0.7,,7400.0,,1.0,0,1.0,0
1813,Виски Килхоман Махир Бэй 0.7л п/у,ДА410,Компания Даско-Трейд ООО,0.7,,4632.91,,1.0,0,1.0,0
1814,Глен Скоша 10 лет 0.7л. п/у,АИ926,АСТ-интернэшнл инваэронмэнт,0.7,,7405.22,,1.0,0,1.0,0
1815,Джей энд Би Рейр виски 0.05л,ЛИ095,ЛВК & Логистик ООО,0.05,ПИ,299.0,,43.0,0,43.0,0
1818,Баллантайнс Файнест виски 0.05л,ТЛ118,Ритейл Логистик ООО,0.05,ПИ,401.35,,25.0,8.0,24.0,0
1819,Баллантайнс Файнест виски 0.35л,ТЛ381,Ритейл Логистик ООО,0.35,ПИ,1270.18,,30.0,0,30.0,0
1820,Баллантайнс Файнест виски 0.5л,ДА342,Компания Даско-Трейд ООО,0.5,ПИ,1328.25,,124.0,0,124.0,0
1821,Баллантайнс Файнест виски 0.7л,ДА261,Компания Даско-Трейд ООО,0.7,ПИ,1561.37,,484.0,0,484.0,0
1822,Баллантайнс Файнест виски 0.7л,ЦД002,Центр дистрибьюции ООО,0.7,ПИ,1612.28,,4.0,0,4.0,0
1823,Баллантайнс Файнест виски п/у 0.75л со стаканом,ЧД070С,Логистик Эл-Си ООО,0.75,ПИ,1928.14,,1.0,0,1.0,0
1825,Блэк энд Уайт 0.7л.,ДР167,Д Дистрибьюшен,0.7,ПИ,1162.28,,41.0,0,41.0,0
1827,Бэллс Ориджинал 1.0л.,ДР157,Д Дистрибьюшен,1,,1626.89,,1436.0,1.0,1436.0,0
1828,Бэллс Ориджинал виски 0.5л,ДА234,Компания Даско-Трейд ООО,0.5,ПИ,963.04,,19.0,0,19.0,0
1829,Бэллс Ориджинал виски 0.7л,ДА346,Компания Даско-Трейд ООО,0.7,ПИ,1159.76,,79.0,0,79.0,0
1830,Бэллс Пряный спиртной напиток 0.7л,ДА352,Компания Даско-Трейд ООО,0.7,ПИ,978.11,,7.0,0,7.0,0
1832,Джонни Уокер Блэк Лейбл виски 0.05л,ТЛ114,Ритейл Логистик ООО,0.05,ПИ,297.85,,0,14.0,0,0
1833,Джонни Уокер Блю Лейбл виски 0.75л п/у,ТЛ350,Ритейл Логистик ООО,0.75,ПИ,20123.85,,6.0,0,6.0,0
1834,Джонни Уокер Рэд Лейбл 0.05л,ТЛ315,Ритейл Логистик ООО,0.05,ПИ,251.85,,0,88.0,0,0
1835,Джонни Уокер Рэд Лейбл 0.7л,ТЛ101,Ритейл Логистик ООО,0.7,ПИ,1649.88,,57.0,0,57.0,0
1836,Джонни Уокер Рэд Лейбл виски 0.7л,ДА347,Компания Даско-Трейд ООО,0.7,ПИ,1411.23,,358.0,0,346.0,0
1838,Манки Шолдер Ориджинал 0.05л,ДА361,Компания Даско-Трейд ООО,0.05,ПИ,364.56,,6.0,0,6.0,0
1840,Моссберн Блендед Молт Скотч Виски Айлэнд 0.7л. п/у,ММ095А,Маруся Бевереджис РУС,0.7,,5360.0,,5.0,0,5.0,0
1841,Моссберн Блендед Молт Скотч Виски Спейсайд 0.7л. п/у,ММ096А,Маруся Бевереджис РУС,0.7,,4870.0,,6.0,0,6.0,0
1842,Моссберн Коллаборейшн Сириес Карденал Мендоса Каск Финиш виски 0.7л туба,ММ191,Маруся Бевереджис РУС,0.7,,11498.85,,6.0,0,6.0,0
1844,Фэймос Граус 0.5л,ТЛ384,Ритейл Логистик ООО,0.5,ПИ,1321.35,,1.0,0,0,0
1845,Фэймос Граус виски 0.7л,ТЛ307,Ритейл Логистик ООО,0.7,ПИ,1666.35,,1.0,0,0,0
1847,"Виски купажированный Чивас Ригал 12 лет 1,0л",ДА141П,Компания Даско-Трейд ООО,1,ПИ,4613.17,,10.0,0,10.0,0
1848,"Виски ЧИВАС РИГАЛ 12 лет 0,5л",ДА307,Компания Даско-Трейд ООО,0.5,ПИ,1736.86,,66.0,0,66.0,0
1849,"Виски Чивас Ригал 12 лет 4,5л п/у качели",ДА291,Компания Даско-Трейд ООО,4.5,ПИ,17237.59,,6.0,0,6.0,0
1850,"Виски Чивас Ригал 12 лет 4,5л п/у качели",ДА291Г,Компания Даско-Трейд ООО,4.5,ПИ,18700.0,,6.0,0,6.0,0
1851,"Виски шотландский купажированный Чивас Ригал 25 лет 0,7л п/у",ВЛПИ1360,ВЕЛЬД-21,0.7,ПИ,46184.92,,5.0,0,5.0,0
1852,"Виски шотландский купажированный Чивас Ригал Мидзунара 0,7л п/у",ВЛПИ1366,ВЕЛЬД-21,0.7,ПИ,7838.3,,3.0,0,3.0,0
1853,"Джин ""Танкерей Тэн"" 0,7л",ДА335,Компания Даско-Трейд ООО,0.7,ПИ,3966.41,,10.0,0,10.0,0
1854,Роял Салют 21 год Сигначе Бленд 0.7л. п/у,ЧД058Г,Логистик Эл-Си ООО,0.7,ПИ,14227.4,,1.0,0,1.0,0
1855,Чивас Ригал 12 лет 0.75л п/у + 1 стакан,ЧД051С,Логистик Эл-Си ООО,0.75,ПИ,3712.61,,3.0,0,3.0,0
1856,Чивас Ригал 12 лет виски 0.05л,ТЛ122,Ритейл Логистик ООО,0.05,ПИ,368.0,,24.0,8.0,24.0,0
1857,Чивас Ригал 12 лет виски 0.75л,ДА295,Компания Даско-Трейд ООО,0.75,ПИ,2726.88,,284.0,0,284.0,0
1858,Чивас Ригал 12 лет виски 1.0л,ЛК036,ЛОГИСТИК-ТРЕЙД ООО,1,ПИ,3462.08,,20.0,0,20.0,0
1859,"Чивас Ригал 12 лет шотландский купажированный 0,05л",НТ038,Ритейл Логистик ООО,0.05,ПИ,611.4,,4.0,0,4.0,0
1860,Чивас Ригал виски 12 лет 0.5л.,ЛК007С,ЛОГИСТИК-ТРЕЙД ООО,0.5,ПИ,1777.54,,29.0,0,29.0,0
1861,Чивас Ригал Роял Салют 21 год виски 0.7л п/у,ЦД040,Центр дистрибьюции ООО,0.7,ПИ,15023.6,,1.0,0,1.0,0
1862,Чивас Ригал Роял Салют 21 год виски п/у 0.7л,ЧД058,Логистик Эл-Си ООО,0.7,ПИ,14227.4,,1.0,0,1.0,0
1863,Чивас Ригал Экстра 13 лет Американ Рай Каск 0.7л п/у,ТЛ390,Ритейл Логистик ООО,0.7,ПИ,5748.85,,6.0,0,6.0,0
1864,Чивас Ригал Экстра 13 лет Олоросо Шерри Каск 0.75л п/у,ТЛ389,Ритейл Логистик ООО,0.75,ПИ,5633.85,,3.0,0,3.0,0
1865,Чивас Ригал Экстра 13 лет Текила Каскс 0.7л п/у,ТЛ395,Ритейл Логистик ООО,0.7,ПИ,4828.85,,3.0,0,3.0,0
1868,Глен Морей Сингл Молт 12-летний виски П/У 0.7л,ЛД1055А,Ладога Дистрибьюшен,0.7,,5220.4,,2.0,0,2.0,0
1869,Глен Морей Сингл Молт 12-летний виски П/У 0.7л,ЛД1055АГ,Ладога Дистрибьюшен,0.7,,5220.4,,3.0,0,3.0,0
1870,Глен Морей Сингл Молт Оур Классик виски 0.7л п/у,ЛД1585,Ладога Дистрибьюшен,0.7,,3748.8,,4.0,0,4.0,0
1872,"ОЛД ПУЛТЕНИ виски выдержка 15л 0,7 п/у",ОМ111,ТОРГОВЫЙ ДОМ АРОМА,0.7,,12629.26,,1.0,0,1.0,0
1875,"Виски Ардбег Ви Бисти 5 лет 0,7л",ДА263,Компания Даско-Трейд ООО,0.7,ПИ,4760.87,,19.0,0,19.0,0
1877,"Виски шотландский односолодовый«Лагавулин 10 ле» 0,7л п/у",АР812,Альтаир групп,0.7,ПИ,9939.45,,1.0,0,1.0,0
1878,Лагавулин 16 лет виски 0.7л п/у,ДА254,Компания Даско-Трейд ООО,0.7,ПИ,9233.38,,9.0,0,9.0,0
1880,Талискер 10 лет 0.7л п/у,АИ902А,АСТ-интернэшнл инваэронмэнт,0.7,ПИ,5037.38,,1.0,0,1.0,0
1881,Талискер 10 лет 0.7л п/у,ЦД075,Центр дистрибьюции ООО,0.7,ПИ,4669.69,,2.0,0,2.0,0
1884,"Виски односолодовый Аберлоу 12 лет выдержки 0,7л туба",ДА122Н,Компания Даско-Трейд ООО,0.7,ПИ,5960.68,,6.0,0,6.0,0
1886,"Виски односолодовый БенРиах Ориджинал Тэн 0,7л п/у",ДА341,Компания Даско-Трейд ООО,0.7,ПИ,4148.05,,10.0,0,10.0,0
1888,Гленливет Фаундерс Резерв виски 0.75л п/у,ДА251Л,Компания Даско-Трейд ООО,0.75,ПИ,4042.26,,27.0,0,27.0,0
1890,"Виски шотландский односолодовый Гленфарклас 105 0,7л п/у",ДА212,Компания Даско-Трейд ООО,0.7,ПИ,6503.54,,9.0,0,9.0,0
1893,Карду 12 лет виски 0.7л п/у с двумя стаканами,ДА349,Компания Даско-Трейд ООО,0.7,ПИ,5891.39,,3.0,0,3.0,0
1894,"Лонгморн 23 года п/у, 48% 0,7 л.",ПР131,АЛКОТОРГ,0.7,ПИ,38261.58,,2.0,0,2.0,0
1896,"Виски Макаллан Дабл Каск Коллекшен 12 лет 0,7л п/у",ДА359,Компания Даско-Трейд ООО,0.7,ПИ,8718.87,,15.0,0,15.0,0
1897,Макаллан Дабл Каск Коллекшен 12 лет 0.7л пу,ТЛ402,Ритейл Логистик ООО,0.7,,7761.35,,119.0,1.0,119.0,0
1899,"Виски односолодовый шотландский Синглтон 12 лет 0,7л п/у",ДА171,Компания Даско-Трейд ООО,0.7,ПИ,2672.26,,24.0,0,24.0,0
1901,"Тэйстил Эксплорерс Молт 0,7л п/у виски",ДМ1052,Денвью Лимитэд АО,0.7,,4886.53,,1.0,0,1.0,0
1902,Хайлэнд Мист 10 лет 0.7л,БЛ262,Белуга Маркет Восток,0.7,,6242.0,,0,3.0,0,0
1904,"Сантори Рэд виски 0,64л",АИ905,АСТ-интернэшнл инваэронмэнт,0.64,,2637.59,,9.0,0,9.0,0
1906,Виски Хатозаки Трипл Каск Резерв 0.7л п/у,ММ564,Маруся Бевереджис РУС,0.7,,8100.0,,2.0,0,2.0,0
1907,Хатозаки виски 0.7л п/у,ММ090П,Маруся Бевереджис РУС,0.7,,4230.0,,7.0,0,7.0,0
1908,Хатозаки Пью Молт 12 лет Умешу Каск Финиш 0.7 п/у,ММ022,Маруся Бевереджис РУС,0.7,,15650.0,,7.0,0,7.0,0
1911,"Виноградная водка""Абхазская чача""Очамчыра"" 0,5Л",МС314,Мистраль алко,0.5,,752.59,,24.0,0,24.0,0
1914,Армения Тутовая водка 0.5л,УМ201,РЕГИОН 50,0.5,,787.05,,18.0,0,18.0,0
1915,"Водка плодовая тутовая ""Косогоров самогон №10"" креп. 40% об. емк. 0.5л.",АИ411,АСТ-интернэшнл инваэронмэнт,0.5,,625.05,,63.0,0,63.0,0
1916,Косогоров самогон №9 водка абрикосовая 0.5л,АИ412А,АСТ-интернэшнл инваэронмэнт,0.5,,625.05,,30.0,0,30.0,0
1918,Водка Драники на Березовых Почках 0.5л,АИ1342,АСТ-интернэшнл инваэронмэнт,0.5,,537.48,,1396.0,0,1396.0,0
1919,Водка Драники Хлебная 0.5л,АИ1341,АСТ-интернэшнл инваэронмэнт,0.5,,537.48,,1396.0,0,1396.0,0
1921,ШМИДТ ГРЕЙПФРУТ водка 0.7л,ДМ1045,Денвью Лимитэд АО,0.7,,1987.01,,2.0,0,2.0,0
1922,ШМИДТ КЛЮКВА водка 0.7л,ДМ1043,Денвью Лимитэд АО,0.7,,1987.01,,28.0,0,28.0,0
1923,ШМИДТ СУПРИМ водка 0.5л,ДМ1018,Денвью Лимитэд АО,0.5,,1492.87,,16.0,0,16.0,0
1924,ШМИДТ СУПРИМ водка 0.7л,ДМ1019,Денвью Лимитэд АО,0.7,,1987.01,,12.0,0,12.0,0
1925,ШМИДТ ЧЕРНАЯ СМОРОДИНА водка 0.7л,ДМ312,Денвью Лимитэд АО,0.7,,1987.01,,29.0,0,29.0,0
1927,Беловежская Ледяная Премиум водка 40% 0.5л,РК016,МКР ООО,0.5,,351.0,,1.0,0,1.0,0
1928,Коноплянка Заповедная водка 40% 0.1л,РК087,МКР ООО,0.1,,89.06,,86.0,0,86.0,0
1929,Коноплянка Заповедная водка 40% 0.25л,РК001,МКР ООО,0.25,,184.22,,395.0,0,395.0,0
1930,Коноплянка Заповедная водка 40% 0.5л,РК004,МКР ООО,0.5,,329.4,,1.0,0,1.0,0
1931,Коноплянка Заповедная водка 40% 0.7л,РК006,МКР ООО,0.7,,469.7,,4.0,0,4.0,0
1932,Коноплянка Заповедная водка 40% 1.0л,РК092,МКР ООО,1,,658.8,,42.0,0,42.0,0
1933,Коноплянка Оригинальная водка 40% 0.1л,РК088,МКР ООО,0.1,,89.06,,145.0,0,145.0,0
1934,Коноплянка Оригинальная водка 40% 0.25л,РК040,МКР ООО,0.25,,184.22,,47.0,0,47.0,0
1935,Коноплянка Оригинальная водка 40% 0.7л,РК007,МКР ООО,0.7,,469.7,,190.0,0,190.0,0
1936,Коноплянка Родниковая водка 40% 0.1л,РК091,МКР ООО,0.1,,89.06,,176.0,0,176.0,0
1937,Коноплянка Родниковая водка 40% 0.25л,РК055,МКР ООО,0.25,,184.22,,262.0,0,262.0,0
1938,Коноплянка Родниковая водка 40% 0.5л,РК005,МКР ООО,0.5,,329.4,,6.0,0,6.0,0
1939,Коноплянка Традиционная водка 40% 0.1л,РК089,МКР ООО,0.1,,89.06,,191.0,0,191.0,0
1940,Коноплянка Традиционная водка 40% 0.25л,РК003,МКР ООО,0.25,,184.22,,900.0,0,900.0,0
1941,Коноплянка Традиционная водка 40% 0.5л,РК042,МКР ООО,0.5,,329.4,,49.0,0,49.0,0
1942,Коноплянка Традиционная водка 40% 1.0л,РК086,МКР ООО,1,,658.8,,9.0,0,9.0,0
1945,Белая Березка 0.05л.,ПО029,АСГ,0.05,,137.9,,975.0,0,975.0,0
1946,Белая Березка 0.5л,ПО030,АСГ,0.5,,727.46,,1342.0,0,1342.0,0
1947,Белая Березка 0.7л,ПО031Л,АСГ,0.7,,1018.54,,345.0,0,345.0,0
1948,Белая Березка 1.0л,ПО032,АСГ,1,,1433.07,,593.0,0,593.0,0
1949,Белая Березка Золотая 0.5л,ПО036,АСГ,0.5,,727.46,,421.0,0,421.0,0
1950,Белая Березка Золотая 0.7л,ПО038,АСГ,0.7,,1018.54,,22.0,0,22.0,0
1951,Белая Березка Морозная Клюква особая 0.5л,ПО033Н,АСГ,0.5,,727.46,,261.0,0,261.0,0
1952,Белая Берёзка На Бородинском Хлебе особая 0.5л,ПО068,АСГ,0.5,,727.46,,50.0,0,50.0,0
1953,Белая Березка Родниковая 0.5л,ПО161,АСГ,0.5,,727.46,,30.0,0,30.0,0
1954,"Водка БЕЛАЯ БЕРЕЗКА 0,375л",ПО152,АСГ,0.375,,545.58,,573.0,0,573.0,0
1957,Архангельская Выдержанная 1898 водка 0.5л,БЛ354,Белуга Маркет Восток,0.5,,682.0,,0,14.0,0,0
1958,Архангельская Северная выдержка водка 40% 0.375л,БЛ066,Белуга Маркет Восток,0.375,,495.5,,0,120.0,0,0
1960,Беленькая водка 40% 0.25л,БЛ301,Белуга Маркет Восток,0.25,,316.0,,0,306.0,0,0
1961,Беленькая водка 40% 0.5л,БЛ302,Белуга Маркет Восток,0.5,,581.5,,0,12.0,0,0
1962,Беленькая Люкс водка 40% 1.0л,БЛ311,Белуга Маркет Восток,1,,1106.0,,0,13.0,0,0
1964,БЕЛУГА НОБЛ 3.0л,БЛ063,Белуга Маркет Восток,3,,9139.5,,0,4.0,0,0
1965,Белуга Нобл водка 40% 0.5л,БЛ001,Белуга Маркет Восток,0.5,,1220.5,,0,252.0,0,0
1966,Белуга Селебрейшн 0.7л,БЛ388,Белуга Маркет Восток,0.7,,1953.0,,0,120.0,0,0
1967,Белуга Селебрейшн 1.0л,БЛ389,Белуга Маркет Восток,1,,2441.0,,0,17.0,0,0
1968,Белуга Трансатлантик Рейсинг 1.75л,БЛ405,Белуга Маркет Восток,1.75,,4884.0,,0,6.0,0,0
1969,Набор Белуга Трансатлантик Рейсинг с очками 0.7л п/у,БЛ211РН,Белуга Маркет Восток,0.7,,2269.0,,1.0,0,1.0,0
1971,Мягков Серебрянная водка 40% 0.5л,БЛ470,Белуга Маркет Восток,0.5,,554.5,,0,15.0,0,0
1972,Мягков со вкусом клюквы 0.5л,БЛ244,Белуга Маркет Восток,0.5,,493.0,,0,12.0,0,0
1974,Царь водка 40% 0.25л,БЛ725,Белуга Маркет Восток,0.25,,262.0,,0,55.0,0,0
1975,Царь водка 40% 0.5л,БЛ724,Белуга Маркет Восток,0.5,,489.0,,544.0,0,544.0,0
1976,Царь водка 40% 0.7л,БЛ726,Белуга Маркет Восток,0.7,,682.0,,64.0,0,64.0,0
1977,Берингофф Красная Смородина водка 40% 0.5л,ЯР006,Берингофф Торговый дом ООО,0.5,,1058.36,,26.0,0,26.0,0
1978,Берингофф Черная Смородина водка 40% 0.5л,ЯР005,Берингофф Торговый дом ООО,0.5,,1058.36,,30.0,0,30.0,0
1981,Московская особая водка 40% 0.5л,БС026,КУЛЬТУРА ООО,0.5,,367.85,,11.0,0,11.0,0
1982,Московская особая водка 40% 0.7л,БС085,КУЛЬТУРА ООО,0.7,,491.4,,30.0,0,30.0,0
1984,Русская водка 40% 0.1л стакан,БС132,КУЛЬТУРА ООО,0.1,,89.12,,28.0,0,28.0,0
1986,СИБИРСКАЯ водка 0.5л,БС064,КУЛЬТУРА ООО,0.5,,484.35,,54.0,0,54.0,0
1988,Старорусская Традиционная водка 40% 0.5л,БС084,КУЛЬТУРА ООО,0.5,,351.0,,2.0,0,2.0,0
1990,Столичная водка 40% 0.25л,БС035К,КУЛЬТУРА ООО,0.25,,298.08,,512.0,0,512.0,0
1991,Столичная водка 40% 0.5л,БС031К,КУЛЬТУРА ООО,0.5,,548.21,,2867.0,0,2867.0,0
1992,"Водка ""АРКТИЧЕСКИЙ ЛЁД"" 0,5Л",ОН071,Прометей,0.5,,512.64,,2.0,0,2.0,0
1993,"Водка ""ЗЕМСКАЯ МЯГКАЯ"" 0,25л",ЯР038,Берингофф Торговый дом ООО,0.25,,225.65,,431.0,0,431.0,0
1994,"Водка ""ТАЕЖНЫЕ РОСЫ КЛАССИЧЕСКАЯ"" 0,5Л",ОН070,Прометей,0.5,,506.88,,6.0,0,6.0,0
1995,"Водка ""ЯРОСЛАВСКАЯ МЯГКАЯ"" 0,5Л",ЯР045,Берингофф Торговый дом ООО,0.5,,534.83,,48.0,0,48.0,0
1996,"Водка «Vodka A» («Водка А») 0,25л",ЛС072,АЛВИСА ООО,0.25,,242.87,,15.0,0,15.0,0
1997,"Водка «РОМАНОВ САНКТ-ПЕТЕРБУРГ» 0,5Л",ЛД1716С,Ладога Дистрибьюшен,0.5,,850.95,,6.0,0,6.0,0
1998,"Водка «ХОРТА ПЛАТИНУМ» 0,5л",ЯР037,Берингофф Торговый дом ООО,0.5,,521.75,,312.0,0,312.0,0
1999,Водка Лен Ботаникал 0.5л,ЯР029,Берингофф Торговый дом ООО,0.5,,589.29,,48.0,0,48.0,0
2000,Водка Лен Ботаникал на воде озера Байкал 0.5л,ЯР028,Берингофф Торговый дом ООО,0.5,,553.78,,332.0,0,332.0,0
2001,Водка Мороша на минеральной воде Карелии уровень мягкости №1 0.25л,ЛД1794,Ладога Дистрибьюшен,0.25,,294.5,,26.0,0,26.0,0
2002,Водка Мороша на минеральной воде Карелии уровень мягкости №1 0.7л,ЛД1796,Ладога Дистрибьюшен,0.7,,762.6,,106.0,0,106.0,0
2003,"Водка особая ""(АРКТИЧЕСКИЙ ЛЁД) ОСТРЫЙ АПЕЛЬСИН"" 0,5Л",ОН069,Прометей,0.5,,506.23,,9.0,0,9.0,0
2004,"Водка особая ""ЛЁН АЛТАЙСКИЕ ОЗЁРА"" 0,5Л",ЯР046,Берингофф Торговый дом ООО,0.5,,584.9,,5.0,0,5.0,0
2005,"Водка Русский Стандарт 0,05л.",РМ202,Руст Россия (РА),0.05,,184.15,,51.0,0,51.0,0
2006,Водка Русский Стандарт Платинум 1л.,РМ203,Руст Россия (РА),1,,1392.46,,3.0,0,3.0,0
2007,Водка Толга Лайт 0.5л,ЯР003,Берингофф Торговый дом ООО,0.5,,682.4,,2.0,0,2.0,0
2008,Водка Толга Пьюр 0.5л,ЯР001,Берингофф Торговый дом ООО,0.5,,682.4,,63.0,0,63.0,0
2009,Водка Хорта серебряная прохлада 0.5л,ЯР022,Берингофф Торговый дом ООО,0.5,,553.8,,52.0,0,52.0,0
2010,Золотая Россия водка 0.5л,ВП024,Руст Россия (РА),0.5,,629.99,,39.0,0,39.0,0
2012,"Кедровица на кедровых орехах  0,25л",ПО190,АСГ,0.25,,191.17,,581.0,15.0,581.0,0
2013,"Кедровица на кедровых орехах  0,5л",ПО200,АСГ,0.5,,368.27,,609.0,6.0,609.0,0
2015,"Водка виноградная ""Кизлярка"" Традиционная 0,1Л",КЗ680Л,ВЕЛЕС-ГРУПП ООО,0.1,,199.49,,108.0,0,108.0,0
2016,Кизлярка Традиционная виноградная водка 0.25л,КЗ034,ВЕЛЕС-ГРУПП ООО,0.25,,447.24,,254.0,0,254.0,0
2017,Кизлярка Традиционная виноградная водка 0.5л,КЗ680,ВЕЛЕС-ГРУПП ООО,0.5,,832.84,,231.0,0,231.0,0
2019,"Водка виноградная КВС торговой марки КРЫМСКИЙ СТАТУС  0,25л",ОН028,Прометей,0.25,,338.34,281.95,11.0,0,11.0,0
2022,БАРРИСТЕР ГРЕЧИШНАЯ КОППЕР СТИЛЛ водка 0.5л,ЛД1350,Ладога Дистрибьюшен,0.5,,573.5,,16.0,0,16.0,0
2023,Водка Зерно Натуральная Зерновая 0.25л,ЛД1783,Ладога Дистрибьюшен,0.25,,292.95,,6.0,0,6.0,0
2024,Водка Зерно Озимая 0.5л,ЛД1776,Ладога Дистрибьюшен,0.5,,587.45,,16.0,0,16.0,0
2025,Водка особая Зерно Ржаная 0.25л,ЛД1774,Ладога Дистрибьюшен,0.25,,292.95,,24.0,0,24.0,0
2026,Водка особая Зерно Ржаная 0.5л,ЛД1777,Ладога Дистрибьюшен,0.5,,587.45,,16.0,0,16.0,0
2027,ЛАДОГА 0.5л. 40%,ЛД857,Ладога Дистрибьюшен,0.5,,558.0,,895.0,0,895.0,0
2028,"ПЕННИК ДВОЙНОЙ ПЕРЕГОНКИ ПШЕНИЧНЫЙ 0,5",ЛД1472,Ладога Дистрибьюшен,0.5,,499.7,,5.0,0,5.0,0
2030,"Царская Золотая 0,05л",ЛД001,Ладога Дистрибьюшен,0.05,,187.5,,36.0,0,36.0,0
2031,Царская Золотая 0.5л,ЛД002,Ладога Дистрибьюшен,0.5,,773.45,,850.0,0,850.0,0
2032,Царская Золотая 0.7л.,ЛД004,Ладога Дистрибьюшен,0.7,,1071.6,,126.0,0,126.0,0
2033,"Царская Оригинальная 0,05л",ЛД006,Ладога Дистрибьюшен,0.05,,155.0,,78.0,0,78.0,0
2034,Царская Оригинальная 0.5л,ЛД007,Ладога Дистрибьюшен,0.5,,664.95,,9091.0,106.0,9091.0,0
2035,Царская Оригинальная 0.7л,ЛД008,Ладога Дистрибьюшен,0.7,,920.7,,534.0,0,534.0,0
2036,Царская Оригинальная 1.0л.,ЛД022,Ладога Дистрибьюшен,1,,1250.85,,34.0,0,34.0,0
2037,ЦАРСКАЯ СЕРЕБРЯНАЯ 0.25л. 40%,ЛД499,Ладога Дистрибьюшен,0.25,,345.65,,263.0,0,263.0,0
2038,Царское село 0.7л. п/у,ЛД018,Ладога Дистрибьюшен,0.7,,1667.8,,7.0,0,7.0,0
2039,ЦАРЬ ИВАН ГРОЗНЫЙ 0.05л.,ЛД1401,Ладога Дистрибьюшен,0.05,,150.48,,230.0,0,230.0,0
2040,ЦАРСКАЯ ОРИГИНАЛЬНАЯ 1.75л.,ЛД1161,Ладога Дистрибьюшен,1.75,,2224.25,,6.0,0,6.0,0
2041,Царь Иван Грозный водка 0.7л.,ЛД1304С,Ладога Дистрибьюшен,0.7,,1375.6,,11.0,0,11.0,0
2044,БАЛЧУГ 16 век водка 0.5л,СА062,Саранский ЛВЗ ООО,0.5,,868.56,,16.0,0,16.0,0
2045,БАЛЧУГ 19 век водка 0.5л,СА081,Саранский ЛВЗ ООО,0.5,,949.99,,2.0,0,2.0,0
2046,Водка Полба 0.7л,СА084,Саранский ЛВЗ ООО,0.7,,1628.56,,6.0,0,6.0,0
2048,СОЛНЕЧНАЯ ДЕРЕВЕНЬКА на солодовом спирте Альфа водка 0.5л,СА036,Саранский ЛВЗ ООО,0.5,,386.59,,-1.0,1.0,-1.0,0
2050,Водка Спельта 0.7л,СА005,Саранский ЛВЗ ООО,0.7,,2914.42,,1.0,0,1.0,0
2052,"Водка ""Чистые Росы из ячменного зерна"" 0,7 л.",СА065,Саранский ЛВЗ ООО,0.7,,1714.36,,12.0,0,12.0,0
2053,Чистые Росы 0.05л.,СА013,Саранский ЛВЗ ООО,0.05,,145.72,,1.0,0,1.0,0
2054,Чистые Росы 0.7л п/у (юбилейная),СА003Ю,Саранский ЛВЗ ООО,0.7,,4001.4,,1.0,0,1.0,0
2055,Чистые Росы из ржаного зерна 0.7л.,СА012,Саранский ЛВЗ ООО,0.7,,1714.36,,22.0,0,22.0,0
2056,ЧИСТЫЕ РОСЫ из ржаного зерна водка 0.5л,СА011,Саранский ЛВЗ ООО,0.5,,1899.99,,19.0,0,19.0,0
2057,ЧИСТЫЕ РОСЫ из ячменного зерна водка 0.5л,СА064,Саранский ЛВЗ ООО,0.5,,1899.99,,32.0,0,32.0,0
2059,Легенда Кремля 0.5л,УМ192,РЕГИОН 50,0.5,,891.68,,6.0,0,6.0,0
2060,Легенда Кремля 0.7л п/у Фолиант,УМ193,РЕГИОН 50,0.7,,2084.63,,6.0,0,6.0,0
2061,Легенда Кремля 0.7л Футляр,УМ194,РЕГИОН 50,0.7,,1515.02,,4.0,0,4.0,0
2062,Легенда Кремля 0.7л Футляр,УМ194Г,РЕГИОН 50,0.7,,1515.02,,2.0,0,2.0,0
2064,"Водка особая ""МАМОНТ АЙВЕРИ"" 40% 0.5л",ММ008,Маруся Бевереджис РУС,0.5,,1596.0,,21.0,0,21.0,0
2065,Мамонт 0.7л,ММ001,Маруся Бевереджис РУС,0.7,,1883.0,1249.0,153.0,4.0,153.0,0
2066,Мамонт Беррис водка 0.5л,ММ015,Маруся Бевереджис РУС,0.5,,1469.0,,25.0,0,25.0,0
2067,МАМОНТ Блад полусладкая настойка 0.5л,ММ007,Маруся Бевереджис РУС,0.5,,1680.0,,4.0,0,4.0,0
2068,Мамонт Ботаникал водка особая 0.5л,ММ019,Маруся Бевереджис РУС,0.5,,1469.0,,17.0,0,17.0,0
2069,МАМОНТ водка 0.375л,ММ525,Маруся Бевереджис РУС,0.375,,1129.0,,18.0,0,18.0,0
2070,МАМОНТ водка 0.5л,ММ002,Маруся Бевереджис РУС,0.5,,1405.0,949.0,356.0,0,356.0,0
2071,Мамонт Норсмен водка 0.7л,ММ029,Маруся Бевереджис РУС,0.7,,2220.0,,42.0,0,42.0,0
2072,МАМОНТ Ржаная водка 0.5л,ММ012,Маруся Бевереджис РУС,0.5,,1951.0,,40.0,0,40.0,0
2073,"МАМОНТ РЖАНАЯ особая 0,7л 40%",ММ013,Маруся Бевереджис РУС,0.7,,1951.0,,12.0,0,12.0,0
2075,Хлебная Половинка Ржаная Мягкая водка 40% 0.2л,НЦ014,Национальные Алкогольные Традиции,0.2,,164.75,,1.0,0,1.0,0
2077,"Водка ""НЕВА ГОЛД ОРГАНИК"" 0,5Л",КАП002,Глазовский ЛВЗ ОАО,0.5,,1582.52,,127.0,0,127.0,0
2078,"Водка особая ""НЕВА ВИНТЕР"" 0,5л",КАП001,Глазовский ЛВЗ ОАО,0.5,,1009.4,,104.0,0,104.0,0
2080,"Водка ГАСТРОНОМ КУПАЖ №1, КЛАССИЧЕСКИЙ 0,5л",ПО150,АСГ,0.5,,786.7,,329.0,0,329.0,0
2081,"Водка особая ГАСТРОНОМ, КУПАЖ №4 К РЫБНЫМ БЛЮДАМ 37,5 %, 0,5 л.",ПО084,АСГ,0.5,,786.7,,140.0,0,140.0,0
2082,"Водка особая ГАСТРОНОМ, КУПАЖ №7 К МЯСНЫМ БЛЮДАМ 37,5 %, 0,5 л.",ПО085,АСГ,0.5,,786.7,,0,13.0,0,0
2083,"Водка РЕМЕСЛО ФЕРМЕРА. ВЫДЕРЖАННАЯ 0,5л",ПО159,АСГ,0.5,,563.64,,221.0,0,215.0,0
2084,"Водка СИБИРСКИЙ ЭКСПРЕСС 0,05л",ПО151,АСГ,0.05,,196.22,,374.0,0,374.0,0
2085,"Водка СИБИРСКИЙ ЭКСПРЕСС 40%, 0,5 л.",ПО083Н,АСГ,0.5,,1381.44,,65.0,0,65.0,0
2087,"Водка Берёзовый рай 0,5л.",ОС004,ОСВЗ АО,0.5,,424.8,,461.0,12.0,461.0,0
2088,"Водка Озёрская мягкая 0,5л.",ОС002,ОСВЗ АО,0.5,,447.12,,675.0,0,675.0,0
2089,"Водка Озёрская премиум 0,5л.",ОС001,ОСВЗ АО,0.5,,447.12,,657.0,0,657.0,0
2090,"Водка Три Рюмки 0,25л.",ОС003,ОСВЗ АО,0.25,,222.24,,2060.0,0,2060.0,0
2092,"Водка  БАЙКАЛ НА СПИРТЕ  АЛЬФА   0,25л.",ПАК002,ПАК ООО,0.25,,284.0,,513.0,0,513.0,0
2093,"Водка  БАЙКАЛ НА СПИРТЕ  АЛЬФА   0,5л.",ПАК001,ПАК ООО,0.5,,525.69,,291.0,240.0,291.0,0
2094,"Водка  БАЙКАЛ НА СПИРТЕ  АЛЬФА   0,7л.",ПАК014,ПАК ООО,0.7,,724.51,,118.0,0,118.0,0
2095,"Водка ""НЕРПА ОРГАНИК"" 0,5Л",ПАК013,ПАК ООО,0.5,,923.91,,99.0,0,99.0,0
2096,"Водка «БАЙКАЛ АЙС» 0,5Л",ПАК011,ПАК ООО,0.5,,549.17,,24.0,0,24.0,0
2097,"Водка «БАЙКАЛ» 0,5л",ПАК009,ПАК ООО,0.5,,525.69,,1.0,0,1.0,0
2098,"Водка «ПОБЕДА» 0,5л",ПАК005,ПАК ООО,0.5,,776.93,,84.0,0,84.0,0
2099,Водка Байкал Блэк Лайт 0.5л,ПАК006,ПАК ООО,0.5,,526.02,,111.0,0,111.0,0
2100,Водка Нерпа Байкал 0.5л,ПАК007,ПАК ООО,0.5,,853.48,,337.0,0,337.0,0
2101,Водка Нерпа Байкал 0.7л,ПАК008,ПАК ООО,0.7,,1086.96,,295.0,3.0,295.0,0
2102,"Водка особая ""СЛАВЯНСКАЯ РЖАНАЯ ИЗ ОТБОРНОЙ РЖИ"" 0,25л",ПАК004,ПАК ООО,0.25,,328.32,,3.0,0,3.0,0
2103,"Водка Славянская Мягкая на березовых почках"" 0.1л",ПАК015,ПАК ООО,0.1,,126.61,,90.0,0,90.0,0
2104,"Водка Славянская Мягкая на березовых почках"" 0.25л",ПАК016,ПАК ООО,0.25,,224.64,,269.0,10.0,269.0,0
2105,"Водка Славянская Мягкая на березовых почках"" 0.5л",ПАК017,ПАК ООО,0.5,,430.56,,34.0,10.0,34.0,0
2108,Калибр 23 мм Трассирующий 0.1л.,ПЗ005,Первый Купажный Завод,0.1,,502.1,,35.0,0,35.0,0
2110,"Водка ""ПИТЕЙНЫЙ ДОМ ДОМАШНЯЯ "" 1,0Л",ПИТ016,Питейный дом ООО,1,,927.62,,626.0,0,626.0,0
2111,"Водка ДРИНК ХАУС ДЕЛЮКС 0,5л.",ПИТ001,Питейный дом ООО,0.5,,455.77,,147.0,0,147.0,0
2112,"Водка МАЙКОПСКАЯ 0,1л.",ПИТ002,Питейный дом ООО,0.1,,108.66,,800.0,750.0,799.0,0
2113,"Водка МАЙКОПСКАЯ 0,5л.",ПИТ004,Питейный дом ООО,0.5,,448.03,,459.0,310.0,459.0,0
2114,Водка МАЙКОПСКАЯ 1л.,ПИТ005,Питейный дом ООО,1,,886.86,,408.0,3.0,408.0,0
2115,"Водка МЯГКИЙ ЗНАК КЛАССИК 0,5л.",ПИТ007,Питейный дом ООО,0.5,,448.03,,109.0,0,109.0,0
2116,"Водка ПИТЕЙНЫЙ ДОМ ДОМАШНЯЯ  0,5л.",ПИТ008,Питейный дом ООО,0.5,,476.15,,1442.0,300.0,1442.0,0
2117,"Водка ПИТЕЙНЫЙ ДОМ ДОМАШНЯЯ ДЛЯ ДРУЗЕЙ 0,5л.",ПИТ009,Питейный дом ООО,0.5,,476.15,,65.0,0,65.0,0
2119,"Водка ""ПЯТЬ ОЗЕР ОРГАНИК ФИЛЬТРАЦИЯ"" 0,5л",ПО547,АСГ,0.5,,564.73,,12.0,0,12.0,0
2120,"Водка особая ""ПЯТЬ ОЗЕР"" СИБИРСКАЯ КЛЮКВА 0,5л",ПО542,АСГ,0.5,,490.51,,4.0,0,4.0,0
2121,"Водка особая ПЯТЬ ОЗЕР МЯГКАЯ 0,5л",ПО095,АСГ,0.5,,410.04,,120.0,0,120.0,0
2122,Пять Озер 0.25л.,ПО001,АСГ,0.25,,264.92,,3411.0,10.0,3411.0,0
2123,Пять Озер 0.5л.,ПО002,АСГ,0.5,,490.51,,1690.0,6.0,1690.0,0
2124,Пять Озер 0.7л.,ПО003,АСГ,0.7,,667.57,,324.0,3.0,324.0,0
2125,Пять Озер 1.0л.,ПО004,АСГ,1,,934.52,,212.0,3.0,212.0,0
2126,"Пять Озер Премиум 0,5л",ПО060,АСГ,0.5,,545.82,,125.0,0,125.0,0
2127,Рестораторъ водка 0.5л,НЦ038,Национальные Алкогольные Традиции,0.5,,594.93,,18.0,0,18.0,0
2128,Романов водка 0.5л,ЛД1716,Ладога Дистрибьюшен,0.5,,723.85,,4.0,0,4.0,0
2129,Романов водка 0.7л,ЛД1715,Ладога Дистрибьюшен,0.7,,1013.7,,18.0,0,18.0,0
2130,Романов водка 0.7л в п/у с лафитником,ЛД1715ЛГ,Ладога Дистрибьюшен,0.7,,1951.68,,1.0,0,1.0,0
2131,Роса Мягкая 0.5л,ВП025,Руст Россия (РА),0.5,,469.0,,42.0,0,42.0,0
2132,Роса Хрустальная водка 0.5л,ВП026,Руст Россия (РА),0.5,,469.0,,72.0,0,72.0,0
2135,"Водка особая ""Зеленая Марка Брусника"" 0,5л",ВП490,Руст Россия (РА),0.5,,440.0,,1.0,0,1.0,0
2136,Зеленая марка кедровая 0.25л.,ВП454,Руст Россия (РА),0.25,,226.11,,2089.0,0,2089.0,0
2137,Зеленая марка кедровая 0.375л.,ВП462,Руст Россия (РА),0.375,,331.75,,73.0,0,73.0,0
2138,Зеленая марка кедровая 0.5л.,ВП455,Руст Россия (РА),0.5,,438.75,,1547.0,0,1547.0,0
2139,Зеленая марка кедровая 0.7л.,ВП456,Руст Россия (РА),0.7,,614.25,,283.0,0,283.0,0
2140,Зеленая марка кедровая 1.0л.,ВП457,Руст Россия (РА),1,,877.5,,221.0,0,221.0,0
2142,Парламент 0.5л.,ВП001,Руст Россия (РА),0.5,,525.85,,234.0,0,234.0,0
2143,Парламент 0.7л.,ВП002,Руст Россия (РА),0.7,,740.63,,88.0,0,88.0,0
2144,Парламент 1.0л.,ВП004,Руст Россия (РА),1,,994.39,,75.0,0,75.0,0
2147,Русский Стандарт Голд 0.5л.,РМ951,Руст Россия (РА),0.5,,629.03,,45.0,0,45.0,0
2148,Русский Стандарт Голд 0.7л.,РМ953Л,Руст Россия (РА),0.7,,1387.43,,39.0,0,39.0,0
2149,Русский Стандарт Голд 1.0л.,РМ955,Руст Россия (РА),1,,1791.86,,27.0,0,27.0,0
2151,Русский Стандарт 0.375л,РМ910,Руст Россия (РА),0.375,,407.34,,60.0,0,60.0,0
2152,Русский Стандарт 0.5л.,РМ901А,Руст Россия (РА),0.5,,572.59,,717.0,0,717.0,0
2153,Русский Стандарт 0.7л,РМ902Л,Руст Россия (РА),0.7,,774.84,,191.0,0,191.0,0
2154,Русский Стандарт 0.7л в сувенирной бутылке,РМ902О,Руст Россия (РА),0.7,,1146.59,,94.0,0,94.0,0
2155,Русский Стандарт 1.0л,РМ904,Руст Россия (РА),1,,1042.03,,52.0,0,52.0,0
2157,Русский Стандарт 0.2л,РМ118,Руст Россия (РА),0.2,,260.51,,182.0,0,182.0,0
2158,Русский Стандарт Платинум 0.5л,РМ916,Руст Россия (РА),0.5,,781.46,,14.0,0,14.0,0
2159,Русский Стандарт Платинум 0.7л,РМ917Л,Руст Россия (РА),0.7,,1272.23,,60.0,0,60.0,0
2160,Русский Стандарт Платинум 1.0л,РМ918,Руст Россия (РА),1,,1521.78,,6.0,0,6.0,0
2162,"Талка 0,1л",ВП348,Руст Россия (РА),0.1,,113.89,,204.0,0,204.0,0
2163,"Талка 0,25л.",ВП352,Руст Россия (РА),0.25,,235.16,,1229.0,10.0,1229.0,0
2164,Талка 0.375л.,ВП358,Руст Россия (РА),0.375,,341.46,,149.0,0,149.0,0
2165,Талка 0.5 л,ВП350,Руст Россия (РА),0.5,,451.61,,1691.0,18.0,1691.0,0
2166,Талка 0.7л,ВП356,Руст Россия (РА),0.7,,638.88,,266.0,17.0,266.0,0
2167,Талка 1.0л.,ВП359,Руст Россия (РА),1,,877.5,,106.0,3.0,106.0,0
2168,"Талка Сибирский Кедр 0,5",ВП357,Руст Россия (РА),0.5,,451.61,,192.0,0,192.0,0
2170,"Ай-Петри классик водка 0,5",ВН087,Винтрейд,0.5,,559.35,,4.0,0,4.0,0
2171,"Ай-Петри премиум водка 0,5",ВН088,Винтрейд,0.5,,559.35,,3.0,0,3.0,0
2173,"Водка ""СОРМОВСКАЯ ЛЮКС РОДНИКОВАЯ"" 0,5Л",СОР021,Сордис ООО,0.5,,515.65,,226.0,0,226.0,0
2174,"Водка ""СОРМОВСКАЯ ЛЮКС СОЛОДОВАЯ"" 0,5Л",СОР020,Сордис ООО,0.5,,515.65,,121.0,0,121.0,0
2175,"Водка ""СОРМОВСКАЯ ЛЮКС"" 0,1Л",СОР005М,Сордис ООО,0.1,,124.99,,35.0,0,35.0,0
2176,"Водка ""СОРМОВСКАЯ ЛЮКС"" 0,25Л",СОР005Л,Сордис ООО,0.25,,276.8,,249.0,0,249.0,0
2177,"Водка с защищенным наименованием места происхождения товара «РУССКОЕ СЕРЕБРО» 0,5Л",СОР022,Сордис ООО,0.5,,773.52,,7.0,0,7.0,0
2178,"Водка СОРМОВСКАЯ ЛЮКС 0,5л.",СОР005,Сордис ООО,0.5,,515.65,,298.0,0,298.0,0
2180,"Водка  Статский советник  0,5л.",СР001,,0.5,,505.44,,205.0,0,205.0,0
2182,"Тельняшка 0,1л",ПО109,АСГ,0.1,,111.67,,262.0,38.0,262.0,0
2183,"Тельняшка 0,25л",ПО108,АСГ,0.25,,224.02,,1256.0,22.0,1256.0,0
2184,"Тельняшка 0,5л",ПО104,АСГ,0.5,,424.97,,1805.0,16.0,1805.0,0
2185,"Тельняшка 0,7л",ПО105,АСГ,0.7,,599.65,,447.0,6.0,447.0,0
2187,"Водка виноградная Степняк 0,5л.",ФА026,Фанагория АПФ,0.5,,1291.37,,2.0,0,2.0,0
2188,"Водка ЧАЧА АКВА ВИТАЕ виноградная  0,7л.п/у",ФА024,Фанагория АПФ,0.7,,3332.79,,6.0,0,6.0,0
2189,"Водка ЧАЧА ОСОБАЯ  виноградная 0,5л.",ФА023,Фанагория АПФ,0.5,,908.03,,62.0,0,62.0,0
2190,"Водка ЧАЧА ОСОБАЯ виноградная  0,05л.",ФА025,Фанагория АПФ,0.05,,152.49,,18.0,0,18.0,0
2192,"Водка особая ХАСКИ СЕВЕРНАЯ СМОРОДИНА 38%, 0,5 л.",ПО082,АСГ,0.5,,575.84,,43.0,3.0,43.0,0
2193,"Водка ХАСКИ (HUSKY) 40%, 0,25 л.",ПО079,АСГ,0.25,,298.9,,2652.0,12.0,2652.0,0
2194,Водка ХАСКИ 1л,ПО147,АСГ,1,,1109.32,,603.0,0,603.0,0
2195,Хаски (НД) 0.5л. 40%,ПО020,АСГ,0.5,,575.84,,2640.0,9.0,2640.0,0
2196,Хаски (НД) 0.7л.,ПО021Н,АСГ,0.7,,805.63,,358.0,9.0,358.0,0
2197,"ХАСКИ ARCTIC ICE (АРКТИЧЕСКИЙ ЛЕД) 40% 0,5 л.",ПО028,АСГ,0.5,,618.74,,36.0,3.0,36.0,0
2199,"Водка ""ФИНСКИЙ ЛЕД"" 0,25л",ЭЛ001,Эльбрус Спиритс ООО,0.25,,311.36,,2234.0,26.0,2234.0,0
2200,"Водка ""ФИНСКИЙ ЛЕД"" 0,5Л",ЭЛ003,Эльбрус Спиритс ООО,0.5,,569.16,,7501.0,70.0,7501.0,0
2201,"Водка особая ""ФИНСКИЙ ЛЕД. СЕВЕРНЫЕ ЯГОДЫ/ФИНСКИЙ АЙС. НОРДИК БЕРИЗ"" 0,5л",ЭЛ010,Эльбрус Спиритс ООО,0.5,,517.32,,94.0,0,94.0,0
2203,Водка Ракия Абрикосовая Кайзия 0.7л,ЕР076,ЕвроТорг,0.7,,1900.57,,36.0,0,36.0,0
2204,Водка Ракия Абрикосовая Кайсиевача 0.7л,ЕР086,ЕвроТорг,0.7,,4860.05,,8.0,0,8.0,0
2205,Водка Ракия Айвовая Дуньевача 0.7л,ЕР085,ЕвроТорг,0.7,,5248.86,,4.0,0,4.0,0
2206,Водка Ракия Айвовая Дунья 0.7л,ЕР077,ЕвроТорг,0.7,,1900.57,,45.0,0,45.0,0
2207,Водка Ракия Грушевая Вильямовка 0.7л,ЕР082,ЕвроТорг,0.7,,1900.57,,24.0,0,24.0,0
2208,Водка Ракия Слива 0.7л,ЕР083,ЕвроТорг,0.7,,1900.57,,33.0,0,33.0,0
2211,Финляндия 0.05л.,БФ001,Логистик Эл-Си ООО,0.05,ПИ,188.1,,38.0,0,38.0,0
2212,Финляндия Блэккуррант спиртной напиток 0.7л,ДА353,Компания Даско-Трейд ООО,0.7,ПИ,1138.5,,8.0,0,8.0,0
2213,Финляндия водка 0.5л,ДА351,Компания Даско-Трейд ООО,0.5,ПИ,953.18,,122.0,0,122.0,0
2214,Финляндия водка 0.7л,ДА350,Компания Даско-Трейд ООО,0.7,ПИ,1194.77,,9.0,4.0,9.0,0
2215,Финляндия водка 1.0л,ЦД071,Центр дистрибьюции ООО,1,ПИ,1552.5,,88.0,0,88.0,0
2216,Финляндия Грейпфрут спиртной напиток 0.5л,ЦД069,Центр дистрибьюции ООО,0.5,ПИ,856.75,,10.0,0,10.0,0
2217,Финляндия Крэнберри спиртной напиток 0.5л,ЦД009,Центр дистрибьюции ООО,0.5,ПИ,868.25,,41.0,0,41.0,0
2220,Грей Гуз водка 0.5л,БМ945,Бакарди Рус ООО,0.5,,2370.68,,487.0,14.0,487.0,0
2221,Грей Гуз водка 0.7л,БМ952Л,Бакарди Рус ООО,0.7,,3190.73,,143.0,0,143.0,0
2223,"Водка Монблан 0,5л",ЛС039,АЛВИСА ООО,0.5,,1624.9,,154.0,0,154.0,0
2224,"Водка Монблан 0,7",ЛС032,АЛВИСА ООО,0.7,,2231.59,,15.0,0,15.0,0
2225,"Водка Монблан Вояж 0,7",ЛС037,АЛВИСА ООО,0.7,,2231.59,,16.0,0,16.0,0
2226,"Водка Монблан Пью Даймонд 0,7",ЛС038,АЛВИСА ООО,0.7,,2231.59,,14.0,0,14.0,0
2227,"Набор водка Монблан 0,7+2 стопки под. кор",ЛС036,АЛВИСА ООО,0.7,,3135.38,,41.0,0,41.0,0
2230,Абсолют  водка 0.5л,ЦД025,Центр дистрибьюции ООО,0.5,ПИ,1132.64,,7.0,0,7.0,0
2231,Абсолют  водка 0.7л,ЦД029,Центр дистрибьюции ООО,0.7,ПИ,1487.86,,82.0,0,82.0,0
2232,Абсолют водка 0.7л,УМ182,РЕГИОН 50,0.7,ПИ,1678.05,,8.0,0,8.0,0
2233,"Водка АБСОЛЮТ 0,05л",ЛЛПИ219,ЛВК & Логистик ООО,0.05,ПИ,221.1,,0,30.0,0,0
2234,"Водка Абсолют 0,5л",ДА276,Компания Даско-Трейд ООО,0.5,ПИ,1084.19,,114.0,0,114.0,0
2235,"Водка АБСОЛЮТ 0,7л",ДА277,Компания Даско-Трейд ООО,0.7,ПИ,1478.44,,133.0,0,133.0,0
2236,"Водка АБСОЛЮТ 4,5л",ДА336,Компания Даско-Трейд ООО,4.5,ПИ,11900.0,,2.0,0,2.0,0
2239,Граппа Вилла Джусти 0.5л,ПВ192А,ПРЕМЬЕР-ВИН,0.5,,1266.16,,12.0,0,12.0,0
2241,Граппа Мароло ди Амароне 0.7л п/у,АИ1381,АСТ-интернэшнл инваэронмэнт,0.7,,7436.61,,2.0,2.0,2.0,0
2243,Барбера Сибона креп. 40% 0.5л.,ЛД066Н,Ладога Дистрибьюшен,0.5,,3915.3,,7.0,0,7.0,0
2244,"Граппа Сибона Сотерн Вуд Финиш в мет тубе 0,5л",ЛД1199,Ладога Дистрибьюшен,0.5,,4840.0,,5.0,0,5.0,0
2245,Ризерва Мадейра Вуд Финиш Сибона в металлической тубе креп. 44% 0.5л.,ЛД071А,Ладога Дистрибьюшен,0.5,,4840.0,,15.0,0,15.0,0
2247,Граппа Вите д'Оро Классика 0.7л,АИ1360,АСТ-интернэшнл инваэронмэнт,0.7,,3706.56,,2.0,0,2.0,0
2252,Граппа Дикий Абориген 0.5л,ИН203,ВИННЫЙ ДОМ ИНКЕРМАН ООО,0.5,,712.48,,26.0,0,26.0,0
2253,Граппа Дикий Абориген выдержанная 0.5л,ИН204,ВИННЫЙ ДОМ ИНКЕРМАН ООО,0.5,,739.32,,51.0,0,51.0,0
2254,Ласточкино Гнездо 5 лет 0.5л,ИН202,ВИННЫЙ ДОМ ИНКЕРМАН ООО,0.5,,838.14,,54.0,0,54.0,0
2258,Бифитер Блэкберри со вкусом ежевики спиртной напиток 0.7л,ПР139,АЛКОТОРГ,0.7,ПИ,1608.55,,5.0,0,5.0,0
2259,Бифитер Лондон Драй 0.05л,АИ1318,АСТ-интернэшнл инваэронмэнт,0.05,ПИ,359.09,,86.0,0,86.0,0
2260,Бифитер Лондон Драй джин 0.7л.,ДА396,Компания Даско-Трейд ООО,0.7,ПИ,1859.55,,10.0,0,10.0,0
2261,Бифитер Лондон Драй джин 1.0л,ЧД002,Логистик Эл-Си ООО,1,ПИ,2690.98,,1.0,0,1.0,0
2262,Бифитер со вкусом лимона спиртной напиток 0.7л,ПР142,АЛКОТОРГ,0.7,ПИ,1608.55,,63.0,0,63.0,0
2263,Джин Гленс 0.7л,АИ1254,АСТ-интернэшнл инваэронмэнт,0.7,,1285.08,,18.0,0,18.0,0
2265,Мэйфэйр джин 0.7л,ДМ1048,Денвью Лимитэд АО,0.7,,4995.22,,4.0,0,4.0,0
2266,Мэйфэйр Сикс ПиЭм джин 0.7л,ДМ1046,Денвью Лимитэд АО,0.7,,5349.31,,12.0,0,12.0,0
2267,Мэйфэйр Хай Ти джин 0.7л,ДМ1047,Денвью Лимитэд АО,0.7,,5134.98,,2.0,0,2.0,0
2269,Джин Юдзу 0.7л,ММ024,Маруся Бевереджис РУС,0.7,,4650.0,,3.0,0,3.0,0
2272,"Джин МАНКИ 47 ШВАРЦВАЛЬД ДРАЙ ДЖИН 0,5л",ДА338,Компания Даско-Трейд ООО,0.5,ПИ,4712.96,,14.0,0,14.0,0
2273,Джин Скейпгрейс Блад Мун 0.7л,АИ1359,АСТ-интернэшнл инваэронмэнт,0.7,,5361.39,,1.0,0,1.0,0
2275,Джин Мартин Миллерс ориджинал 0.7л,ФР061,Форт Виноторговая компания,0.7,,6644.3,,6.0,0,6.0,0
2277,ДЖИНБЕРИС 0.7л.,ПС083,СВАМ Групп,0.7,,1189.54,,24.0,0,24.0,0
2279,Джин Аква Люче Вайс 0.7л,АИ1347,АСТ-интернэшнл инваэронмэнт,0.7,,6638.29,,4.0,0,4.0,0
2280,Джин Каприол Красный апельсин и Персик 0.7л,АИ1351,АСТ-интернэшнл инваэронмэнт,0.7,,3104.73,,1.0,1.0,1.0,0
2283,Болс Женевер 42% 0.7л.,АИ304,АСТ-интернэшнл инваэронмэнт,0.7,,2926.45,,13.0,0,13.0,0
2286,Барристер Барри Страйк Бартендерс Эдишн 1.0л,ЛД1807,Ладога Дистрибьюшен,1,,1384.15,,276.0,0,276.0,0
2287,БАРРИСТЕР БАРТЕНДЕРС ЭДИШН джин 1.0л,ЛД1372А,Ладога Дистрибьюшен,1,,1415.15,,295.0,5.0,295.0,0
2288,БАРРИСТЕР БЛЮ 0.5л. 40%,ЛД527А,Ладога Дистрибьюшен,0.5,,725.4,,61.0,0,61.0,0
2289,БАРРИСТЕР БЛЮ 0.7л. с бокалом п/у,ЛД981Б,Ладога Дистрибьюшен,0.7,,1557.75,,1.0,0,1.0,0
2290,БАРРИСТЕР БЛЮ джин 0.7л,ЛД981А,Ладога Дистрибьюшен,0.7,,1002.85,,64.0,0,64.0,0
2291,Барристер Дальний Восток джин 0.7л,ЛД1772,Ладога Дистрибьюшен,0.7,,1052.45,,8.0,0,8.0,0
2292,Барристер Драй 0.05л стекло,ЛД1674,Ладога Дистрибьюшен,0.05,,147.25,,362.0,0,362.0,0
2293,Барристер Драй 0.25л.,ЛД1194А,Ладога Дистрибьюшен,0.25,,365.8,,52.0,0,52.0,0
2294,"БАРРИСТЕР ДРАЙ джин 0,375л",ЛД1106,Ладога Дистрибьюшен,0.375,,525.45,,86.0,0,86.0,0
2295,БАРРИСТЕР ДРАЙ джин 0.5л,ЛД074А,Ладога Дистрибьюшен,0.5,,694.4,,240.0,8.0,240.0,0
2296,БАРРИСТЕР ДРАЙ джин 0.7л,ЛД095А,Ладога Дистрибьюшен,0.7,,945.5,,26.0,0,26.0,0
2297,БАРРИСТЕР ДРАЙ джин 1.0л,ЛД922А,Ладога Дистрибьюшен,1,,1302.0,,469.0,3.0,469.0,0
2298,БАРРИСТЕР ЛАВ ИЗ джин 0.7л,ЛД1840,Ладога Дистрибьюшен,0.7,,1009.28,,16.0,0,16.0,0
2299,БАРРИСТЕР НЕВИ СТРЕЙНДЖ джин 0.7л,ЛД481,Ладога Дистрибьюшен,0.7,,1295.04,,1.0,0,1.0,0
2300,БАРРИСТЕР НЕВИ СТРЕЙНДЖ джин 0.7л,ЛД481А,Ладога Дистрибьюшен,0.7,,1295.04,,9.0,0,9.0,0
2301,БАРРИСТЕР ОЛД ТОМ джин 0.7л,ЛД096А,Ладога Дистрибьюшен,0.7,,1041.6,,4.0,0,4.0,0
2302,БАРРИСТЕР ОРАНЖ 0.7л. с бокалом п/у,ЛД982Б,Ладога Дистрибьюшен,0.7,,1588.75,,8.0,0,8.0,0
2303,БАРРИСТЕР ОРАНЖ джин 0.7л,ЛД982А,Ладога Дистрибьюшен,0.7,,1002.85,,20.0,0,20.0,0
2304,БАРРИСТЕР ОРАНЖ дист. 0.5л. 43%,ЛД483А,Ладога Дистрибьюшен,0.5,,725.4,,52.0,0,52.0,0
2305,БАРРИСТЕР ПИНК 0.5л. 40%,ЛД484А,Ладога Дистрибьюшен,0.5,,725.4,,44.0,0,44.0,0
2306,"БАРРИСТЕР ПИНК джин 0,25л",ЛД1104А,Ладога Дистрибьюшен,0.25,,364.25,,44.0,0,44.0,0
2307,"БАРРИСТЕР ПИНК джин 0,375л",ЛД1107А,Ладога Дистрибьюшен,0.375,,545.6,,69.0,0,69.0,0
2308,БАРРИСТЕР ПИНК джин 0.05л.,ЛД1222А,Ладога Дистрибьюшен,0.05,,164.3,,30.0,0,30.0,0
2309,БАРРИСТЕР ПИНК джин 0.7л,ЛД980А,Ладога Дистрибьюшен,0.7,,1002.85,,53.0,0,53.0,0
2310,БАРРИСТЕР СЛОЕ ДЖИН десертный ликер 0.7л,ЛД166,Ладога Дистрибьюшен,0.7,,877.3,,10.0,0,10.0,0
2311,БАРРИСТЕР ТРОПИЧЕСКИЕ ФРУКТЫ 0.5л.,ЛД1464А,Ладога Дистрибьюшен,0.5,,725.4,,25.0,0,25.0,0
2312,БАРРИСТЕР ТРОПИЧЕСКИЕ ФРУКТЫ джин 0.7л,ЛД1599А,Ладога Дистрибьюшен,0.7,,1002.85,,27.0,3.0,27.0,0
2313,ДЖИН БАРРИСТЕР БЛЮ 0.05л. 40%,ЛД165А,Ладога Дистрибьюшен,0.05,,164.3,,32.0,0,32.0,0
2315,"Джин БИТЛИ ПИНК 0,5л",ОН010,Прометей,0.5,,535.06,,281.0,0,281.0,0
2316,"Джин БИТЛИ ПИНК 0,7л",ОН011,Прометей,0.7,,713.42,,46.0,0,46.0,0
2318,Босфорд джин 0.5л,БМ046,Бакарди Рус ООО,0.5,,1132.67,,18.0,0,18.0,0
2319,Босфорд джин 0.7л,БМ047,Бакарди Рус ООО,0.7,,1500.12,,1151.0,0,1151.0,0
2320,Босфорд Розе джин 0.5л,БМ048,Бакарди Рус ООО,0.5,,1114.11,,10.0,0,10.0,0
2322,Брум Драй джин 0.5л,ПО086,АСГ,0.5,,1218.93,,145.0,0,145.0,0
2323,Брум Пинк джин 0.5л,ПО088,АСГ,0.5,,1218.93,,181.0,0,181.0,0
2325,ГРИН БАБУН джин 0.5л,БЛ1081А,Белуга Маркет Восток,0.5,,564.5,,0,240.0,0,0
2326,"Джин «ГРИН БАБУН ОЛД ТОМ» 0,5Л",БЛ609,Белуга Маркет Восток,0.5,,564.5,,0,3.0,0,0
2327,"Джин БРУМ ЦИТРУС 0,5л",ПО523,АСГ,0.5,,1218.93,,41.0,0,41.0,0
2328,"Джин сухой РОЯЛ ПОСТ Лондон драй 0,5л",ОН012,Прометей,0.5,,760.49,,150.0,0,150.0,0
2330,БИ ДЖИН БОТАНИКАЛ 0.7л.,АИ994,АСТ-интернэшнл инваэронмэнт,0.7,,1184.63,,14.0,0,14.0,0
2331,Би Джин Лондон Драй джин 0.7л,АИ993А,АСТ-интернэшнл инваэронмэнт,0.7,,786.38,,18.0,0,18.0,0
2332,БИ ДЖИН СОЛТИ 0.7л.,АИ996,АСТ-интернэшнл инваэронмэнт,0.7,,1184.63,,3.0,0,3.0,0
2333,БИ ДЖИН ФЛЕЙВОРД 0.7л.,АИ995А,АСТ-интернэшнл инваэронмэнт,0.7,,1001.73,,18.0,0,18.0,0
2336,Бомбей Сапфир 1.0л,БМ805А,Бакарди Рус ООО,1,,4709.85,,78.0,0,78.0,0
2337,Бомбей Сапфир Драй джин 0.5л,БМ804А,Бакарди Рус ООО,0.5,,2713.54,,39.0,0,39.0,0
2338,Бомбей Сапфир Драй джин 0.7л,ДА176,Компания Даско-Трейд ООО,0.7,ПИ,2188.61,,16.0,0,16.0,0
2339,Бомбей Сапфир Драй джин 0.7л,БМ802А,Бакарди Рус ООО,0.7,,3591.16,,226.0,0,226.0,0
2341,Гордонс 0.05л,ЛИ062,ЛВК & Логистик ООО,0.05,ПИ,287.5,,57.0,0,57.0,0
2342,"Джин сухой Гордонз Лондон 0,7л",ДА337,Компания Даско-Трейд ООО,0.7,ПИ,1315.6,,18.0,0,18.0,0
2343,"Напиток спиртной на основе джина Гордонс Пинк, с ароматом ягод 0,7л",ТЛ967,Ритейл Логистик ООО,0.7,ПИ,1770.46,,219.0,0,219.0,0
2345,"Джин Хендрикс 0,7л",ДА292,Компания Даско-Трейд ООО,0.7,ПИ,3665.91,,39.0,0,39.0,0
2347,"Танкерей Тэн Джин 0,7",ЛИ005,ЛВК & Логистик ООО,0.7,ПИ,4360.75,,36.0,0,36.0,0
2350,Краксленд Черный зимний трюфель джин 0.75л,АИ1226,АСТ-интернэшнл инваэронмэнт,0.75,,3123.02,,24.0,0,24.0,0
2352,135° Ист Хиого Драй Джин 42% 0.7л.,ММ308,Маруся Бевереджис РУС,0.7,,4600.0,,4.0,0,4.0,0
2353,МАНКАЙ АРТИСАНАЛ ДЖАПАНИС 0.7л. п/у,БЛ1114Г,Белуга Маркет Восток,0.7,,6011.0,,1.0,0,1.0,0
2354,Року джин 0.7л,ДМ029,Денвью Лимитэд АО,0.7,,2545.81,,37.0,1.0,37.0,0
2358,ГОЛЬДЕК ВЕЛЬШРИСЛИНГ ТРОКЕН игристое сухое белое 0.75л.,ММ523,Маруся Бевереджис РУС,0.75,,1878.0,,11.0,0,11.0,0
2359,ГОЛЬДЕК ГРЮНЕР ВЕЛЬТЛИНЕР ТРОКЕН игристое сухое белое 0.75л.,ММ522,Маруся Бевереджис РУС,0.75,,1990.0,,6.0,0,6.0,0
2360,Карус Унум  ШЛОСС РАГГЕНДОРФ игристое белое брют 1.5л,СТ006,ВайнСпиритс ООО,1.5,,2342.98,,14.0,0,14.0,0
2362,Шлюмбергер Грюнер Вельтлинер Брют игристое белое брют 0.75л,ММ026,Маруся Бевереджис РУС,0.75,,3030.0,,6.0,0,6.0,0
2363,Шлюмбергер Розе Айс Секко Классик игристое розовое полусухое 0.75л,ММ027,Маруся Бевереджис РУС,0.75,,2620.0,,6.0,0,6.0,0
2364,Шлюмбергер Спарклинг Брют Классик игристое белое брют 0.75л,ММ025,Маруся Бевереджис РУС,0.75,,3030.0,,7.0,0,7.0,0
2365,Шлюмбергер Уайт Айс Секко Классик игристое белое полусухое 0.75л,ММ551,Маруся Бевереджис РУС,0.75,,2620.0,,6.0,0,6.0,0
2367,Мария Кодорню Брют Натюр игристое белое экстра брют 0.75л,ФР086,Форт Виноторговая компания,0.75,,2015.69,1130.0,13.0,0,13.0,0
2368,Мария Кодорню Брют Розе игристое розовое брют 0.75л,ФР087,Форт Виноторговая компания,0.75,,2015.69,1130.0,7.0,0,7.0,0
2369,Мария Кодорню Экстра Брют игристое белое брют 0.75л,ФР088,Форт Виноторговая компания,0.75,,2015.69,1130.0,15.0,0,15.0,0
2371,Альта Виста Атемпораль Экстра Брют белое игристое 0.75л,ФР001,Форт Виноторговая компания,0.75,,4613.68,,9.0,0,9.0,0
2372,Альта Виста Атемпораль Экстра Брют Розе игристое 0.75л,ФР237,Форт Виноторговая компания,0.75,,4613.68,,6.0,0,6.0,0
2374,"Вино игристое брют белое «БРОЯНИЦА» 0,75Л",МС316,Мистраль алко,0.75,,757.88,,9.0,0,9.0,0
2376,"Вино игристое полусухое розовое БРОЯНИЦА 0,75л.",МС304,Мистраль алко,0.75,,757.88,,78.0,0,78.0,0
2378,Др Л Рислинг Драй игристое белое сухое 0.75л,АИ1334,АСТ-интернэшнл инваэронмэнт,0.75,,2435.94,,8.0,0,8.0,0
2381,Эрнст Людвиг Рислинг Зект Трокен игристое белое сухое 0.75л,ФР068,Форт Виноторговая компания,0.75,,2130.63,1190.0,34.0,0,34.0,0
2383,Кир Янни Акакиес Спарклинг игристое розовое сухое 0.75л,ФР082,Форт Виноторговая компания,0.75,,4235.43,,7.0,0,7.0,0
2385,"Игристое вино брют белое ""КАНТИАНИ РКАЦИТЕЛИ"" 0,75Л",ЛС071,АЛВИСА ООО,0.75,,464.25,,279.0,0,279.0,0
2386,"Игристое вино брют белое ""КАНТИАНИ ШАРДОНЕ"" 0,75Л",ЛС070,АЛВИСА ООО,0.75,,464.25,,284.0,0,284.0,0
2387,Кантиани Рислинг Рейнский игристое белое брют 0.75л,ЛС054,АЛВИСА ООО,0.75,,464.25,,119.0,0,119.0,0
2388,"ДЖ.Г. МУММ Айс Экстра Деми-Сек полусухое белое, 12,5%, 0,75 л.",ПР134,АЛКОТОРГ,0.75,ПИ,8454.94,,10.0,0,10.0,0
2391,Арс Коллекта Блан де Блан Резерва игристое белое брют 0.75л,ФР161,Форт Виноторговая компания,0.75,,5086.49,,3.0,0,3.0,0
2392,Жозеп Вентоса Кава Брют белое брют 0.75л.,АИ957,АСТ-интернэшнл инваэронмэнт,0.75,,1519.97,,14.0,0,14.0,0
2393,"Игристое вино брют белое КАВА Рожер Гуларт Миллезиме Брют 0,75л",ВК396П,ВИНИКОМ ООО,0.75,,3055.61,,6.0,0,6.0,0
2394,Кава Анна де Кодорню Блан де Блан белое брют 0.2л,ФР173,Форт Виноторговая компания,0.2,,1244.25,,26.0,0,26.0,0
2395,Кава Анна де Кодорню Блан де Блан белое брют 0.375л,ФР268,Форт Виноторговая компания,0.375,,2030.62,,7.0,0,7.0,0
2396,Кава Анна де Кодорню Блан де Блан белое брют 0.75л,ФР024,Форт Виноторговая компания,0.75,,4568.89,,8.0,0,8.0,0
2397,Кава Делапьер игристое белое брют 0.75л,ФР065,Форт Виноторговая компания,0.75,,2133.0,1170.0,192.0,0,192.0,0
2398,Кава Кодорню Брют Органик белое брют 0.2л,ФР025,Форт Виноторговая компания,0.2,,1184.53,,48.0,0,48.0,0
2399,Кава Кодорню Класико Брют игристое белое брют 0.75,ФР135,Форт Виноторговая компания,0.75,,2901.59,1450.0,47.0,0,47.0,0
2400,Кава Кодорню Класико Розе брют 0.75л,ФР026,Форт Виноторговая компания,0.75,,2901.59,,18.0,0,18.0,0
2401,Кава Кодорню Лимитед Эдишн 150 Аниверсари игристое белое брют 0.75л п/у,ФР163,Форт Виноторговая компания,0.75,,3901.97,,19.0,0,19.0,0
2402,Кава Кодорню Лимитед Эдишн 150 Аниверсари игристое белое брют 0.75л п/у,ФР163Г,Форт Виноторговая компания,0.75,,3901.97,,2.0,0,2.0,0
2403,Кава Кодорню Лимитед Эдишн Брют игристое белое 0.75л,ФР053,Форт Виноторговая компания,0.75,,2901.59,,22.0,0,22.0,0
2404,Кава Кодорню Медитерраниа Брют игристое белое 0.75л,ФР054,Форт Виноторговая компания,0.75,,3274.87,1840.0,9.0,0,9.0,0
2405,Кава Нувиана Брют игристое выдерж брют белое 0.75л.,ЛД661А,Ладога Дистрибьюшен,0.75,,1558.4,,100.0,0,100.0,0
2406,Кава Нувиана Брют игристое выдерж брют белое 0.75л.,ЛД661КУ,Ладога Дистрибьюшен,0.75,,1558.4,999.9,797.0,0,797.0,0
2407,Кава Нувиана Росадо игристое выдерж брют розовое 0.75л.,ЛД662А,Ладога Дистрибьюшен,0.75,,1558.4,,30.0,0,30.0,0
2408,Кава Раймат Брют Натюр Шардоне-Шарелло игристое выдерж.экстра брют белое 0.75л.,ЛД983В,Ладога Дистрибьюшен,0.75,,2051.2,,7.0,0,7.0,0
2409,Кава Селебритис игристое белое брют 0.75л,АИ1350,АСТ-интернэшнл инваэронмэнт,0.75,,1291.46,,36.0,0,36.0,0
2411,Кава Сьерра Салинас игристое брют белое 0.75л.,КН143,Кавина,0.75,,1474.2,,81.0,0,81.0,0
2413,Кава Сьерра Салинас игристое полусухое белое 0.75л,КН032,Кавина,0.75,,1474.2,,57.0,0,57.0,0
2415,Игристое вино выдержанное Кава Нувиана полусладкое белое 0.75л.,ЛД636А,Ладога Дистрибьюшен,0.75,,1558.4,,45.0,0,45.0,0
2419,Вальдо Ориджине Брют игристое вино брют белое регион Венето 0.75л.,ВК127Н,ВИНИКОМ ООО,0.75,,2087.01,,41.0,0,41.0,0
2420,Вальдоббьядене Кол Ветораз Брют игристое белое брют 1.5л. п/у,ЛД1278,Ладога Дистрибьюшен,1.5,,5491.65,,2.0,0,2.0,0
2421,"Вино игристое Ка дель Чино Экстра Драй сухое белое 11%  0,75Л",ВК159,ВИНИКОМ ООО,0.75,,1784.24,,12.0,0,12.0,0
2422,"ВИНО ИГРИСТОЕ РАДИЗЕ ПРОСЕККО ДОК МИЛЛЕЗИМАТО РОЗЕ БРЮТ РОЗОВОЕ 0,75Л",ГБ001,,0.75,,1721.11,,420.0,0,420.0,0
2423,"Вино игристое сухое белое ""Атто Примо Просекко Драй"", регион Венето, Категория Д.О.К. 0,75Л",ВП911,Руст Россия (РА),0.75,,659.01,,1.0,0,1.0,0
2424,Глера Спуманте Фонте Экстра Драй игристое сухое белое 0.75л.,ЛД1260,Ладога Дистрибьюшен,0.75,,1411.2,,47.0,0,47.0,0
2425,"Игристое вино брют белое регион Венето ""Вальдо Аквариус Блан де Блан Экстра Драй"" 0,75Л",ВК512,,0.75,,3276.82,,28.0,0,28.0,0
2426,"Игристое вино брют розовое Вальдо Розе Брют Просекко ДОК 0,2л",ВК491,ВИНИКОМ ООО,0.2,,922.56,,42.0,0,42.0,0
2428,Вальдоббьядене Кол Ветораз Экстра Драй игристое белое сухое 0.75л,ЛД1698,Ладога Дистрибьюшен,0.75,,3396.8,,25.0,0,25.0,0
2429,Просекко де Анджели Миллезимато игристое белое брют 0.75л,КН393,Кавина,0.75,,1565.16,,16.0,0,16.0,0
2430,Просекко Супериоре Конельяно Вальдоббьядене Инфинитум Мусти Нобилис экстра драй игрист бел сух 0.75л,КН392,Кавина,0.75,,1894.67,,6.0,0,6.0,0
2431,Вилла Фура Просекко Экстра Драй белое брют 0.75л,ОМ429,ТОРГОВЫЙ ДОМ АРОМА,0.75,,946.4,,472.0,0,472.0,0
2433,"Вино игристое брют белое ""Ганча Просекко Брют"", категория ДОК регион Венето 0,2Л",ВП907,Руст Россия (РА),0.2,,485.26,,772.0,0,772.0,0
2434,"Вино игристое сладкое белое ""Ганча Асти"" категория ДОКГ регион Пьемонт 0,2Л",ВП906,Руст Россия (РА),0.2,,422.46,,254.0,0,254.0,0
2435,"Вино игристое сладкое розовое ""Ганча Москато Розе"" 0,75л",ВП905,Руст Россия (РА),0.75,,1620.21,,22.0,0,22.0,0
2436,"Вино игристое сухое белое ""Ганча Просекко Драй"" категория ДОК регион Венето 0,75Л",ВП909,Руст Россия (РА),0.75,,1665.96,,156.0,0,156.0,0
2437,"Вино игристое сухое розовое ""Ганча Просекко Розе"", категория D.O.C., регион Венето 0,75Л",ВП910,Руст Россия (РА),0.75,,1831.16,,103.0,0,103.0,0
2438,Канти Асти белое сладкое игристое 0.75л,АИ1190,АСТ-интернэшнл инваэронмэнт,0.75,,1427.09,,6.0,0,6.0,0
2439,Канти Кюве Дольче игристое белое полусладкое 0.75л,АИ1191,АСТ-интернэшнл инваэронмэнт,0.75,,1133.06,,8.0,0,8.0,0
2440,Канти Москато д'Асти игристое белое сладкое 0.75л,АИ1216,АСТ-интернэшнл инваэронмэнт,0.75,,1487.23,,12.0,0,12.0,0
2441,Канти Просекко игристое белое сухое 0.75л,АИ1192,АСТ-интернэшнл инваэронмэнт,0.75,,1502.82,,6.0,0,6.0,0
2442,Канти Просекко Розе игристое розовое сухое 0.75л,АИ1217,АСТ-интернэшнл инваэронмэнт,0.75,,1502.82,,12.0,0,12.0,0
2445,Левитейшн Вальдоббьядене Просекко Супериоре ДОКГ игристое белое сухое 0.75л,ВШ077,ВИЛАШ-КШВ ООО,0.75,,1103.83,,0,59.0,0,0
2446,Левитейшн Просекко ДОК игристое белое сухое 0.2л,ВШ079,ВИЛАШ-КШВ ООО,0.2,,314.85,,0,83.0,0,0
2447,Левитейшн Просекко ДОК Тревизо игристое белое сухое 0.75л,ВШ078,ВИЛАШ-КШВ ООО,0.75,,1024.93,,0,59.0,0,0
2449,"Игристое вино «Пино Гриджо Колле Бакко» брют белое 0,75Л",ЛД718,Ладога Дистрибьюшен,0.75,,1338.0,,7.0,0,7.0,0
2450,"Игристое вино «Пино Гриджо Розе Колле Бакко» брют розовое 0,75Л",ЛД718Ц,Ладога Дистрибьюшен,0.75,,1338.0,,10.0,0,10.0,0
2451,Лунетта Просекко игристое белое брют 0.2л,ФР174,Форт Виноторговая компания,0.2,,1184.53,,24.0,0,24.0,0
2452,Лунетта Просекко игристое белое брют 0.75л,ФР066,Форт Виноторговая компания,0.75,,2526.42,1385.0,4.0,0,4.0,0
2453,Лунетта Просекко Розе Миллезимато игристое розовое сухое 0.2л,ФР175,Форт Виноторговая компания,0.2,,1184.53,,16.0,0,16.0,0
2454,Лунетта Просекко Розе Миллезимато игристое розовое сухое 0.75л,ФР067,Форт Виноторговая компания,0.75,,2526.42,1385.0,36.0,0,36.0,0
2456,Мартини Асти сладкое белое 0.187л,БМ100А,Бакарди Рус ООО,0.187,,718.17,,403.0,10.0,403.0,0
2457,Мартини Асти сладкое белое 0.75л,БМ102А,Бакарди Рус ООО,0.75,,2443.03,,99.0,2.0,99.0,0
2458,Мартини Асти сладкое белое 0.75л п/у,БМ103А,Бакарди Рус ООО,0.75,,2565.21,,30.0,0,30.0,0
2459,Мартини Брют 0.75л п/у,БМ107Г,Бакарди Рус ООО,0.75,,1849.93,,2.0,0,2.0,0
2460,Мартини Брют брют белое 0.75л,БМ106А,Бакарди Рус ООО,0.75,,1791.18,,420.0,0,420.0,0
2461,Мартини Просекко 0.75л в п/у,БМ119А,Бакарди Рус ООО,0.75,,2565.21,,12.0,0,12.0,0
2462,Мартини Просекко Розе сухое розовое 0.75л,БМ128,Бакарди Рус ООО,0.75,,2443.03,,72.0,0,72.0,0
2463,Мартини Просекко сухое белое 0.187л,БМ116Н,Бакарди Рус ООО,0.187,,718.17,,1122.0,24.0,1122.0,0
2464,Мартини Просекко сухое белое 0.75л,БМ117А,Бакарди Рус ООО,0.75,,2443.03,,524.0,1.0,524.0,0
2465,Мартини Розе розовое полусухое 0.75л,БМ115,Бакарди Рус ООО,0.75,,2443.03,,2.0,0,2.0,0
2466,Мартини Розе Экстра Драй сухое розовое 0.75л п/у,БМ1008,Бакарди Рус ООО,0.75,,2565.21,,12.0,0,12.0,0
2467,Молинера Пино Неро Экстра Брют белое 0.75л,ФР188,Форт Виноторговая компания,0.75,,3523.72,,11.0,0,11.0,0
2468,Мурго Брют Методо Классико игристое белое брют 0.75л,ФР166,Форт Виноторговая компания,0.75,,6848.35,,6.0,0,6.0,0
2469,Прима Кюве Монте Росса игристое белое брют 0.75л,АИ1375,АСТ-интернэшнл инваэронмэнт,0.75,,5057.91,,4.0,0,4.0,0
2471,Просекко Болла Конельяно Вальдоббьядене Супериоре белое брют 0.75л,ЛД1024Н,Ладога Дистрибьюшен,0.75,,2067.2,,6.0,0,6.0,0
2472,Просекко Болла Экстра Драй игристое сухое белое 0.75л.,ЛД953А,Ладога Дистрибьюшен,0.75,,1721.6,,42.0,0,42.0,0
2473,Просекко Болла Экстра Драй Розе брют розовое 0.75л.,ЛД1074А,Ладога Дистрибьюшен,0.75,,1902.4,,76.0,0,76.0,0
2474,Просекко Болла Экстра Драй сух белое 0.2л.,ЛД362А,Ладога Дистрибьюшен,0.2,,688.0,,37.0,0,37.0,0
2475,Просекко Спуманте Фиорино Д'ОРО игристое сухое белое 0.75л.,АИ522А,АСТ-интернэшнл инваэронмэнт,0.75,,1303.28,,14.0,0,14.0,0
2477,Брют Розе Фиорино д'Оро игристое розовое брют 0.75л.,АИ784,АСТ-интернэшнл инваэронмэнт,0.75,,1401.37,,12.0,0,12.0,0
2478,Просекко Розе  Спуманте Фиорино д'Оро игристое сухое розовое 0.75л.,АИ540А,АСТ-интернэшнл инваэронмэнт,0.75,,1838.36,,12.0,0,12.0,0
2479,Просекко 1868 Супериоре Конельяно Вальдоббьядене Карпене-Мальвольти белое брют 0.75л,АИ1376,АСТ-интернэшнл инваэронмэнт,0.75,,2846.0,,3.0,0,3.0,0
2480,Просекко Инфинитум Мусти Нобилис Экстра Драй игристое белое сухое 0.75л,КН414,Кавина,0.75,,1565.16,,6.0,0,6.0,0
2481,Просекко Фонте брют белое 0.75л.,ЛД610И,Ладога Дистрибьюшен,0.75,,1705.6,,120.0,60.0,120.0,0
2482,Просекко Фонте Розе игристое брют розовое 0.75л.,ЛД1006И,Ладога Дистрибьюшен,0.75,,1755.2,,6.0,0,6.0,0
2487,Методо Классико Ла Пьемонтина белое экстра брют игристое 0.75л.,ЛД1647,Ладога Дистрибьюшен,0.75,,5742.4,,5.0,0,5.0,0
2489,Лави БЛАН ДЕ НУАР НЕРЕЛЛО МАСКАЛЕЗЕ БРЮТ игристое брют белое 0.75л.,ПВ1232,ПРЕМЬЕР-ВИН,0.75,,1462.41,,2.0,0,2.0,0
2490,Лави ГРИЛЛО ЭКСТРА ДРАЙ игристое белое брют 0.75л,ПВ220,ПРЕМЬЕР-ВИН,0.75,,1462.41,,19.0,0,19.0,0
2491,Лави ЗИБИББО ДЕМИ СЕК игристое белое полусухое 0.75л,ПВ221,ПРЕМЬЕР-ВИН,0.75,,1462.41,,12.0,0,12.0,0
2492,Лави НЕРО Д АВОЛА ЭКСТРА ДРАЙ игристое розове брют 0.75л,ПВ222,ПРЕМЬЕР-ВИН,0.75,,1462.41,,12.0,0,12.0,0
2493,Терре дель Додже Просекко Брют белое игристое 0.75л,ФР117,Форт Виноторговая компания,0.75,,2279.47,1270.0,6.0,0,6.0,0
2495,Асти Фонте игристое сладкое белое 0.75л.,ЛД620И,Ладога Дистрибьюшен,0.75,,1590.4,,12.0,0,12.0,0
2497,Фреттино Асти сладкое белое 0.75л,ЛД278И,Ладога Дистрибьюшен,0.75,,1476.8,,190.0,0,190.0,0
2498,Фреттино Брют брют белое 0.75л,ЛД841,Ладога Дистрибьюшен,0.75,,1147.2,,19.0,0,19.0,0
2499,Фреттино Десерт полусладкое белое 0.75л,ЛД851,Ладога Дистрибьюшен,0.75,,1184.0,,9.0,0,9.0,0
2501,Монтемартини Гуттурнио Фриззанте Дзиано Пьячентино ДОК игристое красное брют 0.75л,ТЛ258,Ритейл Логистик ООО,0.75,,833.75,,97.0,0,97.0,0
2504,МОНТЕШ КЛАРУШ игристое брют белое 0.75л.,ПВ1037,ПРЕМЬЕР-ВИН,0.75,,1893.53,,3.0,0,3.0,0
2505,МОНТЕШ КЛАРУШ игристое брют белое 0.75л.,ПВ1037А,ПРЕМЬЕР-ВИН,0.75,,1893.53,,3.0,0,3.0,0
2508,Абрау-Дюрсо игристое белое брют 11% 0.75л,АБ105,Абрау-Дюрсо,0.75,,685.91,,479.0,0,479.0,0
2509,Абрау-Дюрсо игристое белое брют 12% 0.2л,АБ170,Абрау-Дюрсо,0.2,,232.06,,453.0,0,453.0,0
2510,Абрау-Дюрсо игристое белое полусладкое 11% 0.75л,АБ103,Абрау-Дюрсо,0.75,,685.91,,784.0,0,784.0,0
2511,Абрау-Дюрсо игристое белое полусухое 11% 0.75л,АБ104,Абрау-Дюрсо,0.75,,685.91,,345.0,0,345.0,0
2512,Абрау-Дюрсо игристое п/сл белое 0.2л.,АБ090,Абрау-Дюрсо,0.2,,232.06,,489.0,0,489.0,0
2513,Абрау-Дюрсо игристое полусухое розовое 0.75л,АБ005А,Абрау-Дюрсо,0.75,,685.91,,13.0,0,13.0,0
2514,Империал Винтаж игристое коллекционное брют белое 0.75л п/у,АБ020К,Абрау-Дюрсо,0.75,,3295.94,,6.0,0,6.0,0
2515,Премиум Дравиньи игристое выдержанное белое брют 0.75л,АБ088А,Абрау-Дюрсо,0.75,,1351.74,,9.0,0,9.0,0
2516,Авторское Алеатико розовое брют 0.75л Захарьин,ИН170,ВИННЫЙ ДОМ ИНКЕРМАН ООО,0.75,,869.86,,9.0,0,9.0,0
2517,Авторское Рислинг белое брют 0.75л Захарьин,ИН171,ВИННЫЙ ДОМ ИНКЕРМАН ООО,0.75,,869.86,,12.0,0,12.0,0
2518,Альвеус Ультра Кюве белое экстра брют 0.75л Фанагория,ФР018,Форт Виноторговая компания,0.75,,2256.24,1255.0,19.0,0,19.0,0
2519,Альвеус Ультра Кюве розовое экстра брют 0.75л Фанагория,ФР019,Форт Виноторговая компания,0.75,,2256.24,1255.0,20.0,0,20.0,0
2520,Бурлюк Алиготе белое брют 0.75л Захарьин,ИН169,ВИННЫЙ ДОМ ИНКЕРМАН ООО,0.75,,722.24,,11.0,0,11.0,0
2522,ВЕРСЕРИ игристое брют белое 0.33л ж/б,ВШ044А,ВИЛАШ-КШВ ООО,0.33,,141.75,,624.0,0,624.0,0
2523,ВЕРСЕРИ игристое полусладкое белое 0.33л ж/б,ВШ043А,ВИЛАШ-КШВ ООО,0.33,,141.75,,360.0,0,360.0,0
2524,ВЕРСЕРИ игристое полусладкое розовое 0.33л ж/б,ВШ048,ВИЛАШ-КШВ ООО,0.33,,141.75,,336.0,0,336.0,0
2525,Вино игристое Невская Жемчужина брют белое 0.75л (Санкт-Петербург),ВШ040Ц,ВИЛАШ-КШВ ООО,0.75,,381.51,,679.0,0,679.0,0
2526,"Вино игристое Невская Жемчужина золотая полусладкое белое 0,75л (Санкт-Петербург)",ВШ075,ВИЛАШ-КШВ ООО,0.75,,381.51,,636.0,60.0,636.0,0
2527,"Вино игристое Невская Жемчужина золотая полусладкое белое 0,75л.",ВШ074,ВИЛАШ-КШВ ООО,0.75,,255.15,,463.0,3.0,463.0,0
2528,Невская Жемчужина игристое брют белое 0.75л,ВШ040,ВИЛАШ-КШВ ООО,0.75,,255.15,,1014.0,3.0,1014.0,0
2529,Невская Жемчужина игристое полусладкое розовое 0.75л,ВШ076,ВИЛАШ-КШВ ООО,0.75,,255.15,,1062.0,0,1062.0,0
2530,Невская Жемчужина игристое полусладкое розовое 0.75л (Санкт-Петербург),ВШ042,ВИЛАШ-КШВ ООО,0.75,,381.51,,723.0,0,723.0,0
2531,Невская Жемчужина игристое полусухое белое 0.75л,ВШ039,ВИЛАШ-КШВ ООО,0.75,,255.15,,1250.0,3.0,1250.0,0
2532,Премиум Премьер белое полусухое игристое 0.75л,ВШ013,ВИЛАШ-КШВ ООО,0.75,,268.65,,39.0,0,39.0,0
2533,Премиум Премьер золотой белое полусладкое игристое 0.75л,ВШ014,ВИЛАШ-КШВ ООО,0.75,,268.65,,129.0,0,129.0,0
2534,Российское золотое игристое брют белое 0.75л,ЛД1853,Ладога Дистрибьюшен,0.75,,336.0,,876.0,60.0,876.0,0
2535,Российское золотое игристое полусладкое белое 0.75л,ЛД1863,Ладога Дистрибьюшен,0.75,,299.99,,404.0,0,404.0,0
2536,"Вино игристое белое экстра брют ""Раморо Пино Гриджо Миллезимато"" 0,75Л",ОН055,Прометей,0.75,,2930.43,,5.0,0,5.0,0
2537,"Вино игристое брют белое ""Российское Традиционное"" 0,75л",ОН043,Прометей,0.75,,370.14,,13.0,0,13.0,0
2538,"Вино игристое розовое экстра брют ""Раморо пино гриджо спуманте "" 0,75Л",ОН056,Прометей,0.75,,2930.43,,12.0,0,12.0,0
2540,Шато Пино Пино Гри Розе игристое экстра брют розовое 0.75л.,АИ673А,АСТ-интернэшнл инваэронмэнт,0.75,,2012.85,,9.0,0,9.0,0
2542,Луна Дель Каспио игристое белое брют 0.75л,АИ1273,АСТ-интернэшнл инваэронмэнт,0.75,,613.31,,17.0,0,17.0,0
2543,Си Сизонс игристое розовое брют 0.75л,ЛС043,АЛВИСА ООО,0.75,,419.14,,30.0,0,30.0,0
2545,"Вино игристое брют белое  Ди Каспико Спешл Эдишн 0,75л.",ДЕР001,,0.75,,530.91,,154.0,0,154.0,0
2546,"Вино игристое брют белое  Эндемы Ареал Рислинг  0,75л.",ДЕР033,,0.75,,680.85,,43.0,0,43.0,0
2547,"Вино игристое брют белое  Эндемы Ркацители  0,75л.",ДЕР021,,0.75,,680.85,,72.0,0,72.0,0
2548,Вино игристое брют белое Эндемы Совиньон 0.75л,ДЕР043,,0.75,,680.85,,96.0,0,96.0,0
2549,Вино игристое брют белое Эндемы Шардоне 0.75л,ДЕР047,,0.75,,680.85,,78.0,0,78.0,0
2550,"Вино игристое брют розовое  Ди Каспико Спешл Эдишн  0,75л.",ДЕР015,,0.75,,530.91,,30.0,0,30.0,0
2551,"Вино игристое брют розовое  Эндемы Пино Нуар  0,75л.",ДЕР020,,0.75,,680.85,,84.0,0,84.0,0
2552,"Вино игристое жемчужное полусладкое белое  Ди Каспико Фиори Ди Маре 0,75л.",ДЕР003,,0.75,,556.92,,140.0,0,140.0,0
2553,"Вино игристое жемчужное полусладкое розовое  Ди Каспико Фиори Ди Маре  0,75л.",ДЕР014,,0.75,,556.92,,244.0,0,244.0,0
2554,"Вино игристое жемчужное полусухое красное  Ди Каспико Фиори Ди Маре  0,75л.",ДЕР029,,0.75,,556.92,,76.0,0,76.0,0
2555,"Вино игристое полусладкое белое  Ди Каспико Спешл Эдишн 0,75л.",ДЕР006,,0.75,,530.91,,80.0,0,80.0,0
2556,"Вино игристое полусладкое розовое  Каспийская коллекция  0,75л.",ДЕР019,,0.75,,445.78,,91.0,0,91.0,0
2557,"Вино игристое экстра брют белое  Ди Каспико Спешл Эдишн  0,75л.",ДЕР013,,0.75,,530.91,,151.0,0,151.0,0
2558,"Вино игристое экстра брют белое  ДЭСОНО Рислинг  0,75л.",ДЕР016,,0.75,,755.21,,194.0,0,194.0,0
2559,Вино игристое экстра брют белое ДЭСОНО Совиньон 0.75л,ДЕР044,,0.75,,755.82,,66.0,0,66.0,0
2561,Ди Каспико Фиори Ди Маре полусладкое розовое 0.75л.,АГ608,Вино он-лайн АГ,0.75,,567.31,,1.0,0,1.0,0
2562,Эндемы Ркацители белое брют 0.75л.,АГ577,Вино он-лайн АГ,0.75,,697.72,,4.0,0,4.0,0
2563,Ди Каспико Юкио брют белое игристое 0.75л,ФР016,Форт Виноторговая компания,0.75,,995.4,555.0,237.0,0,237.0,0
2564,Ди Каспико Юкио брют розовое игристое 0.75л,ФР017,Форт Виноторговая компания,0.75,,995.4,555.0,19.0,0,19.0,0
2565,Естеллар игристое белое полусладкое 0.75л,ПВ289,ПРЕМЬЕР-ВИН,0.75,,598.4,,8.0,0,8.0,0
2567,ЗБ вайн МОСКАТО белое полусладкое 0.75л,АК061Р,Золотая Балка ТД ООО,0.75,,619.65,,1.0,0,1.0,0
2568,ЗБ вайн МОСКАТО розовое полусладкое 0.75л,АК062Р,Золотая Балка ТД ООО,0.75,,589.95,,21.0,0,21.0,0
2569,ЗБ вайн СПУМАНТЕ белое полусухое 0.75л.,АК057Р,Золотая Балка ТД ООО,0.75,,525.15,,30.0,0,30.0,0
2570,ЗБ вайн СПУМАНТЕ розовое брют 0.75л.,АК060Р,Золотая Балка ТД ООО,0.75,,525.15,,36.0,0,36.0,0
2571,ЗБ вайн ФРИЗЗАНТЕ белое сухое 0.75,АК055А,Золотая Балка ТД ООО,0.75,,525.15,,61.0,0,61.0,0
2572,ЗБ вайн ФРИЗЗАНТЕ красное полусладкое 0.75,АК056Р,Золотая Балка ТД ООО,0.75,,525.15,,42.0,0,42.0,0
2573,ЗБ вайн ФРИЗЗАНТЕ розовое полусухое 0.75,АК054Р,Золотая Балка ТД ООО,0.75,,525.15,,24.0,0,24.0,0
2574,Золотая Балка игристое белое брют 0.75л,АК017Р,Золотая Балка ТД ООО,0.75,,452.25,,290.0,0,290.0,0
2575,Золотая Балка игристое белое полусладкое 0.75л,АК039А,Золотая Балка ТД ООО,0.75,,452.25,,4759.0,0,4759.0,0
2576,Золотая Балка игристое красное полусладкое 0.75л,АК042Р,Золотая Балка ТД ООО,0.75,,452.25,,18.0,0,18.0,0
2577,Золотая Балка игристое розовое брют 0.75л,АК065Р,Золотая Балка ТД ООО,0.75,,452.25,,47.0,0,47.0,0
2578,Золотая Балка игристое розовое полусладкое 0.75л,АК041А,Золотая Балка ТД ООО,0.75,,452.25,,24.0,0,24.0,0
2579,"Игристое вино белое полусладкое «БЕАТРИЧЕ» 0,75л",ПО541,АСГ,0.75,,363.19,,3.0,0,3.0,0
2583,Буржуа игристое белое полусладкое 0.75л.,АИ538,АСТ-интернэшнл инваэронмэнт,0.75,,437.87,,29.0,0,29.0,0
2584,Буржуа Просекко Стайл белое брют 0.75л,АИ1255,АСТ-интернэшнл инваэронмэнт,0.75,,649.0,,554.0,0,554.0,0
2585,"Игристое вино брют белое ""Буржуа""  0,75л",АИ556,АСТ-интернэшнл инваэронмэнт,0.75,,404.19,,214.0,0,214.0,0
2586,Империал Кюве выдержанное розовое брют 0.75л п/у,АБ022К,Абрау-Дюрсо,0.75,,3295.94,,6.0,0,6.0,0
2588,Бастардо игристое красное брют 0.75л,ИН145,ВИННЫЙ ДОМ ИНКЕРМАН ООО,0.75,,691.74,,6.0,0,6.0,0
2589,"Игристое вино полусладкое белое ""Полусладкое белое"" 0.75л.",ИН006А,ВИННЫЙ ДОМ ИНКЕРМАН ООО,0.75,,557.54,,3.0,0,3.0,0
2590,Инкерман Брют игристое брют белое 0.75л,ИН007А,ВИННЫЙ ДОМ ИНКЕРМАН ООО,0.75,,564.86,,74.0,0,74.0,0
2591,Каберне Совиньон Вайнмейкерс Селекшн игристое розовое брют 0.75л Инкерман,ИН097,ВИННЫЙ ДОМ ИНКЕРМАН ООО,0.75,,619.76,,81.0,0,81.0,0
2592,Кокур белый игристое эстра брют белое 0.75л. (Инк),ИН055,ВИННЫЙ ДОМ ИНКЕРМАН ООО,0.75,,616.1,,280.0,0,280.0,0
2593,Мускат игристое полусладкое белое 0.75л,ИН020А,ВИННЫЙ ДОМ ИНКЕРМАН ООО,0.75,,557.54,,37.0,0,37.0,0
2594,"Новый Свет. ШАРДОНЕ КЮВЕ ДЕ ПРЕСТИЖ шампанское экстра брют белое 0,75",ИН062,ВИННЫЙ ДОМ ИНКЕРМАН ООО,0.75,,2130.12,,9.0,0,9.0,0
2595,"Пино блан игристое экстра брют белое 0,75 (Инк)",ИН061,ВИННЫЙ ДОМ ИНКЕРМАН ООО,0.75,,616.1,,8.0,0,8.0,0
2596,Розе игристое экстра брют розовое 0.75л. (Инк),ИН060,ВИННЫЙ ДОМ ИНКЕРМАН ООО,0.75,,640.5,,57.0,0,57.0,0
2597,Шардоне Вайнмейкерс Селекшн игристое белое брют 0.75л Инкерман,ИН096,ВИННЫЙ ДОМ ИНКЕРМАН ООО,0.75,,619.76,,19.0,0,19.0,0
2598,Кокур Автохтонное белое брют 0.75л Захарьин,ИН172,ВИННЫЙ ДОМ ИНКЕРМАН ООО,0.75,,869.86,,12.0,0,12.0,0
2600,Багрянец Победы игристое красное брют 0.75л в тубусе,ИН209,ВИННЫЙ ДОМ ИНКЕРМАН ООО,0.75,,793.92,,70.0,0,70.0,0
2602,Кокур и Ко Захарьин игристое белое брют 0.75л,ИН135,ВИННЫЙ ДОМ ИНКЕРМАН ООО,0.75,,714.92,,22.0,0,22.0,0
2603,Кокур и Ко Захарьин игристое белое полусладкое 0.75л,ИН136,ВИННЫЙ ДОМ ИНКЕРМАН ООО,0.75,,714.92,,20.0,0,20.0,0
2604,ЕССЕ игристое экстра брют белое 0.75л,ЛД1818,Ладога Дистрибьюшен,0.75,,3062.4,,4.0,0,4.0,0
2605,ЕССЕ Миллезим 2013 экстра брют белое 0.75л п/у,ЛД1819,Ладога Дистрибьюшен,0.75,,15209.6,,1.0,0,1.0,0
2606,Мускат ЕССЕ игристое белое брют 0.75л,ЛД1885,Ладога Дистрибьюшен,0.75,,2505.0,,4.0,0,4.0,0
2607,"Российское игристое вино ""Крым"" брют белое ""Пино Гриджио Шардоне"" ""АГОРА"" ""КЮВЕ"" 0,75л п/у",АМ980,Русвинторг,0.75,,917.16,,23.0,0,23.0,0
2608,"Российское игристое вино ""Крым"" брют розовое ""Пино Нуар Шардоне"" ""АГОРА"" ""КЮВЕ"" 0,75л п/у",АМ982,Русвинторг,0.75,,917.16,,29.0,0,29.0,0
2609,"Российское игристое вино ""Крым"" полусладкое белое ""Рислинг Шардоне"" ""АГОРА"" ""КЮВЕ"" 0,75л п/у",АМ981,Русвинторг,0.75,,917.16,,18.0,0,18.0,0
2610,СОВЕТСКОЕ ШАМПАНСКОЕ игристое брют розовое 0.75л Симферопольский винзавод,ЛД1744,Ладога Дистрибьюшен,0.75,,344.0,,274.0,0,274.0,0
2611,СОВЕТСКОЕ ШАМПАНСКОЕ игристое полусладкое розовое 0.75л Симферопольский винзавод,ЛД1745,Ладога Дистрибьюшен,0.75,,344.0,,344.0,6.0,344.0,0
2614,Российское игристое вино Кубань Таманский полуостров брют белое Меланж 0.75л,КВ637Н,Кубань-Вино ООО,0.75,,476.56,,51.0,0,51.0,0
2615,Ла Петит Перле игристое белое брют 0.25л,ЮЗ005,Союз-Вино,0.25,,206.83,,2736.0,0,2736.0,0
2616,Ла Петит Перле игристое белое полусладкое 0.25л,ЮЗ009,Союз-Вино,0.25,,206.83,,816.0,0,816.0,0
2617,Ла Петит Перле игристое белое экстра брют 0.25л,ЮЗ008,Союз-Вино,0.25,,206.83,,22.0,0,22.0,0
2618,Ла Петит Перле игристое красное полусладкое 0.25л,ЮЗ016,Союз-Вино,0.25,,206.83,,432.0,0,432.0,0
2619,Ла Петит Перле игристое розовое брют 0.25л,ЮЗ006,Союз-Вино,0.25,,206.83,,1427.0,0,1416.0,0
2620,Ла Петит Перле игристое розовое полусладкое 0.25л,ЮЗ007,Союз-Вино,0.25,,206.83,,444.0,0,444.0,0
2622,"Вино игристое розовое полусладкое СОВЕТСКОЕ ШАМПАНСКОЕ 0,75л.",ЛД1864,Ладога Дистрибьюшен,0.75,,344.0,,0,1313.0,0,0
2623,Пино Гриджио Естеллар игристое белое брют 0.75л,ПВ264,ПРЕМЬЕР-ВИН,0.75,,598.4,,97.0,0,97.0,0
2624,Премиум Дравиньи выдержанное белое брют 0.375л,АБ192,Абрау-Дюрсо,0.375,,923.74,,12.0,0,12.0,0
2625,Премиум Дравиньи игристое выдержанное белое полусладкое 0.75л,АБ191,Абрау-Дюрсо,0.75,,1351.74,,6.0,0,6.0,0
2626,"Премиум Розовое Дравиньи выдержанное брют розовое  0,375л",АБ089А,Абрау-Дюрсо,0.375,,923.74,,12.0,0,12.0,0
2627,Примум Альвеус белое выдержанное брют 0.75л Фанагория,ФР215,Форт Виноторговая компания,0.75,,8079.33,,3.0,0,3.0,0
2629,Буржуа Золотое игристое белое полусладкое 0.75л,АИ1225,АСТ-интернэшнл инваэронмэнт,0.75,,437.87,,18.0,0,18.0,0
2631,Рашель игристое полусладкое белое 0.75л,ТР008,МАСТЕР-ТРЕЙД ООО,0.75,,288.99,,76.0,0,76.0,0
2632,Рашель игристое сладкое белое 0.75л,ТР009,МАСТЕР-ТРЕЙД ООО,0.75,,288.99,,45.0,0,45.0,0
2633,Рислинг Естеллар игристое белое сухое 0.75л,ПВ265,ПРЕМЬЕР-ВИН,0.75,,612.0,,75.0,0,75.0,0
2635,Блан де Нуар Дивноморское белое экстра брют 0.75л,АИ1045,АСТ-интернэшнл инваэронмэнт,0.75,,4516.56,,9.0,0,9.0,0
2636,"Блан де нуар экстра брют 0,375",АИ635,АСТ-интернэшнл инваэронмэнт,0.375,,2521.08,,1.0,0,1.0,0
2637,ГРАНД КЮВЕ Дивноморское игр брют белое 0.75л.,АИ827,АСТ-интернэшнл инваэронмэнт,0.75,,4038.66,,2.0,0,2.0,0
2639,"ИГРИСТОЕ БРЮТ БЕЛОЕ ФАНАГОРИЯ 0,75л.",ФА001,Фанагория АПФ,0.75,,683.24,,12.0,0,12.0,0
2641,"ИГРИСТОЕ ПОЛУСЛАДКОЕ БЕЛОЕ ФАНАГОРИЯ 0,75л.",ФА002,Фанагория АПФ,0.75,,683.24,,18.0,0,18.0,0
2648,Херитэйдж игристое белое полуслакдое 0.75л,ЛД1460А,Ладога Дистрибьюшен,0.75,,635.5,,73.0,0,73.0,0
2649,Херитэйдж Кубань Таманский полуостров брют белое 0.75л,ЛД1420,Ладога Дистрибьюшен,0.75,,635.5,,1545.0,24.0,1545.0,0
2651,Анри Шамплио Креман де Бургонь Брют Аутентик игристое белое брют 0.75л,ФР035,Форт Виноторговая компания,0.75,,5464.75,,10.0,0,10.0,0
2652,Анри Шамплио Креман де Бургонь Брют Розе игристое розовое брют 0.75л,ФР036,Форт Виноторговая компания,0.75,,5464.75,,9.0,0,9.0,0
2653,Буве Брют 1851 игристое белое брют 0.75л,ФР064,Форт Виноторговая компания,0.75,,3483.9,,2.0,0,2.0,0
2654,Буве Ладюбе Инстинкт Кюве дю Миленэр Сомюр Экстра Брют белое 0.75л,ФР183,Форт Виноторговая компания,0.75,,5808.16,,11.0,0,11.0,0
2655,Буве Розе Брют игристое розовое брют 0.75л,ФР037,Форт Виноторговая компания,0.75,,3528.69,,12.0,0,12.0,0
2656,Бушар Эне и Фис Блан Де Блан игристое белое брют 0.75л,АИ1343,АСТ-интернэшнл инваэронмэнт,0.75,,2185.85,,63.0,0,63.0,0
2658,Вино игристое брют белое Вдова Клико 0.75л п/у Понсардин,ДА207П,Компания Даско-Трейд ООО,0.75,ПИ,7296.34,,19.0,0,19.0,0
2659,"Вино игристое белое брют «Руиберг Вайнери Брют» 0,75Л",СЧ038,Фирма С-2,0.75,,1785.77,,36.0,0,36.0,0
2660,"Вино игристое брют белое «Депревиль Креман де Луар АОП» 0,75Л",СЧ075,Фирма С-2,0.75,,2578.37,,35.0,0,35.0,0
2662,Шампанское Паннье Розе розовое брют 0.75л.,ДМ1040,Денвью Лимитэд АО,0.75,,13221.46,,15.0,0,15.0,0
2663,Шампанское Паннье Селекшен белое брют 0.75л.,ДМ1039,Денвью Лимитэд АО,0.75,,10482.8,,6.0,0,6.0,0
2665,Креман де Дие белое брют 0.75л,ПВ1281,ПРЕМЬЕР-ВИН,0.75,,2818.87,,2.0,0,2.0,0
2667,ФРАНСУА МОНТАН БЛАН ДЕ БЛАН игристое брют белое 0.2л.,ПВ1231,ПРЕМЬЕР-ВИН,0.2,,749.7,,66.0,0,66.0,0
2668,Кав де Рибовилле Гирсбергер Креман д'Эльзас игристое белое брют 0.75л,ФР041,Форт Виноторговая компания,0.75,,4877.46,,48.0,0,48.0,0
2670,"Вино игристое белое брют «Прешес Дей Брют Креман де Бордо АОП» 0,75Л",СЧ076,Фирма С-2,0.75,,2961.53,,35.0,0,35.0,0
2671,Дюлонг Креман Де Бордо игристое брют роз 0.75л.,ПВ125А,ПРЕМЬЕР-ВИН,0.75,,2232.44,,5.0,0,5.0,0
2672,"Игристое вино брют розовое Креман д'Альзас Розе брют 0,75л",ВК466,ВИНИКОМ ООО,0.75,,5328.47,,17.0,0,17.0,0
2673,"ИГРИСТОЕ ВИНО выдержанное брют белое ""Дюлонг Креман Де Бордо"" 0.75л.",ПВ126С,ПРЕМЬЕР-ВИН,0.75,,2232.44,,68.0,0,68.0,0
2674,Игристое вино выдержанное Креман д' Эльзас Бестхайм Брют Премиум брют белое 0.75л.,ЛД930А,Ладога Дистрибьюшен,0.75,,2296.0,,167.0,0,167.0,0
2675,Креман д Эльзас Анна де Лавейс белое брют 0.75л,ЛД1806,Ладога Дистрибьюшен,0.75,,2248.0,,15.0,0,15.0,0
2676,"Креман д' Эльзас Бестхайм Брют Розе игристое выдерж брют розовое 0,75л",ЛД933А,Ладога Дистрибьюшен,0.75,,2460.8,,13.0,0,13.0,0
2677,Креман Де Бургонь №21 игристое белое брют 0.75л,АИ1361,АСТ-интернэшнл инваэронмэнт,0.75,,3767.45,,4.0,0,4.0,0
2678,Креман де Бургонь Тренель Экстра Брют экстра брют белое 0.75л.,ЛД1423,Ладога Дистрибьюшен,0.75,,4102.4,,6.0,0,6.0,0
2679,Креман де Луар Пренс де Луар игр брют белое 0.75л.,ЛД1431,Ладога Дистрибьюшен,0.75,,2099.2,,50.0,0,50.0,0
2682,Бланкет де Лиму Антеш Ле Мозак Резерв игристое белое брют 0.75л,ЛД1739,Ладога Дистрибьюшен,0.75,,2361.6,,21.0,0,21.0,0
2683,Креман де Лиму Антеш Розе Эмосьон выдерж брют розовое 0.75л.,ЛД227А,Ладога Дистрибьюшен,0.75,,2691.2,,34.0,0,34.0,0
2684,Креман де Лиму Антеш Эжени белое брют 0.75л,ЛД1713,Ладога Дистрибьюшен,0.75,,2296.0,,1.0,0,1.0,0
2685,Лиму Метод Ансестраль Антеш Ле Мозак Л’Ансестраль игристое белое сладкое 0.75л,ЛД1725,Ладога Дистрибьюшен,0.75,,2134.89,,3.0,0,3.0,0
2687,Шампанское Дом Периньон Винтаж брют белое 0.75л.,АИ883С,АСТ-интернэшнл инваэронмэнт,0.75,ПИ,33914.08,,1.0,2.0,1.0,0
2689,Мумм Кордон Руж игристое белое брют 0.75л,ТЛ397,Ритейл Логистик ООО,0.75,,4541.35,,24.0,0,24.0,0
2690,Поммери Апанаж Блан де Блан игристое белое брют 0.75л п/у,БЛ064,Белуга Маркет Восток,0.75,,15914.0,,0,6.0,0,0
2691,Франсуа Монтан Блан де Блан игристое белое брют 0.75л,ПВ251,ПРЕМЬЕР-ВИН,0.75,,2050.51,,12.0,0,12.0,0
2692,Франсуа Монтан Блан де Блан игристое экстра белое брют 0.75л,ПВ379,ПРЕМЬЕР-ВИН,0.75,,2050.51,,12.0,0,12.0,0
2693,Франсуа Монтан Розе игристое розовое брют 0.75л,ПВ252,ПРЕМЬЕР-ВИН,0.75,,2122.48,,3.0,0,3.0,0
2695,Игристое Брют Резерв Эксклюзив Розе 0.375л Николя Фейатт,ВК508,ВИНИКОМ ООО,0.375,,7527.42,,23.0,0,23.0,0
2696,"Игристое вино выдержанное брют розовое, АОС Шампань, ""Брют Резерв Эксклюзив Розе"" 0,75",ВК511,,0.75,,16560.79,,1.0,0,1.0,0
2697,Шампань Бернар Реми Блан де Блан игристое брют белое 0.75л.,ЛД1279,Ладога Дистрибьюшен,0.75,,6107.0,,19.0,0,19.0,0
2698,Шампань Бернар Реми Брют Розе брют розовое 0.75л.,ЛД1328,Ладога Дистрибьюшен,0.75,,7219.2,,13.0,0,13.0,0
2699,Шампань Бернар Реми Брют Розе брют розовое П/У 0.75л.,ЛД1328ПГ,Ладога Дистрибьюшен,0.75,,7219.2,,1.0,0,1.0,0
2700,Шампань Бернар Реми Карт Бланш брют белое 0.75л.,ЛД1281,Ладога Дистрибьюшен,0.75,,6332.8,,9.0,0,9.0,0
2702,Шампань Жакарт Розе Мозаик брют розовое 0.75л.,ЛД328А,Ладога Дистрибьюшен,0.75,,9015.08,,3.0,0,3.0,0
2703,Шампань Анрие-Базен Арсен Гран Крю игристое белое экстра брют 0.75л,ФР150,Форт Виноторговая компания,0.75,,24377.35,,6.0,0,6.0,0
2704,Шампань Анрие-Базен Блан де Блан Премье Крю игристое белое экстра брют 0.75л,ФР151,Форт Виноторговая компания,0.75,,13627.03,,5.0,0,5.0,0
2705,Шампань Аполлонис Композисьон игристое белое брют 0.75л,ФР152,Форт Виноторговая компания,0.75,,9819.62,,6.0,0,6.0,0
2706,Шампань Аполлонис Композисьон Розе игристое розовое брют 0.75л,ФР153,Форт Виноторговая компания,0.75,,10640.83,,4.0,0,4.0,0
2707,Шампань Аполлонис Менье игристое белое брют 0.75л,ФР249,Форт Виноторговая компания,0.75,,9018.32,,1.0,0,1.0,0
2708,Шампань Бонне Жильмер ЛЭкстра Гран Крю Блан де Блан экстра брют белое 0.75л,ФР193,Форт Виноторговая компания,0.75,,14298.92,,16.0,0,16.0,0
2709,Шампань Бонне-Жильмер Ля Резерв Гран Крю Блан де Блан игристое белое брют 0.375л,ФР154,Форт Виноторговая компания,0.375,,6952.87,,44.0,0,44.0,0
2710,Шампань Луи Арман Брют игристое белое брют 0.75л,ФР155,Форт Виноторговая компания,0.75,,7933.34,,17.0,0,17.0,0
2711,Шампань Луи Арман Премье Крю Блан де Блан брют игристое белое 0.75л,ФР156,Форт Виноторговая компания,0.75,,10292.44,,4.0,0,4.0,0
2712,Шампань Марсель Муано Миллезим Брют Блан де Блан Гран Крю игристое белое брют 0.75л 2012,ФР105-12,Форт Виноторговая компания,0.75,,12770.98,,6.0,0,6.0,0
2713,Шампань Марсель Муано Миллезим Брют Блан де Блан Гран Крю игристое белое брют 0.75л 2018,ФР105-18,Форт Виноторговая компания,0.75,,13527.49,,3.0,0,3.0,0
2714,Шампань Марсель Муано Экстра-Брют Блан де Блан Гран Крю игристое белое экстра брют 0.75л 2021,ФР277-21,Форт Виноторговая компания,0.75,,10869.77,,3.0,0,3.0,0
2715,Шампань Пайпер-Хайдсик Брют игристое белое брют 0.2л,ФР177,Форт Виноторговая компания,0.2,,5564.29,,9.0,0,9.0,0
2716,Шампань Пайпер-Хайдсик Брют игристое белое брют 0.75л,ФР070,Форт Виноторговая компания,0.75,,11731.5,6500.0,16.0,0,16.0,0
2717,Шампань Пайпер-Хайдсик Брют Розе брют 0.75л,ФР194,Форт Виноторговая компания,0.75,,16677.93,,4.0,0,4.0,0
2718,Шампань Пайпер-Хайдсик Ривьера деми сек игристое белое полусухое 0.75л,ФР280,Форт Виноторговая компания,0.75,,16677.93,,1.0,0,1.0,0
2719,Шампань Премье Крю Шини-ле-Роз Ж.Лассаль Брют Преферанс игристое белое брют 0.75л,ФР267,Форт Виноторговая компания,0.75,,11302.77,,3.0,0,3.0,0
2720,Этьен Креман де Луар Брют игристое белое брют 0.75л,ФР069,Форт Виноторговая компания,0.75,,3436.5,,7.0,0,7.0,0
2721,Этьен Креман де Луар Брют Розе игристое розовое брют 0.75л,ФР149,Форт Виноторговая компания,0.75,,3966.67,,16.0,0,16.0,0
2723,Монтес Спарклинг Энжел Брют белое игристое 0.75л,ВК516,,0.75,,4771.37,,24.0,0,24.0,0
2724,Санта Альба игристое белое брют 0.75л,ПВ1283,ПРЕМЬЕР-ВИН,0.75,,1011.66,,3.0,0,3.0,0
2725,Санта Альба Розе игристое розовое брют 0.75л,ПВ1287,ПРЕМЬЕР-ВИН,0.75,,1011.66,,3.0,0,3.0,0
2726,Фронтера Москато игристое белое полусладкое 0.75л,БЛ065,Белуга Маркет Восток,0.75,,1404.0,,0,18.0,0,0
2728,Киви Кюве Кап Классик игристое белое брют 0.75л,ПВ378,ПРЕМЬЕР-ВИН,0.75,,1994.21,,1.0,0,1.0,0
2729,Стелленруст Клеман де Люр Брют МКК игристое розовое брют 0.75л,ФР275,Форт Виноторговая компания,0.75,,3593.39,,0,24.0,0,0
2732,Кальвадос Леконт Пэи д'Ож 12 лет 0.7 п/у,ЛД1671,Ладога Дистрибьюшен,0.7,,11420.4,,1.0,0,1.0,0
2734,"Кальвадос Российский ординарный КВС 0,5л",ОН029,Прометей,0.5,,1075.08,,128.0,0,128.0,0
2736,Кальвадос дю пэр Лэз ВСОП 0.7л.,АИ176Н,АСТ-интернэшнл инваэронмэнт,0.7,,5444.01,,1.0,0,1.0,0
2738,Пэр Маглуар 12-летний в пк креп. 40% 0.7л.,ЛД344,Ладога Дистрибьюшен,0.7,,7692.8,,9.0,0,9.0,0
2739,Пэр Маглуар Мемуар Х.О. п/у 0.7л. 40%,ЛД342М,Ладога Дистрибьюшен,0.7,,13784.0,,4.0,0,4.0,0
2740,Пэр Маглуар Пэи д'Ож V.S.O.P. в пк креп. 40% 0.5л.,ЛД343Н,Ладога Дистрибьюшен,0.5,,3884.92,,12.0,0,12.0,0
2741,Пэр Маглуар Пэи д'Ож ХO кальвадос 0.7л п/у,ЛД342Н,Ладога Дистрибьюшен,0.7,,9024.0,,2.0,0,2.0,0
2742,Пэр Маглуар Пэи д*Ож VSOP кальвадос 0.7л п/у,ЛД341Н,Ладога Дистрибьюшен,0.7,,5251.2,,10.0,0,10.0,0
2744,Пэр Маглуар Фин VS кальвадос 0.7л п/у,ЛД340,Ладога Дистрибьюшен,0.7,,3987.2,,18.0,0,18.0,0
2747,Бахчисарай со вкусом абрикоса коктейль 0.5л,ИН200,ВИННЫЙ ДОМ ИНКЕРМАН ООО,0.5,,635.62,,51.0,0,51.0,0
2748,"Коктейль «ДЕСЕРТ ШАРМЭЛЬ С КОНЬЯКОМ, КОФЕ И МИНДАЛЁМ» 0,5Л",ПАК012,ПАК ООО,0.5,,504.3,,1.0,0,1.0,0
2749,Коктейль Девилс Айленд Спайсд с ромом 0.5л,БЛ042,Белуга Маркет Восток,0.5,,724.0,,0,36.0,0,0
2750,Коктейль Монте Шоко Шоколад 0.25л 30% (Стандарт),УС018,Стеллар Дистрибьюшн Рус ООО,0.25,,248.4,,155.0,0,155.0,0
2751,Коктейль Монте Шоко Шоколад 0.5л 30% (Стандарт),УС040,Стеллар Дистрибьюшн Рус ООО,0.5,,456.84,,28.0,6.0,28.0,0
2752,Коктейль Монте Шоко Шоколад Вишня 0.25л 30% (Стандарт),УС017,Стеллар Дистрибьюшн Рус ООО,0.25,,248.4,,165.0,0,165.0,0
2753,Коктейль Монте Шоко Шоколад Вишня 0.5л 30% (Стандарт),УС039,Стеллар Дистрибьюшн Рус ООО,0.5,,456.84,,42.0,6.0,42.0,0
2755,Царская Коллекция НЕГРОНИ коктейль 0.5л,ЛД1336,Ладога Дистрибьюшен,0.5,,566.34,,3.0,0,3.0,0
2756,Царская Коллекция ОЛД ФЭШН коктейль 0.5л,ЛД1337,Ладога Дистрибьюшен,0.5,,566.34,,3.0,0,3.0,0
2760,Арарат 5 звездочек армянский коньяк п/у 0.5л,ЛАЮ599Н,ЛУДИНГ ООО,0.5,,1680.0,,39.0,0,39.0,0
2762,Армянский коньяк 3 звезды 0.25л. АКЗ,ЕК018,АЛЬФА ЭКО,0.25,,358.44,,73.0,0,73.0,0
2763,Саят Нова 10 лет коньяк 0.5л. п/у,ЕК066,АЛЬФА ЭКО,0.5,,1162.46,,6.0,0,6.0,0
2764,Саят Нова 20 лет 0.5л. подароч набор + 2 бокала,ЕК088Г,АЛЬФА ЭКО,0.5,,2630.23,,1.0,0,1.0,0
2766,"Коньяк армянский КВ Семь звезд выдержка 7 лет (Ретро автомобиль) 0,5л п/у",ПШ057,,0.5,,3050.93,,1.0,3.0,1.0,0
2767,"Коньяк армянский КВ Семь звезд выдержка 7 лет (Спортивный автомобиль) 0,5л п/у",ПШ059,,0.5,,2974.75,,1.0,2.0,1.0,0
2768,"Коньяк армянский КВ Семь звезд выдержка 7 лет (сувенирная бутылка Врач) 0,33л п/у",ПШ058,,0.33,,2732.98,,1.0,2.0,1.0,0
2769,"Коньяк армянский КВ Семь звезд выдержка 7 лет (сувенирная бутылка Меч) 0,33л п/у",ПШ060,,0.33,,2910.24,,1.0,2.0,1.0,0
2770,"Коньяк армянский мар. выдерж.""КВ"" ""Семь звезд"" выд.7 лет (в сувенирной бутылке ""Саксофон"") 0,5Л п/у",ПШ066,,0.5,,3599.42,,4.0,0,4.0,0
2771,"Коньяк армянский ОС Хент выдержка 30 лет 0,75л п/у",ПШ056,,0.75,,10391.62,,5.0,1.0,5.0,0
2772,"Коньяк армянский Пять звезд выдержка 5 лет (Бумер) 0,5л п/у",ПШ055,,0.5,,1787.04,,33.0,0,33.0,0
2773,"Коньяк КВ Семь звезд выдержка 7 лет (сувенирная бутылка Скорая помощь) п/у 0,75л",ПШ065,,0.75,,3330.29,,0,2.0,0,0
2774,Коньяк КВВК 8 лет (Прадед ) 0.5л в тубе,ПШ068,,0.5,,1591.34,,6.0,0,6.0,0
2775,"Коньяк КВВК Царевна Анна выдержка 8 лет п/у 0,5л",ПШ062,,0.5,,2043.07,,2.0,5.0,2.0,0
2776,Коньяк Пять звезд в сув. бут (Афродита) 0.5л п/у,ПШ027,,0.5,,1779.84,,28.0,2.0,28.0,0
2777,Коньяк Пять звезд в сув. бут (Туфелька) 0.25л п/у,ПШ041,,0.25,,1442.88,,6.0,5.0,6.0,0
2778,"Коньяк Пять звезд выдержка 5 лет (Гелик) п/у 0,5л",ПШ061,,0.5,,1787.04,,29.0,5.0,29.0,0
2779,Поздравительный 3 года коньяк 0.5л,ПШ001,,0.5,,856.3,,70.0,60.0,70.0,0
2780,Поздравительный 5 лет коньяк 0.5л,ПШ002,,0.5,,863.5,,47.0,48.0,47.0,0
2781,Поздравительный 8 лет КВВК коньяк 0.5л,ПШ004,,0.5,,950.76,,49.0,30.0,49.0,0
2782,Пять Звезд РУЖЬЕ коньяк сув бут 0.5л п/у,ПШ040,,0.5,,1779.84,,1.0,3.0,1.0,0
2783,Пять Звезд СКРИПКА коньяк сув бут 0.5л п/у,ПШ051,,0.5,,1787.04,,0,7.0,0,0
2784,Семь Звезд ПОЛЯРНЫЙ МЕДВЕДЬ коньяк сув бут 0.5л п/у,ПШ054,,0.5,,3050.93,,1.0,2.0,1.0,0
2785,Семь Звезд СКРИПКА семилетний коньяк сув бут 0.5л п/у,ПШ038,,0.5,,3372.48,,4.0,0,4.0,0
2786,Советская Армения 5 лет коньяк 0.25л,ПШ009,,0.25,,372.24,,3.0,0,3.0,0
2787,Советская Армения 5 лет коньяк 0.5л,ПШ008,,0.5,,743.4,,3.0,0,3.0,0
2789,Коньяк Армянский выдержка 3 года 0.5л,ВЕД016,Вериго ООО,0.5,,730.44,,45.0,0,45.0,0
2790,"Коньяк Армянский коньяк «Армянский коньяк» выдержка 3 года  0,25л",ВЕД008,Веди Трейд ООО,0.25,,409.68,,450.0,2.0,450.0,0
2791,"Коньяк Армянский коньяк выдержка 5 лет 0,25л",ВЕД009,Веди Трейд ООО,0.25,,416.88,,619.0,0,619.0,0
2792,"Коньяк Армянский коньяк ДУДУК выдержка 3 года 0,5л",ВЕД004,Веди Трейд ООО,0.5,,824.04,,26.0,0,26.0,0
2793,"Коньяк КВ Армянский коньяк Армянский коньяк выдержка 7 лет 0,5л",ВЕД007,Веди Трейд ООО,0.5,,766.44,,69.0,0,69.0,0
2794,"Коньяк КВ Армянский коньяк ДУДУК выдержка 7 лет 0,5л",ВЕД003,Веди Трейд ООО,0.5,,888.84,,16.0,0,16.0,0
2795,"Коньяк КВВК Армянский коньяк АНУШ выдержка 8 лет 0,5л",ВЕД005,Веди Трейд ООО,0.5,,838.44,,56.0,0,56.0,0
2796,"Коньяк КС Армянский коньяк ДУДУК выдержка 15 лет п/у 0,5л",ВЕД006,Веди Трейд ООО,0.5,,3117.6,,6.0,0,6.0,0
2797,"Коньяк марочный очень старый ""ОС"" Армянский коньяк ""ДУДУК"" выдержка 20 лет 0,5л п/у",ВЕД011,Веди Трейд ООО,0.5,,3780.0,,11.0,0,11.0,0
2798,"Коньяк марочный старый КС Армянский коньяк ""ДУДУК"" выдержка 10 лет 0,5л п/у",ВЕД013,Веди Трейд ООО,0.5,,2383.2,,12.0,0,12.0,0
2799,"Коньяк ординарный Армянский коньяк ""АНУШ"" выдержка 4 года 0,5л",ВЕД012,Веди Трейд ООО,0.5,,802.44,,1.0,0,1.0,0
2800,"Коньяк ординарный Армянский коньяк ""ДУДУК"" выдержка 5 лет 0,5л",ВЕД010,Веди Трейд ООО,0.5,,860.04,,24.0,0,24.0,0
2801,"Коньяк ординарный Армянский коньяк «Армянский коньяк» выдержка 5 лет 0,5л.",ВЕД001,Веди Трейд ООО,0.5,,737.64,,124.0,2.0,124.0,0
2803,Ной Классик КС 15 лет 0.5 п/у,БЛ234,Белуга Маркет Восток,0.5,,6850.0,,0,6.0,0,0
2804,Ной Традиционный 3-лет 0.25л.,БЛ1098,Белуга Маркет Восток,0.25,,837.0,,0,108.0,0,0
2805,Ной Традиционный семилетний коньяк 0.5л,БЛ741А,Белуга Маркет Восток,0.5,,1814.0,,1.0,0,1.0,0
2806,Ной Традиционный трехлетний коньяк 0.5л,БЛ735А,Белуга Маркет Восток,0.5,,1504.0,,0,24.0,0,0
2807,Орран 3 лет коньяк 0.5л,УМ204,РЕГИОН 50,0.5,,877.5,,46.0,0,46.0,0
2808,Орран 5 лет коньяк 0.5л,УМ205,РЕГИОН 50,0.5,,951.75,,42.0,0,42.0,0
2811,Сокровище Тифлиса пятилетний коньяк 0.25л,БЛ238,Белуга Маркет Восток,0.25,,790.0,,0,24.0,0,0
2812,Сокровище Тифлиса семилетний КВ коньяк 0.5л,БЛ256,Белуга Маркет Восток,0.5,,1504.0,,0,12.0,0,0
2814,"Коньяк Лейра ВСОП 40% 0,7Л в п/у",ВК040Н,ВИНИКОМ ООО,0.7,,11152.28,,5.0,0,5.0,0
2817,"Коньяк выдержанный ""КВ"" семилетний ""Старый Кенигсберг"" Гранд Резерв 0,5Л",СК110,Виноконьячный Дом Альянс-1892,0.5,,1768.75,,8.0,0,8.0,0
2818,"Коньяк выдержанный КВ Старый Кенигсберг 0,7л.п/у",СК107,Виноконьячный Дом Альянс-1892,0.7,,1104.99,,141.0,0,141.0,0
2819,"Российский пятилетний ""Старый Кенигсберг"" 0.5л.п/у",СК010,Виноконьячный Дом Альянс-1892,0.5,,950.0,,157.0,0,157.0,0
2820,"Российский четырехлетний ""Старый Кенигсберг "" 0.1л.гол. бутылка",СК001,Виноконьячный Дом Альянс-1892,0.1,,208.75,,326.0,0,326.0,0
2821,"Российский четырехлетний ""Старый Кенигсберг "" 0.5л.п/у",СК006,Виноконьячный Дом Альянс-1892,0.5,,862.5,,625.0,0,625.0,0
2822,"Российский четырехлетний ""Старый Кенигсберг ""фляга 0.5л.",СК005,Виноконьячный Дом Альянс-1892,0.5,,862.5,,37.0,0,37.0,0
2823,Старый Кенигсберг КВ 7лет 0.5л.,СК096,Виноконьячный Дом Альянс-1892,0.5,,1342.5,,172.0,0,172.0,0
2824,Старый Кенигсберг пятилетний коньяк 0.25л,СК099,Виноконьячный Дом Альянс-1892,0.25,,525.0,,113.0,0,112.0,1.0
2825,Старый Кенигсберг пятилетний коньяк 0.375л,СК011К,Виноконьячный Дом Альянс-1892,0.375,,768.75,,222.0,0,222.0,0
2826,Старый Кенигсберг пятилетний коньяк со стаканом 0.7л,СК012К,Виноконьячный Дом Альянс-1892,0.7,,1318.75,,21.0,0,21.0,0
2827,Старый Кенигсберг четырехлетний коньяк 0.1л фляжка,СК001К,Виноконьячный Дом Альянс-1892,0.1,,208.75,,518.0,0,518.0,0
2828,Старый Кенигсберг четырехлетний коньяк 0.25л,СК002К,Виноконьячный Дом Альянс-1892,0.25,,468.75,,343.0,0,343.0,0
2829,Старый Кенигсберг четырехлетний коньяк 0.375л,СК003К,Виноконьячный Дом Альянс-1892,0.375,,696.25,,245.0,0,245.0,0
2830,Старый Кенигсберг четырехлетний коньяк 0.5л,СК004К,Виноконьячный Дом Альянс-1892,0.5,,862.5,,759.0,0,759.0,0
2832,Бахчисарай 3 лет 0.25л,ИН195,ВИННЫЙ ДОМ ИНКЕРМАН ООО,0.25,,419.68,,924.0,0,924.0,0
2833,Бахчисарай 3 лет 0.5л,ИН196,ВИННЫЙ ДОМ ИНКЕРМАН ООО,0.5,,838.14,,1062.0,0,1062.0,0
2834,Бахчисарай 5 лет 0.25л,ИН193,ВИННЫЙ ДОМ ИНКЕРМАН ООО,0.25,,419.68,,1108.0,0,1108.0,0
2835,Бахчисарай 5 лет 0.5л,ИН194,ВИННЫЙ ДОМ ИНКЕРМАН ООО,0.5,,838.14,,1216.0,6.0,1216.0,0
2836,Бахчисарай 7 лет КВ 0.25л,ИН199,ВИННЫЙ ДОМ ИНКЕРМАН ООО,0.25,,448.96,,243.0,0,243.0,0
2837,Бахчисарай 7 лет КВ 0.5л,ИН192,ВИННЫЙ ДОМ ИНКЕРМАН ООО,0.5,,899.14,,301.0,0,301.0,0
2840,Золотой Резерв восьмилетний КВВК 0.5л,БЛ273,Белуга Маркет Восток,0.5,,965.0,,0,12.0,0,0
2841,Золотой Резерв пятилетний коньяк 0.1л,БЛ602А,Белуга Маркет Восток,0.1,,224.5,,0,100.0,0,0
2842,Золотой Резерв пятилетний коньяк 0.25л,БЛ600С,Белуга Маркет Восток,0.25,,460.5,,0,72.0,0,0
2845,Абрау Дюрсо 1870 КВВК коньяк 0.05л,АБ198,Абрау-Дюрсо,0.05,,340.32,,458.0,0,458.0,0
2846,"Коньяк ординарный пятилетний ""Пять звездочек"" 0,1л",ОН058,Прометей,0.1,,213.21,,2090.0,0,2090.0,0
2847,"Коньяк ординарный пятилетний ""Пять звездочек"" 0,25Л",ОН062,Прометей,0.25,,462.27,,1230.0,0,1230.0,0
2848,"Коньяк ординарный пятилетний ""Пять звездочек"" 0,5Л",ОН061,Прометей,0.5,,831.6,,735.0,0,735.0,0
2849,"Коньяк ординарный трехлетний ""Три звездочки"" 0,25л",ОН060,Прометей,0.25,,458.96,,1020.0,0,1020.0,0
2850,"Коньяк ординарный трехлетний ""Три звездочки"" 0,5л",ОН059,Прометей,0.5,,831.6,,370.0,0,370.0,0
2851,"Коньяк ординарный трехлетний ""Три звездочки"" 0,5л фляга",ОН064,Прометей,0.5,,831.6,,7.0,0,7.0,0
2853,Кизлярский пятилетний коньяк 0.5л,КЗ651А,ВЕЛЕС-ГРУПП ООО,0.5,,908.81,,14.0,0,14.0,0
2854,"Коньяк очень старый ""ОС"" марочный ""Багратион"", серия декор в коробке 0,5Л",КЗ695,ВЕЛЕС-ГРУПП ООО,0.5,,5401.51,,0,2.0,0,0
2855,"Коньяк пятилетний ординарный Кизляр 0,5л",КЗ691,ВЕЛЕС-ГРУПП ООО,0.5,,908.81,,6.0,0,6.0,0
2856,"Коньяк старый ""КС"" марочный ""Россия"", серия декор в коробке 0,5Л",КЗ694,ВЕЛЕС-ГРУПП ООО,0.5,,4230.8,,6.0,0,6.0,0
2857,"Коньяк старый КС марочный Дагестан 0,5л",КЗ692,ВЕЛЕС-ГРУПП ООО,0.5,,1769.22,,5.0,0,5.0,0
2858,"Коньяк трехлетний ординарный Лезгинка 0,5л",КЗ657Н,ВЕЛЕС-ГРУПП ООО,0.5,,887.18,,36.0,0,36.0,0
2859,Лезгинка марочный выдерженный КВ коньяк 0.5л,КЗ669А,ВЕЛЕС-ГРУПП ООО,0.5,,1175.01,,40.0,0,40.0,0
2860,Лезгинка Медиум пятилетний коньяк 0.5л,КЗ666О,ВЕЛЕС-ГРУПП ООО,0.5,,1016.83,,27.0,0,27.0,0
2861,Лезгинка Медиум трехлетний коньяк 0.25л,КЗ656О,ВЕЛЕС-ГРУПП ООО,0.25,,500.03,,467.0,0,467.0,0
2862,Лезгинка Медиум трехлетний коньяк 0.5л,КЗ657А,ВЕЛЕС-ГРУПП ООО,0.5,,966.12,,6.0,0,6.0,0
2864,Киновский КВ семилетний коньяк 0.5л сув.уп.,ЛС001П,АЛВИСА ООО,0.5,,962.83,,56.0,0,56.0,0
2865,Киновский пятилетний коньяк 0.1л,ЛС004,АЛВИСА ООО,0.1,,187.8,,390.0,0,390.0,0
2866,Киновский пятилетний коньяк 0.5л,ЛС002,АЛВИСА ООО,0.5,,773.26,,795.0,9.0,795.0,0
2867,Киновский трехлетний коньяк 0.1л,ЛС009,АЛВИСА ООО,0.1,,180.94,,1745.0,0,1745.0,0
2868,Киновский трехлетний коньяк 0.25л,ЛС008,АЛВИСА ООО,0.25,,386.19,,1467.0,3.0,1467.0,0
2869,Киновский трехлетний коньяк 0.5л,ЛС006,АЛВИСА ООО,0.5,,704.91,,720.0,9.0,720.0,0
2870,Коньяк Крымский пятилетний 0.25л КВК групп,ПО373,АСГ,0.25,,372.41,,20.0,0,20.0,0
2871,Коньяк Крымский пятилетний 0.5л КВК групп,ПО374,АСГ,0.5,,720.43,,6.0,0,6.0,0
2872,Коньяк Крымский трехлетний 0.1л КВК групп,ПО370,АСГ,0.1,,147.45,,56.0,0,56.0,0
2873,Коньяк Крымский трехлетний 0.25л КВК групп,ПО371,АСГ,0.25,,365.18,,34.0,0,34.0,0
2874,"Коньяк пятилетний ""Пять звезд"" ""Старый Гурзуф"" 0,5Л",АМ159С,Русвинторг,0.5,,1079.71,,78.0,0,78.0,0
2875,"Коньяк пятилетний ""ПЯТЬ ЗВЁЗДОЧЕК"" 0,1Л",СОР010,Сордис ООО,0.1,,174.02,,177.0,0,177.0,0
2876,"Коньяк пятилетний ""ПЯТЬ ЗВЁЗДОЧЕК"" 0,25Л",СОР014,Сордис ООО,0.25,,407.51,,194.0,0,194.0,0
2877,"Коньяк пятилетний ""ПЯТЬ ЗВЁЗДОЧЕК"" 0,5л",СОР025,Сордис ООО,0.5,,783.33,,84.0,0,84.0,0
2878,"Коньяк пятилетний Коктебель 40% 0,5 л.",ПО064Н,АСГ,0.5,,763.63,,196.0,0,196.0,0
2882,"Коньяк трёхлетний ""ТРИ ЗВЁЗДОЧКИ"" 0,1Л",СОР013,Сордис ООО,0.1,,170.55,,366.0,0,366.0,0
2883,"Коньяк трёхлетний ""ТРИ ЗВЁЗДОЧКИ"" 0,25Л",СОР011,Сордис ООО,0.25,,386.83,,229.0,0,229.0,0
2884,"Коньяк трёхлетний ""ТРИ ЗВЁЗДОЧКИ"" 0,5Л",СОР012,Сордис ООО,0.5,,763.71,,104.0,0,104.0,0
2885,Ласточкино Гнездо 5 лет 0.25л,ИН201,ВИННЫЙ ДОМ ИНКЕРМАН ООО,0.25,,419.68,,23.0,0,23.0,0
2887,"Коньяк выдержанный ""КВ"" ""СТАРЕЙШИНА ин СИНГЛ БАРРЕЛ"" семилетний"" 0,5л",ЛС059,АЛВИСА ООО,0.5,,1082.28,,197.0,0,197.0,0
2888,"Коньяк выдержанный ""КВ"" ""Старейшина ПЛАТИНУМ КОЛЛЕКШН"" семилетний"" 0,5Л",ЛС061,АЛВИСА ООО,0.5,,1082.28,,21.0,0,21.0,0
2889,Старейшина КВ 7 лет коньяк 0.5 п/у,ЛС034,АЛВИСА ООО,0.5,,1104.83,,72.0,0,72.0,0
2890,"Старейшина КВ 7 лет ЭНОЛОДЖИКАЛ  коньяк 0,5л",ЛС040,АЛВИСА ООО,0.5,,962.01,,78.0,0,78.0,0
2891,Старейшина КВ 7 лет ЭНОЛОДЖИКАЛ коньяк 0.25л фляга,ЛС055,АЛВИСА ООО,0.25,,476.09,,339.0,0,339.0,0
2892,Старейшина КС 12 лет Империал 0.5л п/у + бокал,ЛС050Б,АЛВИСА ООО,0.5,,1533.17,,16.0,0,16.0,0
2894,Старейшина КС 12 лет Империал 0.5л сув.уп.,ЛС050,АЛВИСА ООО,0.5,,1653.75,,8.0,0,8.0,0
2895,"Старейшина КС 18 лет коньяк 0,5",ЛС029,АЛВИСА ООО,0.5,,2385.81,,7.0,0,7.0,0
2896,"Старейшина КС 18 лет коньяк 0,5л с бокалом",ЛС029Б,АЛВИСА ООО,0.5,,3329.99,,2.0,0,2.0,0
2897,Старейшина пятилетний коньяк 0.5л,ЛС014,АЛВИСА ООО,0.5,,869.53,,746.0,3.0,746.0,0
2898,Старейшина пятилетний коньяк 1.0л,ЛС013,АЛВИСА ООО,1,,1552.01,,85.0,0,85.0,0
2899,Старейшина трехлетний коньяк 0.5л,ЛС018,АЛВИСА ООО,0.5,,757.39,,1476.0,9.0,1476.0,0
2900,Старейшина трехлетний коньяк 1.0л,ЛС017,АЛВИСА ООО,1,,1383.92,,117.0,0,117.0,0
2901,Старейшина ТРЭВЕЛ пятилетний коньяк 0.1л,ЛС016,АЛВИСА ООО,0.1,,197.44,,151.0,0,151.0,0
2902,Старейшина ТРЭВЕЛ пятилетний коньяк 0.25л,ЛС015,АЛВИСА ООО,0.25,,463.18,,159.0,3.0,159.0,0
2903,Старейшина ТРЭВЕЛ трехлетний коньяк 0.25л,ЛС019,АЛВИСА ООО,0.25,,417.0,,2334.0,9.0,2334.0,0
2904,"Старейшина Экстра КС 15 лет коньяк 0,5",ЛС031,АЛВИСА ООО,0.5,,1915.01,,5.0,0,5.0,0
2905,"Старейшина Экстра КС 15 лет коньяк 0,5 сув.уп.",ЛС031П,АЛВИСА ООО,0.5,,2104.83,,7.0,0,7.0,0
2906,"Старейшина Экстра КС 15 лет коньяк 0,5 сув.уп.",ЛС031Пг,АЛВИСА ООО,0.5,,2104.83,,1.0,0,1.0,0
2907,"Старейшина Экстра КС 15 лет коньяк 0,5л с бокалом",ЛС031Б,АЛВИСА ООО,0.5,,2774.71,,2.0,0,2.0,0
2909,Фазерс Олд Баррель пятилетний коньяк 0.25л Стандарт,УС004,Стеллар Дистрибьюшн Рус ООО,0.25,,399.6,,789.0,0,789.0,0
2910,Фазерс Олд Баррель пятилетний коньяк 0.5л FE,УС005,Стеллар Дистрибьюшн Рус ООО,0.5,,759.24,,541.0,0,541.0,0
2911,Фазерс Олд Баррель четырехлетний коньяк 0.25л Стандарт,УС001,Стеллар Дистрибьюшн Рус ООО,0.25,,370.8,,3760.0,9.0,3760.0,0
2912,Фазерс Олд Баррель четырехлетний коньяк 0.5л Стандарт,УС002,Стеллар Дистрибьюшн Рус ООО,0.5,,711.72,,2653.0,9.0,2653.0,0
2914,"Коньяк пятилетний ФРАНЦУЗСКИЙ СТАНДАРТ  0,25л",СОР009,Сордис ООО,0.25,,482.83,,111.0,0,111.0,0
2915,"Коньяк пятилетний ФРАНЦУЗСКИЙ СТАНДАРТ 0,5л",СОР008,Сордис ООО,0.5,,965.8,,96.0,0,96.0,0
2916,"Коньяк трёхлетний ФРАНЦУЗСКИЙ СТАНДАРТ 0,25л",СОР007,Сордис ООО,0.25,,443.74,,183.0,0,183.0,0
2917,"Коньяк трёхлетний ФРАНЦУЗСКИЙ СТАНДАРТ 0,5л",СОР006,Сордис ООО,0.5,,918.41,,227.0,0,227.0,0
2919,Шоколадная гора пятилетний коньяк 0.25л Стандарт,УС011,Стеллар Дистрибьюшн Рус ООО,0.25,,376.56,,63.0,9.0,63.0,0
2920,Шоколадная гора пятилетний коньяк 0.5л Стандарт,УС012,Стеллар Дистрибьюшн Рус ООО,0.5,,711.72,,24.0,9.0,24.0,0
2922,Тессерон Лот №90 ХО Овасьон 0.7л. п/у,АИ514А,АСТ-интернэшнл инваэронмэнт,0.7,,15087.06,,0,2.0,0,0
2925,Баш Габриэльсен VS Тре Корс AOC трехлетний коньяк 0.7л,ММ506,Маруся Бевереджис РУС,0.7,,4100.0,,7.0,0,7.0,0
2926,Баш Габриэльсен VSOP Трипл Каск AOC четырехлетний коньяк 0.7л,ММ499,Маруся Бевереджис РУС,0.7,,5900.0,,5.0,0,5.0,0
2927,"Коньяк ординарный трехлетний МАРЕТТ ВС 0,7 л. П/У",ПО144,АСГ,0.7,,5793.04,,30.0,0,30.0,0
2928,"Коньяк ординарный четырехлетний МАРЕТТ ВСОП 0,7л П/У",ПО132,АСГ,0.7,,7150.97,,16.0,0,16.0,0
2930,"Коньяк четырехлетний Коньяк Лейра ВС 0,7л п/у",ВК039Н,ВИНИКОМ ООО,0.7,,7990.04,,1.0,0,1.0,0
2932,"Коньяк ТРЕХЛЕТНИЙ МАРТЕЛЬ ВС 0,5л",ДА327Г,Компания Даско-Трейд ООО,0.5,ПИ,3149.18,,6.0,0,6.0,0
2933,"Коньяк ТРЕХЛЕТНИЙ МАРТЕЛЬ ВС 0,5л п/у",ДА327,Компания Даско-Трейд ООО,0.5,ПИ,3200.0,,46.0,0,46.0,0
2934,Мартель VS коньяк 0.7л,ЧД057,Логистик Эл-Си ООО,0.7,ПИ,3429.35,,2.0,0,2.0,0
2935,Мартель VS коньяк 0.7л,ДА271,Компания Даско-Трейд ООО,0.7,ПИ,3533.61,,8.0,0,8.0,0
2936,Мартель ВС 0.5л,ТЛ374,Ритейл Логистик ООО,0.5,ПИ,2946.01,,1.0,0,1.0,0
2937,Мартель ВС 0.7л п/у,ЧД012АГ,Логистик Эл-Си ООО,0.7,ПИ,3617.72,,3.0,0,3.0,0
2938,Мартель ВС 0.7л п/у со стаканом,ЧД012С,Логистик Эл-Си ООО,0.7,ПИ,3520.41,,58.0,0,58.0,0
2939,Мартель ВСОП 0.5л,ТЛ375,Ритейл Логистик ООО,0.5,ПИ,4275.13,,9.0,0,9.0,0
2940,Мартель ХО 0.7 п/у,ЧД063,Логистик Эл-Си ООО,0.7,ПИ,23103.44,,8.0,0,8.0,0
2942,"Коньяк Меуков ВСОП четырехлетний 0,7л п/у",СН365,Саман Фирма ООО,0.7,,4330.9,,9.0,0,9.0,0
2943,Меуков ВСОП 0.5л.,АГ690,Вино он-лайн АГ,0.5,,4194.41,,8.0,0,8.0,0
2945,Романов ВСОП 4 года 0.7,ФК036,Постнофф и Ко,0.7,,3916.53,,5.0,0,5.0,0
2947,Науд VS коньяк 0.7л п/у,ДМ1037,Денвью Лимитэд АО,0.7,,6612.96,,13.0,0,13.0,0
2948,Науд ВСОП коньяк 0.7л. п/у,ДМ1038,Денвью Лимитэд АО,0.7,,8561.28,,8.0,0,8.0,0
2949,НАУД ХО 0.7л. п/у,ДМ1042,Денвью Лимитэд АО,0.7,,30385.69,,3.0,0,3.0,0
2951,Барон Отард  VS коньяк 0.7л,БМ057,Бакарди Рус ООО,0.7,,6610.42,,17.0,0,17.0,0
2952,Барон Отард VSOP коньяк 0.7л,БМ058,Бакарди Рус ООО,0.7,,8009.36,,10.0,0,10.0,0
2954,"Коньяк Пейра ВС 0,7",АИ1071,АСТ-интернэшнл инваэронмэнт,0.7,,5906.45,,4.0,0,4.0,0
2955,"Коньяк Пейра ВСОП 0,7",АИ1072,АСТ-интернэшнл инваэронмэнт,0.7,,6647.06,,3.0,0,3.0,0
2957,Реми Мартан ХО коньяк 0.7 п/у,ЛИ074,ЛВК & Логистик ООО,0.7,ПИ,16790.0,,7.0,0,7.0,0
2959,Рулле VS коньяк 0.5л,ЛД346А,Ладога Дистрибьюшен,0.5,,2427.2,,52.0,0,52.0,0
2960,Рулле VS трехлетний коньяк п/у 0.7л,ЛД347НА,Ладога Дистрибьюшен,0.7,,3302.52,,37.0,0,37.0,0
2961,Рулле VSOP коньяк 0.7л,ЛД339А,Ладога Дистрибьюшен,0.7,,4336.0,,29.0,0,29.0,0
2962,Рулле VSOP четырехлетний коньяк 0.05л,ЛД349А,Ладога Дистрибьюшен,0.05,,538.87,,504.0,0,504.0,0
2963,Рулле VSOP четырехлетний коньяк 0.5л,ЛД348Б,Ладога Дистрибьюшен,0.5,,3097.6,,15.0,0,15.0,0
2964,Рулле VSOP четырехлетний коньяк п/у 0.7л,ЛД339НА,Ладога Дистрибьюшен,0.7,,4336.0,,1.0,0,1.0,0
2965,Рулле ХО Каде марочный коньяк 0.7л п/у,ЛД479М,Ладога Дистрибьюшен,0.7,,8304.9,,5.0,0,5.0,0
2967,Коньяк Тессерон Композисьон ВСОП 0.7 п/у,АИ165А,АСТ-интернэшнл инваэронмэнт,0.7,,8051.4,,1.0,0,1.0,0
2968,Коньяк Тессерон ХО Пасьон 0.7 п/у,АИ1099Г,АСТ-интернэшнл инваэронмэнт,0.7,,35820.43,,1.0,0,1.0,0
2970,Франсуа Де Мартиньяк ВС коньяк 0.7л п/у,ДМ1020,Денвью Лимитэд АО,0.7,,6060.76,,4.0,0,4.0,0
2971,Франсуа Де Мартиньяк ВСОП коньяк п/у 0.7л,ДМ1021,Денвью Лимитэд АО,0.7,,7802.19,,6.0,0,6.0,0
2973,"Коньяк марочный старый ""КС"" ХЕННЕССИ ИКСО 0,7л п/у",ДА293М,Компания Даско-Трейд ООО,0.7,ПИ,19284.12,,11.0,0,11.0,0
2974,"Коньяк ОРДИНАРНЫЙ ТРЕХЛЕТНИЙ «ХЕННЕССИ ВС» 0,7л П/У",ДА281О,Компания Даско-Трейд ООО,0.7,ПИ,3559.08,,12.0,0,12.0,0
2975,Хеннесси VSOP коньяк 0.7л п/у,ЦД011,Центр дистрибьюции ООО,0.7,ПИ,6808.69,,1.0,0,1.0,0
2976,Хеннесси ВС 0.5л п/у,ДА362,Компания Даско-Трейд ООО,0.5,ПИ,3426.89,,17.0,0,17.0,0
2977,Хеннесси ВС 0.5л п/у,ДА362Г,Компания Даско-Трейд ООО,0.5,ПИ,3426.89,,1.0,0,1.0,0
2978,Хеннесси ВС 1.0л п/у,ДА363,Компания Даско-Трейд ООО,1,ПИ,4750.81,,11.0,0,11.0,0
2979,Хеннесси ВСОП Привилеж 0.7л п/у,ДА275,Компания Даско-Трейд ООО,0.7,ПИ,5967.84,,54.0,0,54.0,0
2983,Моцарт Уайт Чоколей ликер 0.5л.,ММ517,Маруся Бевереджис РУС,0.5,,2065.0,,10.0,0,10.0,0
2984,Моцарт Чоколейт Строберри ликер 0.5л.,ММ526,Маруся Бевереджис РУС,0.5,,2065.0,,4.0,0,4.0,0
2987,"Ликер десертный «Брояница» со вкусом кофе 0,5Л",МС318,Мистраль алко,0.5,,493.59,,52.0,0,52.0,0
2988,"Ликер десертный Брояница со вкусом коньяка 0,5л",МС307,Мистраль алко,0.5,,370.99,,45.0,0,45.0,0
2991,Казкабель Кофе Ликёр Текила Бланко 0.7л.,ПС035,СВАМ Групп,0.7,,2700.66,,1.0,0,1.0,0
2992,Казкабель Медовый Ликёр Текила Бланко 0.7л.,ПС036,СВАМ Групп,0.7,,2700.66,,1.0,0,1.0,0
2995,"Ликер десертный ЯГЕРМАЙСТЕР 0,04л",ДА371,Компания Даско-Трейд ООО,0.04,ПИ,174.6,,120.0,76.0,120.0,0
2996,Ликер десертный ЯГЕРМАЙСТЕР 0.7л.,ДА148,Компания Даско-Трейд ООО,0.7,ПИ,1412.43,,844.0,10.0,843.0,0
2997,"Ликер десертный ЯГЕРМАЙСТЕР АПЕЛЬСИН 0,7л",ДА364,Компания Даско-Трейд ООО,0.7,ПИ,1741.56,,69.0,0,69.0,0
2998,Ликер десертный ЯГЕРМАЙСТЕР АПЕЛЬСИН 1.0л,ДА398,Компания Даско-Трейд ООО,1,ПИ,2624.69,,102.0,0,102.0,0
2999,"Ликер ЯГЕРМАЙСТЕР 0,5л",ДА329,Компания Даско-Трейд ООО,0.5,ПИ,1201.52,,184.0,0,184.0,0
3000,ЯГЕРМАЙСТЕР 0.1л.,ТЛ152,Ритейл Логистик ООО,0.1,ПИ,401.35,,39.0,0,39.0,0
3001,ЯГЕРМАЙСТЕР 0.35л.,ТЛ153,Ритейл Логистик ООО,0.35,ПИ,1148.85,,12.0,0,12.0,0
3002,Ягермайстер АПЕЛЬСИН 0.7л,ТЛ396,Ритейл Логистик ООО,0.7,ПИ,1813.55,,1.0,0,0,1.0
3003,Ягермайстер ликер 0.7л,ТЛ898,Ритейл Логистик ООО,0.7,ПИ,1600.0,,1.0,0,1.0,0
3004,Ягермайстер ликер 3.0л,ТЛ156,Ритейл Логистик ООО,3,ПИ,9198.85,,2.0,0,2.0,0
3005,Ягермайстер ШАРФ 0.7л+стопка,ТЛ157С,Ритейл Логистик ООО,0.7,,2068.85,,56.0,0,56.0,0
3007,Гран Марнье Кордон Руж 0.7л.,ДР325,Д Дистрибьюшен,0.7,ПИ,2535.98,,1.0,0,1.0,0
3008,"Гран Марнье Кюве дю Сантенэр 0,7л п/у",ДР328,Д Дистрибьюшен,0.7,ПИ,4501.86,,1.0,0,1.0,0
3011,Бэйлис ликер 0.5л,ЛИ007,ЛВК & Логистик ООО,0.5,ПИ,1380.0,,10.0,0,10.0,0
3012,"Ликер БЭЙЛИС СЛИВОЧНЫЙ ОРИГИНАЛЬНЫЙ 0,7л",ДА328,Компания Даско-Трейд ООО,0.7,ПИ,1660.31,,21.0,0,21.0,0
3015,БВЛЭНД АЛМОНДС ликер 0.7л.,ПС103,СВАМ Групп,0.7,,1118.7,,12.0,0,12.0,0
3016,БВЛЭНД БЛЭКБЕРРИ 0.7л.,ПС104,СВАМ Групп,0.7,,1118.7,,9.0,0,9.0,0
3017,"БВЛЭНД КИВИ ликер 0,7л",ПС101,СВАМ Групп,0.7,,1118.7,,3.0,0,2.0,1.0
3018,БВлэнд Манго ликер 0.7л,ПС085,СВАМ Групп,0.7,,1118.7,,2.0,0,2.0,0
3019,"БВЛЭНД МЕНТЕ ликер мята 0,7л",ПС088,СВАМ Групп,0.7,,1118.7,,16.0,0,16.0,0
3020,БВлэнд Строберри ликер 0.7л,ПС089,СВАМ Групп,0.7,,1118.7,,3.0,0,3.0,0
3021,БВлэнд Черри Бренди ликер 0.7л,ПС086,СВАМ Групп,0.7,,1118.7,,1.0,0,1.0,0
3023,Бланка де Наварра Ликер де Манзана Верде ликер 0.7л.,КН179А,Кавина,0.7,,1449.84,,6.0,0,6.0,0
3026,Амаро Монтенегро ликер 0.7л,АИ694,АСТ-интернэшнл инваэронмэнт,0.7,,2635.13,,11.0,0,11.0,0
3027,Бенвенути Ночино 34% 0.7л.,АИ714,АСТ-интернэшнл инваэронмэнт,0.7,,3095.48,,0,1.0,0,0
3028,Вилла Масса Лимончелло ликер 0.05л,ФР176,Форт Виноторговая компания,0.05,,671.9,,12.0,0,12.0,0
3029,Вилла Масса Лимончелло ликер 0.7л,ФР118,Форт Виноторговая компания,0.7,,4379.76,,3.0,0,3.0,0
3031,"Ликер десертный Воларе Трипл Сек 0,7л",ПО137,АСГ,0.7,,1443.42,,29.0,0,29.0,0
3032,"Ликер десертный Воларе Эспрессо Кофе 0,7л",ПО135,АСГ,0.7,,1443.42,,5.0,0,5.0,0
3034,"Ликер десертный  Галиано Ристретто 0,5",ДМ411,Денвью Лимитэд АО,0.5,,1208.35,,16.0,0,16.0,0
3035,"Ликер десертный Лимончелло Росси д'Асиаго 0,7л",ПО516,АСГ,0.7,,1517.27,,9.0,0,9.0,0
3036,"Ликер крепкий Самбука Антика Классик 0,7л",ПО517,АСГ,0.7,,1443.42,,59.0,0,59.0,0
3038,Самбука Молинари ликер 0.7л,АИ631,АСТ-интернэшнл инваэронмэнт,0.7,,2399.96,,3.0,0,3.0,0
3040,Люксардо Амаретто ди Саскира десертный ликер 24% 0.75л.,УМ009,РЕГИОН 50,0.75,,2332.0,,8.0,0,8.0,0
3041,Люксардо Анголетто 0.7л,УМ083А,РЕГИОН 50,0.7,,2497.25,,15.0,0,15.0,0
3042,Люксардо Антико ликер 0.75л,УМ164,РЕГИОН 50,0.75,,2810.15,,7.0,0,7.0,0
3043,Люксардо Ароматик Биттерс Кофе 0.2л,УМ171,РЕГИОН 50,0.2,,1665.15,,2.0,0,2.0,0
3044,Люксардо Ароматик Биттерс Ревень 0.2л,УМ174,РЕГИОН 50,0.2,,1665.15,,1.0,0,1.0,0
3045,Люксардо Ароматик Биттерс Ромашка 0.2л,УМ172,РЕГИОН 50,0.2,,1665.15,,2.0,0,2.0,0
3046,Люксардо Биттер Бьянко десертный ликер 30% 0.75л.,УМ012,РЕГИОН 50,0.75,,2289.24,,14.0,0,14.0,0
3047,Люксардо Биттер десертный ликер 25% 0.75л.,УМ062,РЕГИОН 50,0.75,,2011.5,,24.0,0,24.0,0
3048,Люксардо Дель Санто ликер 0.7л,УМ175,РЕГИОН 50,0.7,,2812.73,,10.0,0,10.0,0
3049,"Люксардо Эспрессо (""LUXARDO ESPRESSO"") десертный ликер 27% 0.75л.",УМ003,РЕГИОН 50,0.75,,2557.34,,6.0,0,6.0,0
3050,Мараскино Ориджинал Люксардо (MARASCHINO ORIGINALE LUXARDO)ликер дес.32% 0.75л. в сол.оплетке,УМ004,РЕГИОН 50,0.75,,2950.25,,8.0,0,8.0,0
3051,Самбука дей Чезари Люксардо 0.75л.,УМ129,РЕГИОН 50,0.75,,2295.11,,2.0,0,2.0,0
3052,Сауэр Эппл Люксардо десертный ликер 15% 0.5л.,УМ017А,РЕГИОН 50,0.5,,1957.59,,17.0,0,17.0,0
3053,"Триплум Трипл Сек Цитрус Люксардо 0,75 ликер",УМ005А,РЕГИОН 50,0.75,,2257.9,,10.0,0,10.0,0
3055,Самбука  Маркати 0.7л.,АИ254,АСТ-интернэшнл инваэронмэнт,0.7,,1918.22,,4.0,0,4.0,0
3057,Ксу Ксу 0.7л,ЛИ104,ЛВК & Логистик ООО,0.7,ПИ,1437.5,,16.0,0,16.0,0
3059,Калуа 1.0л,ТЛ337,Ритейл Логистик ООО,1,ПИ,2413.85,,12.0,0,0,0
3062,"Болс Амаретто  0.7 л, крепость 24%",АИ370,АСТ-интернэшнл инваэронмэнт,0.7,,1349.46,,1.0,0,1.0,0
3063,Болс Априкот Бренди 0.7л алк. 24%,АИ371,АСТ-интернэшнл инваэронмэнт,0.7,,1914.98,,7.0,0,7.0,0
3064,"Болс Кофе  24%  0,7 л",АИ373,АСТ-интернэшнл инваэронмэнт,0.7,,1846.13,,14.0,0,14.0,0
3065,"Болс Крем де Касис  17%  0,7 л",АИ374,АСТ-интернэшнл инваэронмэнт,0.7,,1709.1,,0,1.0,0,0
3066,Болс Мараскино креп. 24% об. 0.7л.,АИ416,АСТ-интернэшнл инваэронмэнт,0.7,,1757.03,,1.0,0,1.0,0
3067,"БОЛС НЕЙЧЕРАЛ ЙОГУРТ ликер эмульсионный 0.7л, 15%",АИ386О,АСТ-интернэшнл инваэронмэнт,0.7,,1709.1,,3.0,0,3.0,0
3068,"Болс Пич десертный 17% об., 0,7 л",АИ572,АСТ-интернэшнл инваэронмэнт,0.7,,1709.1,,8.0,0,8.0,0
3069,Болс Распберри десертный 17% 0.7л.,АИ483,АСТ-интернэшнл инваэронмэнт,0.7,,1914.98,,3.0,0,3.0,0
3070,Болс Сауэр Эппл 17% 0.7л.,АИ387,АСТ-интернэшнл инваэронмэнт,0.7,,1709.1,,12.0,0,12.0,0
3071,Болс Трипл Сек 0.7л,АИ378А,АСТ-интернэшнл инваэронмэнт,0.7,,1894.73,,4.0,1.0,4.0,0
3072,"Болс Черри  24% 0,7л",АИ379,АСТ-интернэшнл инваэронмэнт,0.7,,1846.13,,10.0,0,10.0,0
3073,Болс Элдерфлауэр ликер 0.75л,АИ574,АСТ-интернэшнл инваэронмэнт,0.75,,1709.1,,10.0,0,10.0,0
3074,"Ликер десертный ""БОЛС ДРАЙ ОРАНЖ"" 24% 0.7л.",АИ442,АСТ-интернэшнл инваэронмэнт,0.7,,1422.72,,11.0,0,11.0,0
3075,"Ликер десертный ""Болс Какао Уайт"" 24% 0.7л.",АИ443,АСТ-интернэшнл инваэронмэнт,0.7,,1846.13,,3.0,0,3.0,0
3076,Болс Какао Уайт 0.75л,АИ443Л,АСТ-интернэшнл инваэронмэнт,0.75,,1846.13,,3.0,0,3.0,0
3077,Галлиано Аутентико ликер 0.5л,АИ1159,АСТ-интернэшнл инваэронмэнт,0.5,,2010.83,,1.0,0,1.0,0
3079,Де Кайпер Имбирь 0.7л.,ВХ798,Уайтхол-Центр,0.7,,1505.05,,8.0,0,8.0,0
3082,Хантинг Биттер Травяной ликер 0.5л,БЛ212Б,Белуга Маркет Восток,0.5,,902.5,,0,60.0,0,0
3083,Хантинг Ягодный ликер 0.25л,БЛ217А,Белуга Маркет Восток,0.25,,452.0,,0,12.0,0,0
3085,История Любви Аромат Амаретто ликер 0.5л,ЛД912,Ладога Дистрибьюшен,0.5,,523.9,,72.0,0,72.0,0
3086,История Любви Аромат Вишни ликер 0.5л,ЛД909,Ладога Дистрибьюшен,0.5,,393.7,,60.0,0,60.0,0
3087,История Любви Кофейный Вкус ликер 0.5л,ЛД150А,Ладога Дистрибьюшен,0.5,,523.9,,96.0,0,96.0,0
3088,История Любви Сливочный Вкус ликер 0.5л,ЛД913,Ладога Дистрибьюшен,0.5,,523.9,,251.0,0,251.0,0
3089,История Любви Шоколадный Вкус ликер 0.5л,ЛД908,Ладога Дистрибьюшен,0.5,,523.9,,38.0,0,38.0,0
3091,ЛАМОНИКА КРЕМ ДЕ КАССИС ликер 0.85л,ЛД1442,Ладога Дистрибьюшен,0.85,,622.66,,26.0,0,26.0,0
3092,ЛАМОНИКА ЛИМОНЧЕЛЛО ликер 0.5л,ЛД478,Ладога Дистрибьюшен,0.5,,571.95,,26.0,0,26.0,0
3093,ЛАМОНИКА САМБУКА Экстра ликер 0.5л,ЛД301,Ладога Дистрибьюшен,0.5,,699.05,,23.0,0,23.0,0
3094,"Ликер крепкий ""ЛАМОНИКА ТРИПЛ СЕК"" 0,85Л",ЛД1443К,Ладога Дистрибьюшен,0.85,,999.0,,1.0,0,1.0,0
3096,Лигаре Аперитиво Спритц десертный напиток 0.85л,ЛД1482,Ладога Дистрибьюшен,0.85,,849.4,,685.0,0,685.0,0
3097,Лигаре Биттер десертный ликер 0.5л,ЛД1134,Ладога Дистрибьюшен,0.5,,682.0,,39.0,0,39.0,0
3098,Лигаре Лаванда Спритц 0.5л,ЛД1859,Ладога Дистрибьюшен,0.5,,517.7,,541.0,12.0,541.0,0
3099,Лигаре Лимончелло Спритц 0.5л,ЛД1860,Ладога Дистрибьюшен,0.5,,517.7,,157.0,0,157.0,0
3100,Лигаре Маракуйя Спритц 0.5л,ЛД1861,Ладога Дистрибьюшен,0.5,,517.7,,489.0,0,489.0,0
3101,Лигаре Фруто Клубника 0.5л,ЛД1857,Ладога Дистрибьюшен,0.5,,477.4,,27.0,0,27.0,0
3102,Лигаре Черная Смородина Спритц 0.5л,ЛД1862,Ладога Дистрибьюшен,0.5,,517.7,,504.0,0,504.0,0
3103,"Ликер САНТО СТЕФАНО ЛИМОНЧЕЛЛО 0,5л.",ЕАГ005,ЕАГ Трейд ООО,0.5,,559.3,,109.0,0,109.0,0
3105,Радикс Банана банановый ликер 0.7л,ПС114,СВАМ Групп,0.7,,574.61,,3.0,0,3.0,0
3106,Радикс Банана банановый ликер 0.7л,БС150,КУЛЬТУРА ООО,0.7,,594.94,,48.0,0,48.0,0
3107,Радикс Блю Кюрасао апельсиновый ликер 0.7л,БС149,КУЛЬТУРА ООО,0.7,,594.95,,305.0,0,305.0,0
3108,Радикс Грин Эпл яблочный ликер 0.7л,ПС115,СВАМ Групп,0.7,,574.61,,5.0,0,5.0,0
3109,Радикс Кофи кофейный ликер 0.7л,БС145,КУЛЬТУРА ООО,0.7,,704.68,,44.0,0,44.0,0
3110,Радикс Крим де Касис черносмородиновый ликер 0.7л,БС154,КУЛЬТУРА ООО,0.7,,594.95,,110.0,0,110.0,0
3111,Радикс Стробэри клубничный ликер 0.7л,БС153,КУЛЬТУРА ООО,0.7,,550.74,,5.0,0,5.0,0
3112,Радикс Трипл Сек апельсиновый ликер 0.7л,БС146,КУЛЬТУРА ООО,0.7,,813.09,,9.0,0,9.0,0
3113,Радикс Чери Бренди вишневый ликер 0.7л,БС151,КУЛЬТУРА ООО,0.7,,594.95,,17.0,0,17.0,0
3114,Радикс Элдерфлауэр бузиновый ликер 0.7л,БС147,КУЛЬТУРА ООО,0.7,,594.95,,52.0,0,52.0,0
3116,"Ликер десертный ""СОРБЕТ АПЕРИТИВО СО ВКУСОМ АМАРЕТТО"" 0,5л",ПО543,АСГ,0.5,,490.09,,54.0,0,54.0,0
3117,"Ликер десертный SORBET (Сорбет) малиновый 0,5л алк. 15%",ПО220,АСГ,0.5,,404.43,,95.0,0,95.0,0
3118,"Ликер десертный Сорбет Аперитиво Апельсин 15% 0,5л",ПО225,АСГ,0.5,,490.09,,246.0,0,246.0,0
3120,Фоулерс Сливочный ликер 0.5л,ЛД1640А,Ладога Дистрибьюшен,0.5,,756.4,,17.0,0,17.0,0
3122,Фруко Шульц Абрикос Бренди ликер 0.7л,ЛД119А,Ладога Дистрибьюшен,0.7,,1445.6,,52.0,0,52.0,0
3123,"Фруко Шульц Амаретто ликер 0,5л",ЛД145Н,Ладога Дистрибьюшен,0.5,,854.4,,43.0,0,43.0,0
3124,Фруко Шульц Клубника ликер 0.7л,ЛД121А,Ладога Дистрибьюшен,0.7,,1445.6,,49.0,0,49.0,0
3125,Фруко Шульц Кофетто 0.5л.,ЛД149Н,Ладога Дистрибьюшен,0.5,,854.4,,102.0,0,102.0,0
3126,Фруко Шульц Крем де Кассис ликер 0.7л,ЛД110А,Ладога Дистрибьюшен,0.7,,1445.6,,56.0,0,56.0,0
3127,Фруко Шульц Малина ликер 0.7л,ЛД124А,Ладога Дистрибьюшен,0.7,,1445.6,,23.0,0,23.0,0
3128,Фруко Шульц Манго ликер 0.7л,ЛД125А,Ладога Дистрибьюшен,0.7,,1445.6,,16.0,0,16.0,0
3129,Фруко Шульц Маракуйя ликер 0.7л,ЛД133Н,Ладога Дистрибьюшен,0.7,,1445.6,,6.0,0,6.0,0
3131,"Ликер десертный ХАСКИ СЕВЕРНЫЙ БИТТЕР 0,5",ПО055,АСГ,0.5,,776.05,,27.0,0,27.0,0
3134,Такамака Коко ликер 0.7л,АИ1000,АСТ-интернэшнл инваэронмэнт,0.7,,1947.6,,1.0,0,1.0,0
3137,Куантро 0.7л,ДА397,Компания Даско-Трейд ООО,0.7,ПИ,1941.73,,67.0,0,67.0,0
3139,Комбье Крем де Розе ликер 0.7л.,УМ064А,РЕГИОН 50,0.7,,4154.55,,12.0,0,12.0,0
3142,Бехеровка ликер 0.5л,ДА282,Компания Даско-Трейд ООО,0.5,ПИ,1109.89,,81.0,0,81.0,0
3148,Коко Джамбо Кокосовый ликер 0.7л,ЛД136Н,Ладога Дистрибьюшен,0.7,,1065.6,,101.0,0,101.0,0
3149,Фруко Шульц Абрикос Бренди ликер 0.7л,ЛД119,Ладога Дистрибьюшен,0.7,,1445.6,,8.0,0,8.0,0
3150,"Фруко Шульц Биттер 0,7л",ЛД102С,Ладога Дистрибьюшен,0.7,,1171.2,,30.0,0,30.0,0
3151,Фруко Шульц Блю Кюрасао ликер 0.7л,ЛД106А,Ладога Дистрибьюшен,0.7,,1445.6,,34.0,0,34.0,0
3152,Фруко Шульц Бренди Черри ликер 0.7л,ЛД138Н,Ладога Дистрибьюшен,0.7,,1445.6,,69.0,0,69.0,0
3153,Фруко Шульц Грейпфрут ликер 0.7л,ЛД120,Ладога Дистрибьюшен,0.7,,1080.35,,4.0,0,4.0,0
3154,Фруко Шульц Дыня ликер 0.7л,ЛД112Н,Ладога Дистрибьюшен,0.7,,1445.6,,55.0,0,54.0,1.0
3155,Фруко Шульц Ежевика ликер 0.7л,ЛД130,Ладога Дистрибьюшен,0.7,,1445.6,,3.0,0,3.0,0
3156,Фруко Шульц Зелёная Мята ликер 0.7л,ЛД113Н,Ладога Дистрибьюшен,0.7,,1445.6,,7.0,0,7.0,0
3157,Фруко Шульц Зелёное Яблоко ликер 0.7л,ЛД114А,Ладога Дистрибьюшен,0.7,,1445.6,,11.0,0,11.0,0
3158,Фруко Шульц Кофейный ликер 0.7л,ЛД108Н,Ладога Дистрибьюшен,0.7,,1445.6,,88.0,3.0,88.0,0
3159,Фруко Шульц Крем де Банан ликер 0.7л,ЛД115А,Ладога Дистрибьюшен,0.7,,1445.6,,52.0,1.0,52.0,0
3160,Фруко Шульц Крем де Какао Браун ликер 0.7л,ЛД122,Ладога Дистрибьюшен,0.7,,1445.6,,19.0,0,19.0,0
3161,Фруко Шульц Личи ликер 0.7л,ЛД123Н,Ладога Дистрибьюшен,0.7,,1445.6,,8.0,0,8.0,0
3162,Фруко Шульц Манго ликер 0.7л,ЛД125,Ладога Дистрибьюшен,0.7,,1445.6,,23.0,0,23.0,0
3163,Фруко Шульц Персик 0.7л Россия,ЛД111А,Ладога Дистрибьюшен,0.7,,1445.6,,67.0,0,67.0,0
3164,Фруко Шульц Сливочный 0.7л Россия,ЛД100А,Ладога Дистрибьюшен,0.7,,1180.8,,13.0,0,13.0,0
3165,Фруко Шульц Трипл Сек ликер 0.7л,ЛД109А,Ладога Дистрибьюшен,0.7,,1445.6,,266.0,0,261.0,5.0
3168,"Наливка ""СТАНЦИЯ НАЛИВНАЯ СЛИВОВАЯ"" 0,5Л",ЯР051,Берингофф Торговый дом ООО,0.5,,394.29,,84.0,0,84.0,0
3172,"Коктейль ""Бомбей Брамбл"", на основе джина 0.7л 37,5%",БМ800,Бакарди Рус ООО,0.7,,566.0,,9.0,0,9.0,0
3175,"Коктейль ЛЕ ЧОКОЛАТ СО ВКУСОМ ШОКОЛАДА И КАПУЧИНО 0,5л",ПО514,АСГ,0.5,,510.34,,51.0,0,51.0,0
3176,"Плодовый алкогольный напиток сладкий ""Лаветти со вкусом Вермута"" 0,75Л",ЮЗ015,Союз-Вино,0.75,,583.99,,63.0,0,63.0,0
3179,"Косогоров самогон № 5"" 0.5л. 40%",АИ186,АСТ-интернэшнл инваэронмэнт,0.5,,780.98,,15.0,0,15.0,0
3180,Косогоров самогон №2 0.5л,АИ183А,АСТ-интернэшнл инваэронмэнт,0.5,,538.3,,55.0,0,55.0,0
3181,"Спиртной напиток ржаной невыдержанный "" Косогоров самогон №3"" 40% (0.5л.)",АИ184,АСТ-интернэшнл инваэронмэнт,0.5,,538.3,,55.0,0,55.0,0
3183,"Напиток спиртной зерновой дистиллированный пшеничный «Самогон Хлебный Купажъ Органик» 0,5Л",ЛД254П,Ладога Дистрибьюшен,0.5,,1131.0,,11.0,0,11.0,0
3186,Кул Скелетон Ром и Кола газирован 0.45л 9%,ЛД1802,Ладога Дистрибьюшен,0.45,,270.0,,12.0,0,12.0,0
3189,"Настойка горькая Абсолют Персик со вкусом персика 0,75л",ЛЛПИ216,ЛВК & Логистик ООО,0.75,ПИ,1560.26,,37.0,0,37.0,0
3191,"Настойка горькая Ляйбвехтер 0,04л",ММ534,Маруся Бевереджис РУС,0.04,,295.0,,56.0,0,56.0,0
3193,"Ангостура Какао Биттерс настойка 0,1л",АИ1137,АСТ-интернэшнл инваэронмэнт,0.1,,1331.63,,5.0,0,5.0,0
3196,Журавушка домашняя настойка 0.5л.,РК074,МКР ООО,0.5,,416.0,,41.0,0,41.0,0
3197,"Настойка горькая ""ИВАН КУПАЛА МЕДОВАЯ С ПЕРЦЕМ"" 0,5Л",ГЛ504,Евросервис (поставщик),0.5,,410.3,,644.0,0,644.0,0
3201,Белая Березка Алтайская Облепиха горькая настойка 0.5л,ПО141,АСГ,0.5,,727.46,,4.0,0,4.0,0
3202,Белая Березка Белый Налив с Настоем Яблок горькая настойка 0.5л,ПО027,АСГ,0.5,,727.46,,71.0,0,71.0,0
3203,"Настойка горькая БЕЛАЯ БЕРЕЗКА САДОВАЯ ГРУША 0,5л",ПО525,АСГ,0.5,,727.46,,84.0,0,84.0,0
3204,"Настойка полусладкая БЕЛАЯ БЕРЕЗКА АЛТАЙСКАЯ ОБЛЕПИХА 0,5л",ПО155,АСГ,0.5,,727.46,,21.0,0,21.0,0
3205,"Настойка сладкая БЕЛАЯ БЕРЕЗКА АБРИКОСОВАЯ 0,5л",ПО157,АСГ,0.5,,791.8,,173.0,0,173.0,0
3206,"Настойка сладкая БЕЛАЯ БЕРЕЗКА БРУСНИЧНАЯ 0,5л",ПО158,АСГ,0.5,,791.8,,173.0,0,173.0,0
3207,"Настойка горькая ""РЕМЕСЛО ФЕРМЕРА. МЕДОВАЯ ДОМАШНЯЯ"" 0,5л",ПО546,АСГ,0.5,,503.26,,2.0,0,2.0,0
3208,"Настойка сладкая ""ЦАРСКАЯ КРЕПОСТЬ"" ЧЕРНОСЛИВ НА КОНЬЯКЕ 0,5л",ПО545,АСГ,0.5,,334.56,,1.0,0,1.0,0
3209,"Настойка сладкая ЦАРСКАЯ КРЕПОСТЬ КЛЮКВА НА КОНЬЯКЕ 0,5л",ПО527,АСГ,0.5,,334.56,,596.0,0,596.0,0
3211,Настойка сладкая РЕМЕСЛО ФЕРМЕРА ЛИМОННАЯ ПО-ДОМАШНЕМУ 0.5л,ПО376,АСГ,0.5,,493.38,,27.0,0,27.0,0
3212,"Настойка сладкая РЕМЕСЛО ФЕРМЕРА. ДОМАШНЯЯ ЛИМОННАЯ 0,5л",ПО090,АСГ,0.5,,563.64,,36.0,0,36.0,0
3213,Ремесло Фермера Лечо по Домашнему горькая настойка 0.5л,ПО143,АСГ,0.5,,503.26,,2.0,0,2.0,0
3216,БЕЛУГА НОБЛ БОТАНИКАЛС ОГУРЕЦ И МЯТА настойка 0.5л,БЛ257Р,Белуга Маркет Восток,0.5,,1465.0,,39.0,0,39.0,0
3217,Набор БЕЛУГА НОБЛ БОТАНИКАЛС ОГУРЕЦ И МЯТА настойка 0.7л с бокалом в п/у,БЛ1118РБ,Белуга Маркет Восток,0.7,,2647.0,,2.0,0,2.0,0
3220,"Настойка сладкая «ДОКТОР АВГУСТ ВИШНЯ НА КОНЬЯКЕ» 0,5Л",БЛ378С,Белуга Маркет Восток,0.5,,462.0,,1.0,0,1.0,0
3221,"Настойка сладкая Доктор Август Рябина на Коньяке 0,5",БЛ371,Белуга Маркет Восток,0.5,,462.0,,0,1.0,0,0
3222,Настойка сладкая Доктор Август Северная Клюква 0.5л.,БЛ375,Белуга Маркет Восток,0.5,,438.5,,0,1.0,0,0
3224,Капитанский с ромом голд настойка полусладкая 0.5л.,БЛ487А,Белуга Маркет Восток,0.5,,557.0,,18.0,0,18.0,0
3226,"Настойка горькая СТАРКА 0,5л",БС144,КУЛЬТУРА ООО,0.5,,562.61,,286.0,0,286.0,0
3227,Настойка горькая СТАРКА 0.25л.,БС155,КУЛЬТУРА ООО,0.25,,222.15,,30.0,0,30.0,0
3229,"Вильям Лоусонс Супер Спайсд"" 35% 1.0л. РУ",БМ768,Бакарди Рус ООО,1,,2481.04,,10.0,0,10.0,0
3232,"Настойка сладкая ""Клюквенная"" 0.5л. 20%",ЛД055А,Ладога Дистрибьюшен,0.5,,426.25,,953.0,0,953.0,0
3233,Настойка сладкая Рябиновая на коньяке 0.5л. 24%,ЛД056А,Ладога Дистрибьюшен,0.5,,426.25,,616.0,0,616.0,0
3234,"Настойка горькая ""ЗЕРНО МЕД И ПЕРЕЦ"" 0,5Л",ЛД1900,Ладога Дистрибьюшен,0.5,,587.45,,48.0,0,48.0,0
3235,"ПЕННИК ДВОЙНОЙ ПЕРЕГОНКИ ДОМАШНИЙ 0,5л настойка горькая",ЛД1471,Ладога Дистрибьюшен,0.5,,499.7,,6.0,0,6.0,0
3237,Перцовочка горькая настойка 0.5л,ЛД053,Ладога Дистрибьюшен,0.5,,523.9,,939.0,0,939.0,0
3238,ПЕРЦОВОЧКА с МЕДОМ горькая настойка 0.5л,ЛД759,Ладога Дистрибьюшен,0.5,,523.9,,432.0,0,432.0,0
3240,"Настойка сладкая ""Престиж Рябина на коньяке"" 0,5л 24%",ЛД920,Ладога Дистрибьюшен,0.5,,273.21,,16.0,0,16.0,0
3242,Таверн Хаунд МЕД БУРБОН СТАЙЛ на основе виски полусладкая настойка 0.5л,ЛД1299,Ладога Дистрибьюшен,0.5,,595.84,,1.0,0,1.0,0
3243,Таверн Хаунд ЯБЛОКО БУРБОН СТАЙЛ на основе виски полусладкая настойка 0.5л,ЛД1269,Ладога Дистрибьюшен,0.5,,595.84,,2.0,0,2.0,0
3244,Таверн Хаунд ЯБЛОКО с виски БУРБОН СТАЙЛ полусладкая настойка 0.5л,ЛД1269А,Ладога Дистрибьюшен,0.5,,569.99,,0,43.0,0,0
3246,Фоулерс Вишня с виски полусладкая настойка 0.5л,ЛД1159А,Ладога Дистрибьюшен,0.5,,609.15,,39.0,6.0,39.0,0
3247,Фоулерс Груша с виски полусладкая настойка 0.5л,ЛД1793,Ладога Дистрибьюшен,0.5,,609.15,,12.0,0,12.0,0
3248,Фоулерс Персик с виски полусладкая настойка 0.5л,ЛД1237А,Ладога Дистрибьюшен,0.5,,609.15,,7.0,6.0,7.0,0
3250,ЦАРСКАЯ КЕДРОВАЯ БИТТЕР на травах горькая настойка 0.5л,ЛД285,Ладога Дистрибьюшен,0.5,,694.4,,228.0,0,228.0,0
3251,ЦАРСКАЯ ОРИГИНАЛЬНАЯ АБРИКОС ЖИМОЛОСТЬ горькая настойка 0.5л,ЛД1629,Ладога Дистрибьюшен,0.5,,694.4,,2.0,0,2.0,0
3252,ЦАРСКАЯ ОРИГИНАЛЬНАЯ АРБУЗ горькая настойка 0.5л,ЛД1631,Ладога Дистрибьюшен,0.5,,694.4,,68.0,0,68.0,0
3253,ЦАРСКАЯ ОРИГИНАЛЬНАЯ ВАНИЛЬ горькая настойка 0.5л,ЛД1447,Ладога Дистрибьюшен,0.5,,694.4,,158.0,8.0,158.0,0
3254,ЦАРСКАЯ ОРИГИНАЛЬНАЯ ВИШНЯ горькая настойка 0.5л,ЛД1632,Ладога Дистрибьюшен,0.5,,694.4,,8.0,0,8.0,0
3255,ЦАРСКАЯ ОРИГИНАЛЬНАЯ ГРЕЙПФРУТ горькая настойка 0.5л,ЛД390,Ладога Дистрибьюшен,0.5,,694.4,,75.0,0,75.0,0
3256,ЦАРСКАЯ ОРИГИНАЛЬНАЯ ГРЕЙПФРУТ горькая настойка 0.7л,ЛД397,Ладога Дистрибьюшен,0.7,,937.75,,3.0,0,3.0,0
3257,ЦАРСКАЯ ОРИГИНАЛЬНАЯ ГРУША горькая настойка 0.5л,ЛД391,Ладога Дистрибьюшен,0.5,,694.4,,149.0,3.0,149.0,0
3258,ЦАРСКАЯ ОРИГИНАЛЬНАЯ ГУАВА ЛАЙМ горькая настойка 0.5л,ЛД1448,Ладога Дистрибьюшен,0.5,,694.4,,154.0,0,154.0,0
3259,ЦАРСКАЯ ОРИГИНАЛЬНАЯ КЛЮКВА горькая настойка 0.5л,ЛД392,Ладога Дистрибьюшен,0.5,,694.4,,23.0,6.0,23.0,0
3260,ЦАРСКАЯ ОРИГИНАЛЬНАЯ КЛЮКВЕННАЯ горькая настойка 0.5л,ЛД393,Ладога Дистрибьюшен,0.5,,694.4,,78.0,0,78.0,0
3261,ЦАРСКАЯ ОРИГИНАЛЬНАЯ КОКОС горькая настойка 0.5л,ЛД1635,Ладога Дистрибьюшен,0.5,,694.4,,70.0,0,70.0,0
3262,ЦАРСКАЯ ОРИГИНАЛЬНАЯ ЛИМОН горькая настойка 0.7л,ЛД1333,Ладога Дистрибьюшен,0.7,,937.75,,7.0,0,7.0,0
3263,ЦАРСКАЯ ОРИГИНАЛЬНАЯ МАЛИНА горькая настойка 0.5л,ЛД1812,Ладога Дистрибьюшен,0.5,,694.4,,60.0,0,60.0,0
3264,ЦАРСКАЯ ОРИГИНАЛЬНАЯ МАЛИНА горькая настойка 0.7л,ЛД396,Ладога Дистрибьюшен,0.7,,937.75,,85.0,14.0,85.0,0
3265,ЦАРСКАЯ ОРИГИНАЛЬНАЯ МАНГО горькая настойка 0.5л,ЛД1449,Ладога Дистрибьюшен,0.5,,694.4,,30.0,0,29.0,1.0
3266,ЦАРСКАЯ ОРИГИНАЛЬНАЯ ПЕРСИК горькая настойка 0.5л,ЛД1636,Ладога Дистрибьюшен,0.5,,694.4,,67.0,1.0,67.0,0
3267,ЦАРСКАЯ ОРИГИНАЛЬНАЯ СЕВЕРНАЯ ЯГОДА горькая настойка 0.5л,ЛД1450,Ладога Дистрибьюшен,0.5,,694.4,,81.0,0,81.0,0
3268,ЦАРСКАЯ ОРИГИНАЛЬНАЯ СМОРОДИНА 0.05л. 38%,ЛД282,Ладога Дистрибьюшен,0.05,,153.45,,42.0,0,42.0,0
3269,ЦАРСКАЯ ОРИГИНАЛЬНАЯ СМОРОДИНА горькая настойка 0.5л,ЛД394,Ладога Дистрибьюшен,0.5,,694.4,,41.0,0,41.0,0
3270,ЦАРСКАЯ ОРИГИНАЛЬНАЯ СМОРОДИНА горькая настойка 0.7л,ЛД399,Ладога Дистрибьюшен,0.7,,937.75,,45.0,0,45.0,0
3271,ЦАРСКАЯ ОРИГИНАЛЬНАЯ ЧЕРНИКА МОЖЖЕВЕЛЬНИК 0.5л,ЛД1637,Ладога Дистрибьюшен,0.5,,694.4,,15.0,0,15.0,0
3272,ЦАРСКАЯ ОРИГИНАЛЬНАЯ ЯБЛОКО горькая настойка 0.5л,ЛД1639,Ладога Дистрибьюшен,0.5,,694.4,,29.0,0,29.0,0
3273,Царская Пряный перец 0.5л. 35%,ЛД284,Ладога Дистрибьюшен,0.5,,694.4,,6.0,0,6.0,0
3276,Зимняя Деревенька Брусника сладкая настойка 0.5л,СА041,Саранский ЛВЗ ООО,0.5,,374.39,,9.0,0,9.0,0
3277,Настойка Полба бочкова выдержка 0.7л,СА087,Саранский ЛВЗ ООО,0.7,,1628.56,,6.0,0,6.0,0
3278,Настойка Полба на колосках ручного сбора 0.7л,СА086,Саранский ЛВЗ ООО,0.7,,1628.56,,6.0,0,6.0,0
3279,"Настойка полусладкая ""ФОКС ЭНД ДОГС СПАЙСД НА ОСНОВЕ ВИСКИ"" 0,7Л с бокалом",БЛ608,Белуга Маркет Восток,0.7,,1031.0,,0,4.0,0,0
3280,"Настойка сладкая ""ЖИТНИЦА ЛИМОННАЯ"" 0,5Л",ОС005,ОСВЗ АО,0.5,,605.09,,24.0,0,24.0,0
3281,"Настойка сладкая «МИНДАЛЬ НА КОНЬЯКЕ» 0,5Л",ОН073,Прометей,0.5,,353.51,,56.0,0,56.0,0
3283,"Настойка ""Черноплодная с вишней"" сладкая 0.5л.",НЦ198,Национальные Алкогольные Традиции,0.5,,205.39,,1.0,0,1.0,0
3285,"Настойка горькая «БАЙКАЛ НА КЕДРОВЫХ ОРЕШКАХ» 0,5л",ПАК010,ПАК ООО,0.5,,541.63,,1.0,0,1.0,0
3286,"Настойка полусладкая ЕГЕРСКАЯ ТАЕЖНЫЕ ТРАВЫ 0,5л",ПАК003,ПАК ООО,0.5,,539.24,,99.0,0,99.0,0
3288,"Наливка ПИТЕЙНЫЙ ДОМ ДОМАШНЯЯ КЛЮКВЕННАЯ 0,5л.",ПИТ010,Питейный дом ООО,0.5,,364.82,,82.0,72.0,82.0,0
3289,"Настойка горькая ПИТЕЙНЫЙ ДОМ ДОМАШНЯЯ КЕДРОВАЯ 0,5л.",ПИТ011,Питейный дом ООО,0.5,,476.15,,27.0,72.0,27.0,0
3290,"Настойка горькая ПИТЕЙНЫЙ ДОМ ДОМАШНЯЯ КЛЮКВА 0,5л.",ПИТ012,Питейный дом ООО,0.5,,476.15,,116.0,75.0,116.0,0
3291,"Настойка горькая ПИТЕЙНЫЙ ДОМ ДОМАШНЯЯ МЕДОВАЯ С ПЕРЦЕМ 0,5л.",ПИТ013,Питейный дом ООО,0.5,,476.15,,321.0,72.0,321.0,0
3292,"Настойка сладкая ПИТЕЙНЫЙ ДОМ ДОМАШНЯЯ ВИШНЁВАЯ 0,5л.",ПИТ014,Питейный дом ООО,0.5,,364.82,,44.0,30.0,44.0,0
3293,"Настойка сладкая ПИТЕЙНЫЙ ДОМ ДОМАШНЯЯ ЛИМОННАЯ 0,5л.",ПИТ015,Питейный дом ООО,0.5,,373.29,,43.0,60.0,43.0,0
3296,Зеленая марка Красная смородина настойка сладкая 0.5л,ВП021,Руст Россия (РА),0.5,,325.29,,604.0,0,604.0,0
3297,Зеленая марка Лимонная настойка сладкая 0.1л,ВП027,Руст Россия (РА),0.1,,97.91,,306.0,0,306.0,0
3298,Зелёная Марка Лимонная настойка сладкая 0.5л,ВП495,Руст Россия (РА),0.5,,371.26,,681.0,0,681.0,0
3299,Зеленая марка Облепиховая настойка сладкая 0.5л,ВП023,Руст Россия (РА),0.5,,325.29,,618.0,0,618.0,0
3300,Зеленая марка Сливовая настойка сладкая 0.5л,ВП022,Руст Россия (РА),0.5,,325.29,,646.0,0,646.0,0
3302,"Настойка горькая  ТРИ СТАРИКА КЕДРОВАЯ  0,25л.",СОР001,Сордис ООО,0.25,,306.31,,136.0,0,136.0,0
3303,"Настойка горькая  ТРИ СТАРИКА КЕДРОВАЯ  0,5л.",СОР003,Сордис ООО,0.5,,558.37,,131.0,0,131.0,0
3304,Настойка горькая ТРИ СТАРИКА 0.1л,СОР023,Сордис ООО,0.1,,140.37,,252.0,0,252.0,0
3305,Настойка горькая ТРИ СТАРИКА 0.25л,СОР024,Сордис ООО,0.25,,306.31,,60.0,0,60.0,0
3306,Настойка горькая ТРИ СТАРИКА 0.5л алк 35%,СОР002К,Сордис ООО,0.5,,558.37,,194.0,0,194.0,0
3307,"Настойка сладкая ""СОРМОВСКАЯ ГРАНАТ"" 0,5Л",СОР019,Сордис ООО,0.5,,386.99,,132.0,0,132.0,0
3308,"Настойка сладкая ""СОРМОВСКАЯ КЛЮКВА НА КОНЬЯКЕ"" 0,25Л",СОР015,Сордис ООО,0.25,,212.81,,124.0,0,124.0,0
3309,"Настойка сладкая ""СОРМОВСКАЯ КЛЮКВА НА КОНЬЯКЕ"" 0,5Л",СОР016,Сордис ООО,0.5,,386.99,,91.0,0,91.0,0
3310,"Настойка сладкая ""СОРМОВСКАЯ РЯБИНА НА КОНЬЯКЕ"" 0,5Л",СОР017,Сордис ООО,0.5,,386.99,,128.0,0,128.0,0
3311,"Настойка сладкая СОРМОВСКАЯ ВИШНЯ НА КОНЬЯКЕ 0,5Л",СОР018,Сордис ООО,0.5,,386.99,,150.0,0,150.0,0
3312,Талка Таежные ягоды настойка сладкая 0.5л,ВП028,Руст Россия (РА),0.5,,360.28,,432.0,0,432.0,0
3314,"Настойка горькая ""ФИНСКИЙ ЛЕД. ФОРЕСТ НЕЙЧЕРАЛ"" 0,5Л",ЭЛ002,Эльбрус Спиритс ООО,0.5,,518.67,,3747.0,100.0,3747.0,0
3315,"Настойка полусладкая ""ФИНСКИЙ ЛЕД. ЦИТРУС МИКС"" 0,5л",ЭЛ011,Эльбрус Спиритс ООО,0.5,,336.6,,336.0,120.0,336.0,0
3316,"Настойка сладкая ""ДВОРЦОВАЯ КОЛЛЕКЦИЯ РУБИНОВАЯ"" 0,5Л",ЭЛ008,Эльбрус Спиритс ООО,0.5,,333.72,,3.0,0,3.0,0
3317,"Настойка сладкая ""ФИНСКИЙ ЛЕД. МАЛИНА"" 0,5л",ЭЛ006,Эльбрус Спиритс ООО,0.5,,353.43,,147.0,0,147.0,0
3320,Берингофф Лайм горькая настойка 0.5л,ЯР007,Берингофф Торговый дом ООО,0.5,,1044.3,,48.0,0,48.0,0
3321,"Настойка горькая ""ЗЕМСКАЯ РЖАНАЯ НА МЕДУ"" 0,5Л",ЯР044,Берингофф Торговый дом ООО,0.5,,518.04,,1376.0,0,1376.0,0
3322,"Настойка полусладкая ""СТАНЦИЯ НАЛИВНАЯ БРУСНИКА"" 0,5Л",ЯР043,Берингофф Торговый дом ООО,0.5,,488.28,,66.0,0,66.0,0
3323,"Настойка сладкая ""ЛЁН ВИШНЯ И МИНДАЛЬ"" 0,5Л",ЯР048,Берингофф Торговый дом ООО,0.5,,387.26,,52.0,0,52.0,0
3324,"Настойка сладкая ""СТАНЦИЯ НАЛИВНАЯ АРБУЗ"" 0,5Л",ЯР052,Берингофф Торговый дом ООО,0.5,,374.96,,50.0,0,50.0,0
3325,"Настойка сладкая ""СТАНЦИЯ НАЛИВНАЯ КЛЮКВА"" 0,5Л",ЯР049,Берингофф Торговый дом ООО,0.5,,394.29,,75.0,0,75.0,0
3326,"Настойка сладкая замутненная ""ЛЁН ЛИМОН И МЯТА"" 0,5Л",ЯР047,Берингофф Торговый дом ООО,0.5,,387.26,,52.0,0,52.0,0
3327,"Настойка сладкая замутненная ""СТАНЦИЯ НАЛИВНАЯ АБРИКОС"" 0,5Л",ЯР050,Берингофф Торговый дом ООО,0.5,,394.29,,54.0,0,54.0,0
3328,"Настойка сладкая замутненная ""СТАНЦИЯ НАЛИВНАЯ ДЫНЯ"" 0,5Л",ЯР053,Берингофф Торговый дом ООО,0.5,,374.96,,32.0,0,32.0,0
3330,"Настойка полусладкая  Сиббиттер Дикая Кола 0,5л.",ПО087,АСГ,0.5,,529.22,,143.0,0,143.0,0
3331,"Настойка полусладкая СИББИТТЕР МЕД И ТАБАСКО 0,5л",ПО526,АСГ,0.5,,529.22,,67.0,0,67.0,0
3332,"НАСТОЙКА ПОЛУСЛАДКАЯ СИББИТТЕР ЯГОДНЫЙ  0,5 л.",ПО128,АСГ,0.5,,529.22,,42.0,0,42.0,0
3333,Сиббиттер. Кедровая выдержанная 0.5л.,ПО206,АСГ,0.5,,529.22,,1471.0,0,1471.0,0
3334,Сиббиттер. Сибирский мёд с перцем 0.5л.,ПО208,АСГ,0.5,,529.22,,83.0,0,83.0,0
3336,"Настойка горькая Хаски Berry Mix (Ягодный микс) 0,5л",ПО026,АСГ,0.5,,575.84,,671.0,3.0,671.0,0
3339,Аморе со вкусом спелой клубники пивной напиток 0.45л,ВП020Е,Руст Россия (РА),0.45,,102.0,,346.0,24.0,346.0,0
3340,Аморе со вкусом экзотической пина колады пивной напиток 0.45л,ВП019Е,Руст Россия (РА),0.45,,102.0,,734.0,12.0,734.0,0
3342,"НАПИТОК ПИВНОЙ ОРИГИНАЛЬНЫЙ НЕФИЛЬТРОВАННЫЙ ПАСТЕРИЗОВАННЫЙ «ЧЕСТЕР’С ГРЕЙПФРУТ» 0,45л",ЕАГ020Е,ЕАГ Трейд ООО,0.45,,101.93,,1320.0,0,1320.0,0
3343,"Напиток пивной оригинальный полусладкий САНТО СТЕФАНО КОЛЛЕКЦИЯ СИЦИЛИЙСКАЯ СВАДЬБА 0,25Л",ЕАГ024,ЕАГ Трейд ООО,0.25,,133.25,,26.0,0,26.0,0
3344,"Напиток пивной оригинальный фильтрованный пастеризованный белый полусладкий САНТО СТЕФАНО 0,25Л",ЕАГ023,ЕАГ Трейд ООО,0.25,,133.25,,30.0,0,30.0,0
3345,"Напиток пивной оригинальный фильтрованный пастеризованный розовый полусладкий САНТО СТЕФАНО 0,75Л",ЕАГ025,ЕАГ Трейд ООО,0.75,,322.79,,9.0,0,9.0,0
3346,"НАПИТОК ПИВНОЙ ОСОБЫЙ ФИЛЬТРОВАННЫЙ ПАСТЕРИЗОВАННЫЙ САЙДЕР ЧЕСТЕРС ЯБЛОКО 0,45Л",ЕАГ022,ЕАГ Трейд ООО,0.45,,101.93,,100.0,0,100.0,0
3347,"ЧЕСТЕР’С ВИШНЯ НАПИТОК ПИВНОЙ 0,45л.",ЕАГ008Е,ЕАГ Трейд ООО,0.45,,101.93,,1060.0,0,1060.0,0
3348,"ЧЕСТЕР’С ГРУША НАПИТОК ПИВНОЙ 0,45л.",ЕАГ035Е,ЕАГ Трейд ООО,0.45,,101.93,,20.0,0,20.0,0
3349,"ЧЕСТЕР’С СО ВКУСОМ ЕЖЕВИКИ И МЯТЫ НАПИТОК ПИВНОЙ 0,45л.",ЕАГ009Е,ЕАГ Трейд ООО,0.45,,101.93,,760.0,0,760.0,0
3350,"ЧЕСТЕР’С СО ВКУСОМ ПЕРСИКА И АБРИКОСА НАПИТОК ПИВНОЙ 0,45л.",ЕАГ010Е,ЕАГ Трейд ООО,0.45,,101.93,,1080.0,0,1080.0,0
3351,"ЧЕСТЕР’С ЯБЛОКО НАПИТОК ПИВНОЙ 0,45л.",ЕАГ034Е,ЕАГ Трейд ООО,0.45,,101.93,,60.0,0,60.0,0
3352,Релакс Голубая Лагуна со вкусом кюрасао блю пивной напиток 0.33л,ВП016Е,Руст Россия (РА),0.33,,86.66,,2352.0,0,2352.0,0
3353,Релакс Мохито Классик со вкусом лайма лимона и мяты пивной напиток 0.33л,ВП017Е,Руст Россия (РА),0.33,,86.66,,2880.0,0,2880.0,0
3354,Релакс Секс на пляже со вкусом ананаса и апельсина пивной напиток 0.33л,ВП018Е,Руст Россия (РА),0.33,,86.66,,1029.0,0,1029.0,0
3355,Релакс Тропик Майя со вкусом лайма личи и текилы пивной напиток 0.33л,ВП030Е,Руст Россия (РА),0.33,,86.66,,1414.0,0,1414.0,0
3358,Обертрумер Мерцен светлое пиво 0.33л,НП069Е,НП-ИНВЕСТ АО,0.33,,195.0,,83.0,0,83.0,0
3359,Обертрумер Ориджинал БИО Цвикель светлое пиво 0.33л,НП070Е,НП-ИНВЕСТ АО,0.33,,195.0,,84.0,0,84.0,0
3361,Бланш Де Льеж Розе светлое нефильтр пиво 0.33л,НП062Е,НП-ИНВЕСТ АО,0.33,,254.32,,174.0,0,174.0,0
3362,Бланш Де Льеж светлое нефильтр пиво 0.33л,НП063Е,НП-ИНВЕСТ АО,0.33,,233.48,,156.0,0,156.0,0
3363,Валь Дье Блонд светлое нефильтр пиво 0.33л,НП064Е,НП-ИНВЕСТ АО,0.33,,248.17,,162.0,0,162.0,0
3364,Валь Дье Брюн темное нефильтр пиво 0.33л,НП065Е,НП-ИНВЕСТ АО,0.33,,280.29,,162.0,0,162.0,0
3365,Валь Дье Трипль светлое нефильтр пиво 0.33л,НП066Е,НП-ИНВЕСТ АО,0.33,,281.46,,174.0,0,174.0,0
3366,Ст Бернардус АБТ 12 темное нефильтр пиво 0.33л стекло,НП071Е,НП-ИНВЕСТ АО,0.33,,336.64,,168.0,0,168.0,0
3367,Ст Бернардус Вит светлое нефильтр пиво 0.33л стекло,НП072Е,НП-ИНВЕСТ АО,0.33,,243.27,,198.0,0,198.0,0
3368,Ст Бернардус Патер 6 темное нефильтр пиво 0.33л стекло,НП073Е,НП-ИНВЕСТ АО,0.33,,233.48,,216.0,0,216.0,0
3369,Ст Бернардус Приор 8 темное нефильтр пиво 0.33л стекло,НП074Е,НП-ИНВЕСТ АО,0.33,,289.47,,228.0,0,228.0,0
3370,Ст Бернардус Трипель светлое нефильтр пиво 0.33л стекло,НП075Е,НП-ИНВЕСТ АО,0.33,,289.47,,138.0,0,138.0,0
3372,Дингслебенер Лава темное фильтр пиво 0.5л,НП067Е,НП-ИНВЕСТ АО,0.5,,295.92,,128.0,0,128.0,0
3373,Дингслебенер Премиум Хефе Вайсбир светлое нефильтр пиво 0.5л,НП068Е,НП-ИНВЕСТ АО,0.5,,288.37,,152.0,0,152.0,0
3374,"Кирш Бир Вишнёвый Клостер Брой темное фильтрованное 0,5л",НП034Е,НП-ИНВЕСТ АО,0.5,,466.72,,10.0,0,10.0,0
3375,"Пиво светлое пастеризованное фильтрованное Кромбахер Пилс 0,5л",НП085Е,НП-ИНВЕСТ АО,0.5,,238.71,,72.0,0,72.0,0
3376,"Пиво светлое пастеризованное фильтрованное Мёнхс-Пилс (Монашеский Пилс) 0,5л",НП086Е,НП-ИНВЕСТ АО,0.5,,383.11,,20.0,0,20.0,0
3377,"Пиво светлое пастеризованное фильтрованное ШПАТЕН Мюнхнер Хелл 0,5л",НП084Е,НП-ИНВЕСТ АО,0.5,,282.43,,96.0,0,96.0,0
3378,Шленкерла Айхе Допельбок пиво темное 0.5л,НП042Е,НП-ИНВЕСТ АО,0.5,,591.67,,20.0,0,20.0,0
3379,Шленкерла Вайксель пиво светлое 0.5л,НП044Е,НП-ИНВЕСТ АО,0.5,,489.4,,20.0,0,20.0,0
3380,Шленкерла Хелес Лагербир пиво светлое 0.5л.,НП005Е,НП-ИНВЕСТ АО,0.5,,469.4,,40.0,0,40.0,0
3381,Шленкерла Эрле пиво темное 0.5л,НП043Е,НП-ИНВЕСТ АО,0.5,,489.4,,20.0,0,20.0,0
3383,"Асахи Супер Драй 5%  светл фильтр 0,33л",НП078Е,НП-ИНВЕСТ АО,0.33,,175.5,,96.0,0,96.0,0
3384,"Белхевен МакКаллумс Свит Скоттиш Стаут 4,1% темн фильтр. 0,44л",НП080Е,НП-ИНВЕСТ АО,0.44,,219.7,,48.0,0,48.0,0
3385,"Гиннесс Драфт Стаут 4,2% темн фильтр. 0,44л",НП081Е,НП-ИНВЕСТ АО,0.44,,290.38,,252.0,0,252.0,0
3386,"Гролш Премиум Пилснер 5% светл фильтр  0,5л",НП082,НП-ИНВЕСТ АО,0.5,,175.5,,0,48.0,-24.0,0
3388,"Хофброй Мюнхнер Вайс 5,1% светл нефильтр. 0,5л",НП077Е,НП-ИНВЕСТ АО,0.5,,297.7,,120.0,0,120.0,0
3389,"Хофброй Оригинал 5,1% светл фильтр 0,5л",НП076Е,НП-ИНВЕСТ АО,0.5,,334.44,,220.0,0,220.0,0
3394,"Алкогольная продукция плодовая белая полусладкая «Веди Алко» Айва 0,75Л",ВЕД015,Вериго ООО,0.75,,609.48,,5.0,0,5.0,0
3396,АРАМЭ ВИШНЯ полусладкая 0.75л,ЕК009,АЛЬФА ЭКО,0.75,,600.25,,96.0,0,96.0,0
3397,АРАМЭ ГРАНАТ полусладкая 0.75л,ЕК010,АЛЬФА ЭКО,0.75,,934.2,,270.0,0,270.0,0
3398,АРАМЭ ЕЖЕВИКА полусладкая 0.75л,ЕК013,АЛЬФА ЭКО,0.75,,934.2,,147.0,0,147.0,0
3399,АРАМЭ МАЛИНА полусладкая 0.75л,ЕК012,АЛЬФА ЭКО,0.75,,934.2,,153.0,0,153.0,0
3400,"Плодовая алкогольная продукция полусладкая ""Дерево жизни"" Абрикос"" 0,75Л",ПШ073,,0.75,,876.15,,18.0,0,18.0,0
3402,"Плодовая алкогольная продукция полусладкая ""Дерево жизни"" Гранат с Айвой"" 0,75Л",ПШ071,,0.75,,876.15,,15.0,0,15.0,0
3403,"Плодовая алкогольная продукция полусладкая ""Дерево жизни"" Ежевика"" 0,75Л",ПШ070,,0.75,,678.31,,6.0,24.0,6.0,0
3404,"Плодовая алкогольная продукция полусладкая ""Дерево жизни"" Ягодный микс"" 0,75Л",ПШ069,,0.75,,876.15,,7.0,0,7.0,0
3406,365 АБРИКОС полусладкая 0.75л п/у,ЕК073,АЛЬФА ЭКО,0.75,,991.22,,4.0,0,4.0,0
3407,365 АЙВА полусладкая 0.75л п/у,ЕК075,АЛЬФА ЭКО,0.75,,991.22,,29.0,0,29.0,0
3408,365 ВИШНЯ полусладкая 0.75л п/у,ЕК076,АЛЬФА ЭКО,0.75,,991.22,,28.0,0,28.0,0
3409,365 КИЗИЛ полусладкая 0.75л п/у,ЕК056,АЛЬФА ЭКО,0.75,,991.22,,33.0,0,33.0,0
3410,365 КИЗИЛ полусладкая п/у 0.75л,ЕК056Г,АЛЬФА ЭКО,0.75,,991.22,,1.0,0,1.0,0
3413,Гранатовый Цветок плодовое вино 0.75л,ВШ027,ВИЛАШ-КШВ ООО,0.75,,378.0,,884.0,0,884.0,0
3414,Цветок Вишни сладкая 0.75л,ВШ054,ВИЛАШ-КШВ ООО,0.75,,378.0,,75.0,30.0,75.0,0
3415,Цветок Ежевики плодовое вино 0.75л,ВШ028,ВИЛАШ-КШВ ООО,0.75,,378.0,,917.0,30.0,917.0,0
3417,"Плодовая алкогольная продукция полусладкая ""КРАСНА ЯГОДА. КЛЮКВА КРЕПКАЯ"" 0,5Л",ЭЛ004,Эльбрус Спиритс ООО,0.5,,293.0,,139.0,120.0,138.0,0
3418,"Плодовая алкогольная продукция полусладкая ""КРАСНА ЯГОДА. РЯБИНА КРЕПКАЯ"" 0,5л",ЭЛ005,Эльбрус Спиритс ООО,0.5,,293.0,,824.0,240.0,824.0,0
3421,Порто Круз Спешл Резерв 0.75л,ЛД1714,Ладога Дистрибьюшен,0.75,,2430.45,,3.0,0,3.0,0
3425,Копке Лейт Боттлед Винтедж Порто 0.75л.,ЛД353С,Ладога Дистрибьюшен,0.75,,4558.75,,6.0,0,6.0,0
3426,Копке Порто 10 лет марочное портвейн п/у 0.75л,ЛД354А,Ладога Дистрибьюшен,0.75,,5448.0,,3.0,0,3.0,0
3427,Копке Резерв Тони Порто портвейн 0.75л.,ЛД351В,Ладога Дистрибьюшен,0.75,,3116.8,,9.0,0,9.0,0
3428,Копке Файн Руби Порто марочное портвейн 0.75л,ЛД350Б,Ладога Дистрибьюшен,0.75,,2313.6,,33.0,0,33.0,0
3429,Копке Файн Тони Порто марочное портвейн 0.75л,ЛД356С,Ладога Дистрибьюшен,0.75,,2313.6,,8.0,0,8.0,0
3430,Копке Файн Уайт Порто марочное портвейн 0.75л,ЛД352Б,Ладога Дистрибьюшен,0.75,,2313.6,,53.0,0,53.0,0
3432,Трес Аркуш Руби Порто марочное портвейн 0.75л,ЛД173А,Ладога Дистрибьюшен,0.75,,1787.2,,8.0,0,8.0,0
3433,Трес Аркуш Тони Порто марочное портвейн 0.75л,ЛД174А,Ладога Дистрибьюшен,0.75,,1787.2,,35.0,0,35.0,0
3434,Портвейн Черчилль'с Резерв Порт красный 0.75л,ФР131,Форт Виноторговая компания,0.75,,4648.52,,1.0,0,1.0,0
3435,Портвейн Черчилль'с Тони Порт красный 0.75л,ФР133,Форт Виноторговая компания,0.75,,3175.33,,2.0,0,2.0,0
3436,Портвейн Черчилль'с Файн Руби Порт красный 0.75л,ФР132,Форт Виноторговая компания,0.75,,3175.33,,5.0,0,5.0,0
3438,Глория Вайт 0.75л.,ПС065,СВАМ Групп,0.75,,1352.94,,1.0,0,1.0,0
3442,Маунт Гай Блэк Барэл выдержанный 0.7л. 43%,РМ667,Руст Россия (РА),0.7,,3602.22,,16.0,0,16.0,0
3443,Ром ДУРЛИС выдержка 5 лет 0.7л,ММ543,Маруся Бевереджис РУС,0.7,,3287.0,,1.0,0,1.0,0
3444,Ром ДУРЛИС ХО 0.7 п/у,ММ544,Маруся Бевереджис РУС,0.7,,4702.0,,4.0,0,4.0,0
3446,Ром Ламас Сигар Рум Дабл Каск 0.75л,АИ1280,АСТ-интернэшнл инваэронмэнт,0.75,,3895.29,,6.0,0,6.0,0
3449,"Спиртной напиток на основе рома ""Дэд Мэн'с Фингерс Травяной Ром"" 0.7л.",АР064,Альтаир групп,0.7,,1819.57,,0,2.0,0,0
3450,"Дэд Мэн'с Фингерс со вкусом Кокоса 37,5%  0,7",АР633,Альтаир групп,0.7,,2791.27,,0,13.0,0,0
3452,Капитан Морган Оригинальный Пряный 0.05л,ЛИ103,ЛВК & Логистик ООО,0.05,ПИ,322.0,,18.0,0,18.0,0
3453,Капитан Морган Темный ром 0.7л.,ТЛ105,Ритейл Логистик ООО,0.7,ПИ,1248.03,,17.0,0,17.0,0
3454,Капитан Морган Уайт 1.0л,ДА354,Компания Даско-Трейд ООО,1,ПИ,1698.26,,7.0,0,7.0,0
3455,"Ром невыдержанный Капитан Морган Темный 0,7л",ДА179,Компания Даско-Трейд ООО,0.7,ПИ,1356.11,,12.0,0,12.0,0
3456,"Ром невыдержанный Капитан Морган Темный 0,7л + стакан",ДА179С,Компания Даско-Трейд ООО,0.7,ПИ,1356.11,,12.0,0,12.0,0
3457,"Спиртной напиток прочий ""КАПИТАН МОРГАН ОРИГИНАЛЬНЫЙ ПРЯНЫЙ ЗОЛОТОЙ"" 35% 0.7л",НТ214,Ритейл Логистик ООО,0.7,ПИ,1385.75,,1.0,0,1.0,0
3458,Ямайский Капитан Морган 0.7л.,ДР414,Д Дистрибьюшен,0.7,ПИ,1695.89,,3.0,0,3.0,0
3460,"Мезан Гайана 2011 0,7 п/у",ММ548,Маруся Бевереджис РУС,0.7,,8424.0,,5.0,0,5.0,0
3461,РОМ выдержанный «Мезан Чирики» в п/у 0.7л.,ММ498,Маруся Бевереджис РУС,0.7,,3580.0,,4.0,0,4.0,0
3464,Дипломатико Резерва Эксклюзива ром 0.7л п/у,АИ178О,АСТ-интернэшнл инваэронмэнт,0.7,,4096.58,,10.0,0,10.0,0
3467,"Закапа Сэнтэнарио Солера Гран Резерва 23 1,0л. п/у",АИ1028,АСТ-интернэшнл инваэронмэнт,1,ПИ,6057.45,,15.0,0,15.0,0
3468,Закапа Сэнтэнарио ХО Солера Гран Резерва Эспесиаль 40% 0.75л п/у,АИ295Л,АСТ-интернэшнл инваэронмэнт,0.75,ПИ,10098.73,,1.0,0,1.0,0
3471,Барсело Аньехо выдержанный ром 0.5л,БЛ228,Белуга Маркет Восток,0.5,,1735.0,,0,18.0,0,0
3472,Барсело Бланко выдержанный ром 0.5 Россия,БЛ236А,Белуга Маркет Восток,0.5,,1504.0,,0,12.0,0,0
3473,Барсело Гран Аньехо темный выдержанный ром 0.7л,БЛ951,Белуга Маркет Восток,0.7,,2677.0,,21.0,0,21.0,0
3474,Барсело Гран Аньехо темный выдержанный ром 0.7л + 2 стакана,БЛ951С,Белуга Маркет Восток,0.7,,2987.0,,3.0,0,3.0,0
3475,Барсело Империал выдержанный 0.7 п/у алк. 38%,БЛ953М,Белуга Маркет Восток,0.7,,4072.0,,15.0,0,15.0,0
3476,"Ром выдержанный ""Барсело Дорадо"" 1,0Л",БЛ235Л,Белуга Маркет Восток,1,,2850.0,,17.0,0,17.0,0
3478,Пунта Кана Клаб Муй Вьехо 7 лет 0.7л,АИ1357,АСТ-интернэшнл инваэронмэнт,0.7,,1932.73,,6.0,0,6.0,0
3479,Ром Пунта Кана Клаб Блэк 0.7л,АИ1284,АСТ-интернэшнл инваэронмэнт,0.7,,6040.71,,1.0,0,1.0,0
3480,Ром Пунта Кана Клаб Вьехо 0.7л,АИ1263,АСТ-интернэшнл инваэронмэнт,0.7,,1606.5,,7.0,0,7.0,0
3481,Ром Пунта Кана Клаб Силвер Драй 0.7л,АИ1262,АСТ-интернэшнл инваэронмэнт,0.7,,1936.64,,26.0,0,26.0,0
3482,Ром Пунта Кана Клаб Эсплендидо 0.7л,АИ1354,АСТ-интернэшнл инваэронмэнт,0.7,,2763.59,,6.0,0,6.0,0
3484,СТИЛ ДРАМ золотой ром 0.75л,ОМ285,ТОРГОВЫЙ ДОМ АРОМА,0.75,,1017.0,,7.0,0,7.0,0
3487,Мятеж выдержанный ром 0.7л,НЦ022,Национальные Алкогольные Традиции,0.7,,864.45,,21.0,0,21.0,0
3488,Ром Марама Оригинальный Спайсед Индонезия 0.7л п/у,ФР062,Форт Виноторговая компания,0.7,,7356.01,,12.0,0,12.0,0
3489,Ром Марама Оригинальный Спайсед Филиппины 0.7л п/у,ФР063,Форт Виноторговая компания,0.7,,7356.01,,2.0,0,2.0,0
3492,Бакарди Карта Бланка 0.7л. невыдержанный Италия,БМ410И,Бакарди Рус ООО,0.7,,1507.97,,3.0,0,3.0,0
3494,Ла Круз Спайсд ром 0.7л,ДМ1050,Денвью Лимитэд АО,0.7,,2307.02,,3.0,0,3.0,0
3497,Вьехо де Кальдас 3 года ром 0.7л,ЛД376А,Ладога Дистрибьюшен,0.7,,1755.2,,10.0,0,10.0,0
3498,Вьехо де Кальдас Гран Резерва Эспесьяль 15 лет ром 0.7л п/у,ЛД377А,Ладога Дистрибьюшен,0.7,,3552.0,,11.0,0,11.0,0
3499,Вьехо де Кальдас Карта де Оро 8 лет ром 0.7л п/у,ЛД378А,Ладога Дистрибьюшен,0.7,,2457.6,,38.0,0,38.0,0
3500,Вьехо де Кальдас Робле Бланко ром 0.7л,ЛД1090,Ладога Дистрибьюшен,0.7,,1673.6,,95.0,2.0,95.0,0
3503,Гавана Клаб Аньехо 3 года ром 0.7л,ЛИ056,ЛВК & Логистик ООО,0.7,ПИ,1675.84,,4.0,0,4.0,0
3504,Гавана Клуб Аньехо 3 года 0.05л,ТЛ405,Ритейл Логистик ООО,0.05,,297.85,,24.0,0,24.0,0
3505,Гавана Клуб Аньехо Эспесиаль ром 0.5л,ДА290,Компания Даско-Трейд ООО,0.5,ПИ,1452.08,,30.0,0,30.0,0
3506,"Ром ГАВАНА КЛУБ ОРИДЖИНАЛ АНЬЕХО 3 ГОДА 0,7л",ДА284Н,Компания Даско-Трейд ООО,0.7,ПИ,1290.92,,177.0,0,177.0,0
3507,"Ром ГАВАНА КЛУБ ОРИДЖИНАЛ АНЬЕХО 7 ЛЕТ 0,7л",ДА356,Компания Даско-Трейд ООО,0.7,ПИ,2591.47,,56.0,0,56.0,0
3508,"Ром ГАВАНА КЛУБ ЭСПЕСИАЛЬ 0,7л",ДА376,Компания Даско-Трейд ООО,0.7,ПИ,1801.18,,21.0,0,21.0,0
3510,"Легендарио Агурдиентэ Де Кана Натураль 0,7л",УМ111,РЕГИОН 50,0.7,,2704.1,,14.0,0,14.0,0
3511,Легендарио Аньехо Бланко ром выдержанный 40% 0.7л.,УМ025,РЕГИОН 50,0.7,,2694.86,,5.0,0,5.0,0
3512,Легендарио Рон Аньехо Оро спиртной напиток 38% 0.7л,УМ185,РЕГИОН 50,0.7,,3878.19,,6.0,0,6.0,0
3513,Легендарио Рон Аньехо ром выдержанный 40% 0.7л.,УМ026,РЕГИОН 50,0.7,,3878.19,,3.0,0,3.0,0
3515,Лэйзи Додо Сингл Истейт П/У 0.7л.,ЛД1033П,Ладога Дистрибьюшен,0.7,,4715.2,,3.0,0,3.0,0
3517,"Ликер десертный Мандалай Кофейный Ликер 1,0л",ГЛ211,Евросервис (поставщик),1,,2486.3,,87.0,0,87.0,0
3518,"Ром Карибский Мандалай 1,0л",ГЛ210,Евросервис (поставщик),1,,2810.26,,88.0,0,88.0,0
3519,"Ром Мандалай Экспорт Выдержка 3 года 1,0л",ГЛ209,Евросервис (поставщик),1,,3357.46,,83.0,0,83.0,0
3521,Бэнкс 5 ром 43% 0.7л.,БМ1009,Бакарди Рус ООО,0.7,,3551.89,,4.0,0,4.0,0
3522,Мезан Доминиканская Республика 2012 ром 0.7л. п/у,ММ537,Маруся Бевереджис РУС,0.7,,7409.0,,10.0,0,10.0,0
3523,"Мезан Ямайка Х.О. 40%, 0.7л в п/у",ММ405ПГ,Маруся Бевереджис РУС,0.7,,3740.0,,1.0,0,1.0,0
3524,"Мезан Ямайка Х.О. 40%, 0.7л в п/у",ММ405П,Маруся Бевереджис РУС,0.7,,3740.0,,1.0,0,1.0,0
3527,АРМАТОР БЕЛЫЙ ром 0.7л,ЛД1523,Ладога Дистрибьюшен,0.7,,1032.3,,169.0,0,169.0,0
3528,АРМАТОР ЗОЛОТОЙ ром 0.05л,ЛД1615,Ладога Дистрибьюшен,0.05,,187.59,,3.0,0,3.0,0
3529,АРМАТОР ЗОЛОТОЙ ром 0.5л,ЛД1553,Ладога Дистрибьюшен,0.5,,736.25,,207.0,0,207.0,0
3530,Барсело Дорадо 37.5% 0.7л Россия,БЛ952М,Белуга Маркет Восток,0.7,,2057.0,,48.0,0,48.0,0
3532,Девилс Айленд Бланко ром 0.7л,БЛ1133,Белуга Маркет Восток,0.7,,1203.0,,0,252.0,0,0
3534,"Коктейль РУМБАРУМ СПАЙСД С РОМОМ 0,7л",ПО529,АСГ,0.7,,1115.91,,324.0,0,324.0,0
3535,"Ром выдержанный РУМБАРУМ ДАРК АНЬЕХО 0,7л",ПО530,АСГ,0.7,,1575.68,,73.0,0,73.0,0
3537,Кул Скелетон Кокос ромовый напиток 0.7л,ЛД1736А,Ладога Дистрибьюшен,0.7,,906.75,,13.0,0,13.0,0
3538,Кул Скелетон ром невыдерж 0.7л алк 38%,ЛД1740А,Ладога Дистрибьюшен,0.7,,1038.5,,54.0,0,54.0,0
3540,Оакхарт Ориджинал ромовый напиток 0.25л,БМ134,Бакарди Рус ООО,0.25,,669.08,,157.0,0,157.0,0
3541,Оакхарт Ориджинал ромовый напиток 0.5л,БМ130,Бакарди Рус ООО,0.5,,1473.72,,40.0,0,40.0,0
3542,Оакхарт Ориджинал ромовый напиток 0.7л,БМ131,Бакарди Рус ООО,0.7,,1977.82,,431.0,4.0,431.0,0
3543,Оакхарт Ориджинал ромовый напиток 1.0л,БМ132,Бакарди Рус ООО,1,,2757.6,,200.0,0,200.0,0
3545,Такамака Зепис Креол Ром 0.7л. п/у,АИ1002,АСТ-интернэшнл инваэронмэнт,0.7,,4123.41,,1.0,0,1.0,0
3546,Такамака Зепис Креол Ром 0.7л. п/у,АИ1002Г,АСТ-интернэшнл инваэронмэнт,0.7,,4123.41,,1.0,0,1.0,0
3547,Такамака Оверпрув Ром 0.7л.,АИ1006,АСТ-интернэшнл инваэронмэнт,0.7,,3061.87,,2.0,0,2.0,0
3548,Такамака Экстра Нуар Ром 0.7л. п/у,АИ1035,АСТ-интернэшнл инваэронмэнт,0.7,,3316.61,,1.0,0,1.0,0
3549,Такамака Экстра Нуар Ром 0.7л. п/у,АИ1035Г,АСТ-интернэшнл инваэронмэнт,0.7,,3316.61,,2.0,0,2.0,0
3552,Негрита Аньехо Резерв ром 0.7л,ЛД1305А,Ладога Дистрибьюшен,0.7,,2214.4,,11.0,0,11.0,0
3553,Негрита Уайт Сигначе ром 0.7л,ЛД189А,Ладога Дистрибьюшен,0.7,,2099.2,,21.0,0,21.0,0
3554,Негрита Уайт Сигначе ром 1.0л,ЛД179А,Ладога Дистрибьюшен,1,,2888.0,,15.0,0,15.0,0
3556,Плантерей Ориджинал Дарк выдержанный ром 0.7л,БЛ399,Белуга Маркет Восток,0.7,,2987.0,,0,6.0,0,0
3559,"Акаши Тай Дзюнмай Гиндзё Спарклинг Саке 0,3",ММ549,Маруся Бевереджис РУС,0.3,,3080.0,,22.0,0,22.0,0
3560,Акаши Тай Дзюнмай Гиндзё Спарклинг Саке 0.72л,ММ030,Маруся Бевереджис РУС,0.72,,5000.0,,13.0,0,13.0,0
3561,Акаши-Тай Хонджозо Токубетсу 0.72л,ММ093А,Маруся Бевереджис РУС,0.72,,4350.0,,3.0,0,3.0,0
3562,Акаши-Тай Ширауме Гиндзё Умэсю 0.5л,ММ018,Маруся Бевереджис РУС,0.5,,4350.0,,15.0,0,15.0,0
3565,Донья Эстефания Айсти Бьянко сидр полусладкий газ 0.75л,ПВ372Е,ПРЕМЬЕР-ВИН,0.75,,293.22,,52.0,0,52.0,0
3566,Донья Эстефания Черная Смородина сидр сладкий газ 0.75л,ПВ376Е,ПРЕМЬЕР-ВИН,0.75,,313.21,,87.0,0,87.0,0
3567,Донья Эстефания Яблоко сидр полусладкий газ 0.75л,ПВ374Е,ПРЕМЬЕР-ВИН,0.75,,313.21,,257.0,0,257.0,0
3568,Донья Эстефания Яблоко сидр полусухой газ 0.75л,ПВ375Е,ПРЕМЬЕР-ВИН,0.75,,313.21,,677.0,0,677.0,0
3570,"Сидр белый полусладкий  САНТО СТЕФАНО  0,75л.",ЕАГ001Е,ЕАГ Трейд ООО,0.75,,322.79,,1623.0,120.0,1623.0,0
3571,"Сидр красный полусладкий САНТО СТЕФАНО  0,75л.",ЕАГ002Е,ЕАГ Трейд ООО,0.75,,322.79,,2424.0,120.0,2423.0,0
3572,"Сидр САНТО СТЕФАНО АПЕРИНИ ШПРИЦ полусладкий 0,75л.",ЕАГ013Е,ЕАГ Трейд ООО,0.75,,322.79,,839.0,0,839.0,0
3573,"Сидр САНТО СТЕФАНО КОЛЛЕКЦИЯ РИМСКИЕ КАНИКУЛЫ полусладкий  0,75л.",ЕАГ011Е,ЕАГ Трейд ООО,0.75,,322.79,,606.0,0,606.0,0
3574,"Сидр САНТО СТЕФАНО КОЛЛЕКЦИЯ СИЦИЛИЙСКАЯ СВАДЬБА  полусладкий 0,75л.",ЕАГ012Е,ЕАГ Трейд ООО,0.75,,322.79,,2666.0,72.0,2666.0,0
3575,"Сидр САНТО СТЕФАНО полусухой 0,75л.",ЕАГ014Е,ЕАГ Трейд ООО,0.75,,322.79,,207.0,0,207.0,0
3576,"Сидр САНТО СТЕФАНО розовый полусладкий  0,75л.",ЕАГ015Е,ЕАГ Трейд ООО,0.75,,322.79,,683.0,120.0,683.0,0
3577,"Сидр фруктовый ароматизированный особый газированный белый полусладкий САНТО СТЕФАНО 0,25Л",ЕАГ027,ЕАГ Трейд ООО,0.25,,133.25,,2254.0,0,2254.0,0
3578,"Сидр фруктовый ароматизированный особый газированный красный полусладкий САНТО СТЕФАНО 0,25Л",ЕАГ028,ЕАГ Трейд ООО,0.25,,133.25,,2254.0,0,2254.0,0
3579,"Сидр фруктовый ароматизированный особый газированный розовый полусладкий САНТО СТЕФАНО 0,25Л",ЕАГ029,ЕАГ Трейд ООО,0.25,,133.25,,3071.0,0,3071.0,0
3580,Рустик сидр газ полусладкий 0.45л.,ЛД1318Н,Ладога Дистрибьюшен,0.45,,319.0,,2.0,0,2.0,0
3581,Сидр Кокетка белый полусладкий 0.75л,НЦ035,Национальные Алкогольные Традиции,0.75,,196.48,,6.0,0,6.0,0
3582,Сидр Кокетка розовый полусладкий 0.75л,НЦ034,Национальные Алкогольные Традиции,0.75,,196.48,,6.0,0,6.0,0
3583,Сидр Лаветти Ванилла 0.25л,ЮЗ002Е,Союз-Вино,0.25,,109.8,,93.0,0,93.0,0
3584,Сидр Лаветти Классико 0.25л,ЮЗ001Е,Союз-Вино,0.25,,109.8,,144.0,0,144.0,0
3585,Сидр Лаветти Ред Квин 0.25л,ЮЗ003Е,Союз-Вино,0.25,,109.8,,108.0,0,108.0,0
3586,Сидр Лаветти Розе 0.25л,ЮЗ004Е,Союз-Вино,0.25,,109.8,,96.0,0,96.0,0
3587,Сидр Николя Жардинье Вишня 0.33л ж/б,ВШ050Е,ВИЛАШ-КШВ ООО,0.33,,126.9,,46.0,0,46.0,0
3588,Сидр Николя Жардинье Гранат 0.33л ж/б,ВШ051Е,ВИЛАШ-КШВ ООО,0.33,,126.9,,360.0,0,360.0,0
3589,Сидр Николя Жардинье Груша 0.33л ж/б,ВШ052Е,ВИЛАШ-КШВ ООО,0.33,,126.9,,132.0,0,132.0,0
3590,Сидр Николя Жардинье Яблоко 0.33л ж/б,ВШ053Е,ВИЛАШ-КШВ ООО,0.33,,126.9,,86.0,0,85.0,0
3591,"Сидр сладкий пастеризованный фильтрованный ""Лаветти вкусом Аперино"" 0,25л",ЮЗ010Е,Союз-Вино,0.25,,116.94,,24.0,0,24.0,0
3592,"Сидр сладкий пастеризованный фильтрованный ""Лаветти со вкусом Беллини"" 0,25Л",ЮЗ017,Союз-Вино,0.25,,116.94,,37.0,0,37.0,0
3593,"Сидр сладкий пастеризованный фильтрованный ""Лаветти со вкусом Малибу Шпритц"" 0,25Л",ЮЗ018,Союз-Вино,0.25,,116.94,,36.0,0,36.0,0
3594,"Сидр сладкий пастеризованный фильтрованный ""Лаветти со вкусом Пина Колада"" 0,25л",ЮЗ011Е,Союз-Вино,0.25,,116.94,,36.0,0,36.0,0
3597,"Спиртной напиток прочий ""Поздравительный Миндаль"" 5 лет выдержки со вкусом миндаля 0,5Л",ПШ067,,0.5,,863.5,,42.0,0,42.0,0
3600,"Спиртной напиток Ракия Брояница со вкусом груши 0,5л",МС308,Мистраль алко,0.5,,578.35,,49.0,0,49.0,0
3601,"Спиртной напиток Ракия Брояница со вкусом сливы 0,5л",МС309,Мистраль алко,0.5,,578.35,,53.0,0,53.0,0
3604,Люксардо Кирш спиртной напиток 40% 0.5л.,УМ013А,РЕГИОН 50,0.5,,2746.86,,9.0,0,9.0,0
3605,"Люксардо Сауэр Черри Джин 0,7л",УМ018А,РЕГИОН 50,0.7,,2427.33,,7.0,0,7.0,0
3606,"Люксардо Фернет спитной напиток 0,75",УМ015А,РЕГИОН 50,0.75,,2785.0,,11.0,0,11.0,0
3609,"Легендарио Элексир Де Куба спиртной напиток 0,7",УМ028А,РЕГИОН 50,0.7,,3280.75,,5.0,0,5.0,0
3612,Текила Эль Текиленьо Бланко 0.5л,АИ1320,АСТ-интернэшнл инваэронмэнт,0.5,,2658.83,,12.0,0,12.0,0
3614,Фокс энд Догс со вкусом яблочного пирога 0.70 л,БЛ240,Белуга Маркет Восток,0.7,,1031.0,,0,12.0,0,0
3617,"Спиртной напиток Дэд Мэн'с Фингерс Текила Репосадо 0,7л",АР841,Альтаир групп,0.7,,2122.36,,0,50.0,0,0
3619,Виски Олд Хантерс Резерв №4 0.7л,АИ1131,АСТ-интернэшнл инваэронмэнт,0.7,,2596.52,,2.0,0,2.0,0
3621,Сакэ Хондзёдзо Каратамба 0.72л,АИ234А,АСТ-интернэшнл инваэронмэнт,0.72,,2106.0,,1.0,0,1.0,0
3624,Дон Хулио Аньехо 0.75 п/у,АИ307А,АСТ-интернэшнл инваэронмэнт,0.75,ПИ,6695.65,,7.0,0,7.0,0
3625,Дон Хулио Аньехо 0.75 п/у,АИ307АГ,АСТ-интернэшнл инваэронмэнт,0.75,ПИ,6402.28,,1.0,0,1.0,0
3626,Дон Хулио Бланко 0.75л,ТЛ369,Ритейл Логистик ООО,0.75,ПИ,4828.85,,1.0,0,0,0
3627,Дон Хулио Бланко 0.75л,ЛИ094,ЛВК & Логистик ООО,0.75,ПИ,4945.0,,16.0,0,16.0,0
3628,Текила Дон Хулио Бланко 0.75л,АИ1335,АСТ-интернэшнл инваэронмэнт,0.75,ПИ,6313.41,,1.0,0,1.0,0
3629,Текила Дон Хулио Репосадо 0.75л,АИ1336,АСТ-интернэшнл инваэронмэнт,0.75,ПИ,7226.96,,1.0,0,1.0,0
3632,Дон Алехандро Силвер текила 1.0л,ЛД097Н,Ладога Дистрибьюшен,1,,2445.9,,49.0,0,49.0,0
3634,Мескаль Гранд Мескаль Ла Эскондида 100% Агава текила п/у 40% 0.7л,ЛД252,Ладога Дистрибьюшен,0.7,,6355.28,,2.0,0,2.0,0
3636,Ольмека Голд текила 0.7л,ДА274,Компания Даско-Трейд ООО,0.7,ПИ,2056.89,,91.0,0,91.0,0
3637,Ольмека Сильвер текила 0.7л,ЧД052,Логистик Эл-Си ООО,0.7,ПИ,1716.98,,62.0,0,62.0,0
3638,Ольмека Сильвер текила 0.7л,ДА225,Компания Даско-Трейд ООО,0.7,ПИ,1579.47,,375.0,0,375.0,0
3639,Ольмека Сильвер текила 0.7л п/у + 2 шота,ЧД052НГ,Логистик Эл-Си ООО,0.7,,2244.32,,2.0,0,2.0,0
3640,Ольмека Сильвер текила 0.7л п/у с двумя шотами,ЧД052Н,Логистик Эл-Си ООО,0.7,ПИ,2125.43,,58.0,0,58.0,0
3641,"Спиртной напиток Текила Ольмека Альтос Плата 0,7л",ДА372,Компания Даско-Трейд ООО,0.7,ПИ,2685.02,,3.0,0,3.0,0
3642,"Спиртной напиток Текила Ольмека Альтос Репосадо 0,7л",ДА373,Компания Даско-Трейд ООО,0.7,ПИ,2694.59,,4.0,0,4.0,0
3644,Текила Патрон Аньехо 0.75л п/у,БМ1001Н,Бакарди Рус ООО,0.75,,7156.47,,12.0,0,12.0,0
3645,Текила Патрон Репосадо 0.75л п/у,БМ1002Н,Бакарди Рус ООО,0.75,,6440.69,,15.0,0,15.0,0
3646,Текила Патрон Сильвер 0.75л п/у,БМ1003Н,Бакарди Рус ООО,0.75,,5724.89,,52.0,1.0,52.0,0
3648,Ранчо Алегре Бланко текила 0.7л,ЛД090А,Ладога Дистрибьюшен,0.7,,2168.45,,116.0,0,116.0,0
3649,Ранчо Алегре Репосадо текила 0.7л,ЛД300А,Ладога Дистрибьюшен,0.7,,2296.0,,64.0,0,64.0,0
3651,Агавита Бланко текила 0.7л,БЛ226,Белуга Маркет Восток,0.7,,2677.0,,0,276.0,0,0
3652,Лос Корралес Сильвер текила 0.7л,ТЛ372,Ритейл Логистик ООО,0.7,ПИ,1400.4,,43.0,0,43.0,0
3653,Текила Канитца Сильвер 0.7л,ДА411,Компания Даско-Трейд ООО,0.7,,1709.0,,180.0,0,0,0
3654,Текила Класе Азул Репосадо 0.7л п/у,АИ1306,АСТ-интернэшнл инваэронмэнт,0.7,ПИ,30087.55,,3.0,0,3.0,0
3655,Текила Ла Эскондида Бланко 0.7л п/у,ЛД1858,Ладога Дистрибьюшен,0.7,,5907.2,,12.0,0,12.0,0
3656,Херенсия де Плата Аньехо 0.05л Текила,ОМ315,ТОРГОВЫЙ ДОМ АРОМА,0.05,,616.95,,9.0,0,9.0,0
3659,Текила Хосе Куэрво 1800 Аньехо 0.75л.,АИ953,АСТ-интернэшнл инваэронмэнт,0.75,ПИ,3389.63,,7.0,0,7.0,0
3660,Текила Хосе Куэрво 1800 Репосадо 40% 0.75л,АИ1022,АСТ-интернэшнл инваэронмэнт,0.75,ПИ,2975.81,,11.0,0,11.0,0
3662,Хэд оф Альфредо Гарсиа Голд текила 0.7л,ЛД1568,Ладога Дистрибьюшен,0.7,,2296.0,,35.0,0,35.0,0
3663,Хэд оф Альфредо Гарсиа Сильвер текила 0.7л,ЛД1489А,Ладога Дистрибьюшен,0.7,,2283.15,,9.0,0,9.0,0
3666,Дон Эрнесто с Текилой Серебро коктейль 0.5л,ЛУ093,ЛУДИНГ ООО,0.5,,868.43,,6.0,0,6.0,0
3669,Херес Барбадийо Амонтильядо ликерное 0.75л,АИ1178,АСТ-интернэшнл инваэронмэнт,0.75,,2311.34,,4.0,0,4.0,0
3670,Херес Барбадийо Педро Хименес 0.75л,АИ245А,АСТ-интернэшнл инваэронмэнт,0.75,,3095.82,,5.0,0,5.0,0
3671,Херес Барбадийо Фино ликерное 0.75л,АИ1179,АСТ-интернэшнл инваэронмэнт,0.75,,2311.34,,6.0,0,6.0,0
3674,Чача выдержаная серия Ахсар Иронсан 0.5л,ПВ360,ПРЕМЬЕР-ВИН,0.5,,956.28,,12.0,0,12.0,0
3675,Чача серия Ахсар Иронсан 0.5л,ПВ359,ПРЕМЬЕР-ВИН,0.5,,946.29,,12.0,0,12.0,0
3678,Вдова Клико Розе брют 0.75л п/у,ТЛ380,Ритейл Логистик ООО,0.75,ПИ,8048.85,,3.0,0,3.0,0
3679,Вдова Клико Розе брют 0.75л п/у,ТЛ380Г,Ритейл Логистик ООО,0.75,ПИ,8048.85,,1.0,0,1.0,0
3681,"Карбон белое брют 0,75л",ДМ313,Денвью Лимитэд АО,0.75,,36279.75,,1.0,0,1.0,0
3682,"Карбон Розе 0,75л",ДМ314,Денвью Лимитэд АО,0.75,,43535.7,,1.0,0,1.0,0
3684,"Вино игристое брют белое Моэт и Шандон Империаль 0,75л п/у",ДА174П,Компания Даско-Трейд ООО,0.75,ПИ,6106.5,,24.0,0,24.0,0
3685,Моэт и Шандон Империаль белое брют 0.75л п/у,ТЛ403,Ритейл Логистик ООО,0.75,,5748.85,,48.0,0,48.0,0
3686,Моэт и Шандон Нектар Империал белое полусухое 0.75л п/у,ТЛ394,Ритейл Логистик ООО,0.75,ПИ,6496.35,,6.0,0,6.0,0
3687,Моэт и Шандон Розе Империаль брют розовое 0.75л п/у,АИ835А,АСТ-интернэшнл инваэронмэнт,0.75,ПИ,10330.4,,4.0,0,4.0,0
3690,Новый Свет Алиготе шампанское белое экстра брют 0.75л,ИН114,ВИННЫЙ ДОМ ИНКЕРМАН ООО,0.75,,1368.84,,24.0,0,24.0,0
3691,Новый Свет Блан де Нуар коллекционное шампанское белое экстра брют 0.75л,ИН115,ВИННЫЙ ДОМ ИНКЕРМАН ООО,0.75,,2810.88,,14.0,0,14.0,0
3692,Новый Свет Каберне розовое брют 0.75л,ИН130,ВИННЫЙ ДОМ ИНКЕРМАН ООО,0.75,,2003.24,,6.0,0,6.0,0
3693,Новый Свет Кокур шампанское белое экстра брют 0.75л,ИН113,ВИННЫЙ ДОМ ИНКЕРМАН ООО,0.75,,1356.64,,20.0,0,20.0,0
3694,Новый Свет коллекционное экстра брют белое 0.75л,ИН137,ВИННЫЙ ДОМ ИНКЕРМАН ООО,0.75,,1129.72,,7.0,0,7.0,0
3695,Новый Свет Кюве коллекционное шампанское белое экстра брют 0.75л,ИН072,ВИННЫЙ ДОМ ИНКЕРМАН ООО,0.75,,1499.38,,7.0,0,7.0,0
3696,Новый Свет розовое полусладкое шампанское 0.375л,ИН124,ВИННЫЙ ДОМ ИНКЕРМАН ООО,0.375,,664.9,,20.0,0,20.0,0
3697,"Новый Свет Шардоне коллекционное брют бел 0,75",ИН129,ВИННЫЙ ДОМ ИНКЕРМАН ООО,0.75,,2810.88,,13.0,0,13.0,0
3698,"Новый свет. Пино Нуар коллекционное брют роз 0,75",ИН070,ВИННЫЙ ДОМ ИНКЕРМАН ООО,0.75,,1872.7,,21.0,0,21.0,0
3699,Черный принц шампанское белое экстра брют 0.75л,АК077,Золотая Балка ТД ООО,0.75,,2767.5,,4.0,0,4.0,0
3701,Рюинар Розе розовое брют 0.75л п/у (Вторая кожа),ЛИ106,ЛВК & Логистик ООО,0.75,ПИ,12247.5,,5.0,0,5.0,0
3702,Шампанское Рюинар брют белое 0.75л,ТЛ341,Ритейл Логистик ООО,0.75,ПИ,9071.2,,12.0,0,12.0,0
3704,Альто-Адидже Гирлан Траттманн Пино Нуар Ризерва красное сухое 0.75л.,ЛД1612,Ладога Дистрибьюшен,0.75,,6730.35,,5.0,0,5.0,0
3705,Шампань Арло Брют Гран Кюве Премье Крю белое брют п/у  0.75л,ЛД1866,Ладога Дистрибьюшен,0.75,,9188.8,,9.0,0,9.0,0
3707,Абрау Виноград Зеро со вкусом Траминер б/а сильногаз 0.375л,АБ190,Абрау-Дюрсо,0.375,,193.94,,48.0,0,48.0,0
3708,Абрау Лайт Зеро сильногаз белый 0.75л,АБ197,Абрау-Дюрсо,0.75,,411.43,,16.0,0,16.0,0
3710,"Напиток безалкогольный Коносьер Тоник 0,2л стекло",НС799,НЕСКО САНКТ-ПЕТЕРБУРГ ЗАО,0.2,,479.88,,12.0,0,12.0,0
3712,Недра газированная вода 0.75л,АИ1268Е,АСТ-интернэшнл инваэронмэнт,0.75,,267.44,,170.0,0,170.0,0
3713,Недра негазированная вода 0.75л,АИ1269Е,АСТ-интернэшнл инваэронмэнт,0.75,,267.44,,360.0,0,354.0,0
3714,Тассай EMERALD газ стекло 0.75л,ФК013,Постнофф и Ко,0.75,,284.24,,24.0,0,24.0,0
3715,Тассай EMERALD газ стекло 0.75л,ФК013Е,Постнофф и Ко,0.75,,284.24,,3.0,0,3.0,0
3716,Тассай EXCELLENT негаз стекло 0.75л,ФК012,Постнофф и Ко,0.75,,285.06,,36.0,0,36.0,0
3717,Тассай газ пэт 0.5л,ФК005,Постнофф и Ко,0.5,,47.74,,1368.0,0,1368.0,0
3718,Тассай газ пэт 1.0л,ФК047,Постнофф и Ко,1,,67.65,,36.0,0,36.0,0
3719,Тассай газ пэт 1.5л,ФК010,Постнофф и Ко,1.5,,88.72,,474.0,0,474.0,0
3720,Тассай газ пэт 1.5л,ФК010Е,Постнофф и Ко,1.5,,88.72,,40.0,0,40.0,0
3721,Тассай газ стекло 0.25л,ФК020,Постнофф и Ко,0.25,,69.61,,84.0,0,84.0,0
3722,Тассай газ стекло 0.5л,ФК001,Постнофф и Ко,0.5,,93.31,,156.0,0,156.0,0
3723,Тассай негаз пэт 0.5л,ФК003,Постнофф и Ко,0.5,,47.74,,1140.0,0,1140.0,0
3724,Тассай негаз пэт 0.5л,ФК003Е,Постнофф и Ко,0.5,,47.74,,12.0,0,12.0,0
3725,Тассай негаз пэт 1.0л,ФК048,Постнофф и Ко,1.5,,67.65,,36.0,0,36.0,0
3726,Тассай негаз пэт 1.5л,ФК011,Постнофф и Ко,1.5,,88.72,,144.0,12.0,144.0,0
3727,Тассай негаз стекло 0.25л,ФК015,Постнофф и Ко,0.25,,69.61,,300.0,0,300.0,0
3728,Тассай негаз стекло 0.5л,ФК002,Постнофф и Ко,0.5,,93.31,,300.0,0,300.0,0
3729,Тассай Премиум газ стекло 0.75л,ФК031,Постнофф и Ко,0.75,,164.04,,168.0,0,168.0,0
3730,Тассай Премиум негаз стекло 0.75л,ФК032,Постнофф и Ко,0.75,,164.04,,366.0,0,366.0,0
3731,Тассай Премиум негаз стекло 0.75л,ФК032Е,Постнофф и Ко,0.75,,164.04,,11.0,0,11.0,0
3732,Тассай со вкусом лимона негазиров 0.5л ПЭТ,ФК038,Постнофф и Ко,0.5,,57.63,,337.0,0,337.0,0
3733,Тассай со вкусом лимона среднегаз 0.5л ПЭТ,ФК037,Постнофф и Ко,0.5,,57.63,,324.0,0,324.0,0
3735,"Шамбала ПЭТ 0,585л НЕГАЗ.вода минеральная природная",ШБ007,Лаки кэпитал ООО,0.585,,85.67,,348.0,0,348.0,0
3736,"Шамбала ПЭТ 1,150л.НЕГАЗ. минеральная природная",ШБ009,Лаки кэпитал ООО,1.15,,157.65,,6.0,0,6.0,0
3738,"Безалкогольное вино Леонард Кроиш Рислинг 0,75л",НС849,НЕСКО САНКТ-ПЕТЕРБУРГ ЗАО,0.75,,1683.0,,6.0,0,6.0,0
3739,"Вино безалкогольное белое Доппио Пассо Альтернатива Бьянко 0,75л",УА003,Уайт Групп ООО,0.75,,1856.75,,4.0,0,4.0,0
3740,"Вино безалкогольное красное Доппио Пассо Альтернатива Россо 0,75л",УА002,Уайт Групп ООО,0.75,,1856.75,,7.0,0,7.0,0
3741,"Вино игристое безалкогольное Дайнхард Грин Лейбл белое полусладкое Рислинг 0,75 л.",БТ139,Браво Трейд ООО,0.75,,1169.94,,318.0,0,318.0,0
3743,"Безалкогольное игристое вино ЭЙЧ Барселона 0,75л",НС847,НЕСКО САНКТ-ПЕТЕРБУРГ ЗАО,0.75,,2043.1,,28.0,0,28.0,0
3744,"Вино безалкогольное белое полусухое Мучо Мас 0,75л",БТ174,Браво Трейд ООО,0.75,,1321.72,,9.0,0,9.0,0
3747,Вишня Люксардо Мараскино 3кг м/б,УМ073А,РЕГИОН 50,3,,9338.69,,4.0,0,4.0,0
3748,Вишня Люксардо Мараскино 400 г,УМ067А,РЕГИОН 50,0.4,,1898.07,,2.0,0,2.0,0
3749,Кодорню Зеро безалкогольное игристое  вино белое 0.75л,ФР157,Форт Виноторговая компания,0.75,,2448.68,,19.0,0,19.0,0
3750,Кодорню Зеро Гарнача безалк красное вино негазирован 0.75л,ФР158,Форт Виноторговая компания,0.75,,1781.77,995.0,6.0,0,6.0,0
3751,Кодорню Зеро Розе безалкогольное игристое вино розовое  0.75л,ФР159,Форт Виноторговая компания,0.75,,2448.68,,3.0,0,3.0,0
3752,Левитейшн Зеро безалк белое полусладкое вино 0.75л,ВШ085Е,ВИЛАШ-КШВ ООО,0.75,,630.42,,60.0,0,60.0,0
3753,Левитейшн Зеро безалк красное полусухое вино 0.75л,ВШ086Е,ВИЛАШ-КШВ ООО,0.75,,630.42,,60.0,0,60.0,0
3756,Лайт.Хаус Вайт 0.5% безалкогольное вино 0.75л,ПВ020,ПРЕМЬЕР-ВИН,0.75,,839.66,,27.0,0,27.0,0
3757,Лайт.Хаус Каберне Совиньон 0.5% безалкогольное вино  0.75л,ПВ200,ПРЕМЬЕР-ВИН,0.75,,890.98,,120.0,0,120.0,0
3758,Лайт.Хаус Ред 0.5% безалкогольное вино  0.75л,ПВ021,ПРЕМЬЕР-ВИН,0.75,,813.01,,48.0,0,48.0,0
3759,Лайт.Хаус Розе 0.5% безалкогольное вино  0.75л,ПВ201,ПРЕМЬЕР-ВИН,0.75,,839.66,,34.0,0,34.0,0
3760,Лайт.Хаус Совиньон Блан 0.5% безалкогольное вино  0.75л,ПВ202,ПРЕМЬЕР-ВИН,0.75,,890.98,,59.0,0,59.0,0
3761,Лайт.Хаус Спарклинг 0.5% безалкогольное игристое вино  0.75л,ПВ203,ПРЕМЬЕР-ВИН,0.75,,929.63,,179.0,0,179.0,0
3762,"Напиток безалкогольный негазированный ""Вино безалкогольное белое ЭнджОй ит Шардоне"" 0,75л",ВЕ211,Вериго ООО,0.75,,1014.0,,9.0,0,9.0,0
3763,"Напиток безалкогольный негазированный ""Вино безалкогольное красное Бон Вояж Каберне Совиньон"" 0,75л",ВЕ202,Вериго ООО,0.75,,1144.29,,6.0,0,6.0,0
3764,"Напиток безалкогольный негазированный ""Вино безалкогольное красное ЭнджОй ит Мерло"" 0,75л",ВЕ210,Вериго ООО,0.75,,1014.0,,10.0,0,10.0,0
3765,"Напиток безалкогольный сильногазированный ""Вино безалкогольное розовое Бон Вояж Пино Нуар"" 0,75л",ВЕ200,Вериго ООО,0.75,,1144.29,,15.0,0,15.0,0
3767,Кока Кола 0.33 стекло,ГГ003,ГРОГ ООО,0.33,,91.53,,-1.0,1.0,-1.0,0
3769,Джамбо Ориджинаэл Тоник Вотер пэт 1.0л,ФК004,Постнофф и Ко,1,,118.22,,0,1.0,0,0
3771,Напиток Спарклинг Хаус Зеленый чай жасмин 0.33л ж/б,ЮЗ022Е,Союз-Вино,0.35,,155.16,,168.0,0,168.0,0
3772,Напиток Спарклинг Хаус Зеленый чай каламанси 0.33л ж/б,ЮЗ025Е,Союз-Вино,0.33,,155.16,,144.0,0,144.0,0
3773,Напиток Спарклинг Хаус Зеленый чай матча 0.33л ж/б,ЮЗ023Е,Союз-Вино,0.33,,155.16,,168.0,0,168.0,0
3774,Напиток Спарклинг Хаус Зеленый чай цветки вишни 0.33л ж/б,ЮЗ026Е,Союз-Вино,0.33,,155.16,,168.0,0,168.0,0
3775,Напиток Спарклинг Хаус Зеленый чай черника 0.33л ж/б,ЮЗ027Е,Союз-Вино,0.33,,155.16,,168.0,0,168.0,0
3777,БАРРИСТЕР ТОНИК ДРАЙ 0.33л,ЛД1346,Ладога Дистрибьюшен,0.33,,139.5,,276.0,0,276.0,0
3778,БАРРИСТЕР ТОНИК ИМБИРЬ 0.33л,ЛД1347,Ладога Дистрибьюшен,0.33,,139.5,,30.0,0,30.0,0
3779,БАРРИСТЕР ТОНИК КЛАССИК 0.33л,ЛД1348,Ладога Дистрибьюшен,0.33,,139.5,,399.0,0,399.0,0
3782,РЕД БУЛЛ 0.25л,РБ004Е,Торговая Компания МЕГАПОЛИС,0.25,,129.61,,3920.0,0,3920.0,0
3783,РЕД БУЛЛ 0.25л,РБ004,Торговая Компания МЕГАПОЛИС,0.25,,129.61,,-1.0,0,0,-1.0
3784,РЕД БУЛЛ Blue Edition 0.25л,РБ005Е,Торговая Компания МЕГАПОЛИС,0.25,,129.61,,504.0,0,504.0,0
3785,РЕД БУЛЛ The Red Edition со вкусом арбуза 0.25л,РБ016Е,Торговая Компания МЕГАПОЛИС,0.25,,129.61,,2062.0,0,2062.0,0
3786,Ред Булл Tropical Edition 0.25л,РБ003Е,Торговая Компания МЕГАПОЛИС,0.25,,129.61,,336.0,0,336.0,0
3787,Ред Булл Tropical Edition 0.25л,РБ003,Торговая Компания МЕГАПОЛИС,0.25,,129.61,,12.0,0,12.0,0
3789,РЕД БУЛЛ без сахара 0.25л,РБ010Е,Торговая Компания МЕГАПОЛИС,0.25,,129.61,,876.0,0,876.0,0
3790,Ред Булл большая банка 0.355л.,РБ009Е,Торговая Компания МЕГАПОЛИС,0.355,,172.02,,1549.0,0,1549.0,0
3791,Ред Булл большая банка 0.473л.,РБ008Е,Торговая Компания МЕГАПОЛИС,0.473,,226.0,,1476.0,0,1476.0,0
3792,Ред Булл Ирга Sea Blue Edition 0.25л,РБ021Е,Торговая Компания МЕГАПОЛИС,0.25,,129.61,,432.0,0,432.0,0
3794,Тассай Энерджи 0.45л ж/б,ФК044,Постнофф и Ко,0.45,,92.42,,192.0,0,192.0,0
3795,Тассай Энерджи Гранат 0.45л ж/б,ФК045,Постнофф и Ко,0.45,,92.42,,312.0,0,312.0,0
3797,"Безалкогольное Полусладкое-Виноградный нектар 0,75л",ВГ302,,0.75,,314.8,,48.0,0,48.0,0
3798,"Безалкогольный напиток САНТО СТЕФАНО РОССО сильногазированный 0,75",ЕАГ021,ЕАГ Трейд ООО,0.75,,322.79,,1330.0,0,1330.0,0
3800,Зе Гарденист Березовый Тоник 200 мл.,ГР003,Аква Спиритс ООО,0.2,,153.0,,24.0,0,24.0,0
3801,Зе Гарденист Сакура Тоник 200 мл.,ГР012,Аква Спиритс ООО,0.2,,153.0,,6.0,0,6.0,0
3803,"Напиток безалк. Dry Sparkling Wine (Сухое игр. вино) газ. с соком 0,2л. Стекло",ДН057,ДРИНКСОМ ООО,0.2,,163.06,,0,40.0,0,0
3808,Ла Петит Перле безалк белое полусладкое 0.25л бан,ЮЗ020Е,Союз-Вино,0.25,,206.83,,24.0,0,24.0,0
3809,Ла Петит Перле безалк красное полусладкое 0.25л бан,ЮЗ021Е,Союз-Вино,0.25,,206.83,,48.0,0,48.0,0
3810,Ла Петит Перле безалк розовое полусладкое 0.25л бан,ЮЗ019Е,Союз-Вино,0.25,,206.83,,48.0,0,48.0,0
3811,"Напитки, энергетики, Лит Энерджи 0,45*12 жб Оригинал (белый)",ОН065,Прометей,0.45,,121.2,,191.0,0,191.0,0
3812,"Напиток газированный ДУДОЛИ Виноградно-Грушевый 0,75 пленка",ВГ303,,0.75,,253.01,,58.0,0,58.0,0
3813,"Напиток газированный ДУДОЛИ Яблочно-Барбарисовый 0,75 пленка",ВГ304,,0.75,,253.01,,22.0,0,22.0,0
3814,Селебритис Зеро Спарклинг безалк газир полусухой 0.75л,АИ1382,АСТ-интернэшнл инваэронмэнт,0.75,,1205.28,,9.0,0,9.0,0
3816,"Вино безалкогольное игристое Опиа Шардоне  белое полусухое 0,75л",НС573,НЕСКО САНКТ-ПЕТЕРБУРГ ЗАО,0.75,,1051.81,,33.0,0,33.0,0
3817,"Вино безалкогольное Опиа Каберне Совиньон красное полусухое 0,75л",НС571,НЕСКО САНКТ-ПЕТЕРБУРГ ЗАО,0.75,,1051.81,,17.0,0,17.0,0
3818,"Вино безалкогольное Опиа Шардоне белое полусухое 0,75л",НС572,НЕСКО САНКТ-ПЕТЕРБУРГ ЗАО,0.75,,1051.81,,1.0,0,1.0,0
3819,Эрнст Людвиг Рислинг безалкогольное вино негазирован 0.75л,ФР160,Форт Виноторговая компания,0.75,,1483.15,830.0,3.0,2.0,3.0,0
3823,"Оливки фарш. Васаби, Bernal, ж/б, 292 (120г)",КН028,Кавина,0.12,,207.25,,8.0,0,8.0,0
3824,"Перчик GUINDILLAS острый, BERNAL, 300 г (110 г)",КН108,Кавина,0.11,,249.07,,20.0,0,20.0,0
